Player,Span,Mat,Inns,Overs,Runs,Wkts,Ave,Econ,SR,5
M Muralitharan (Asia/ICC/SL),1993-2011,350,341,3135.1,12326,534,23.08,3.93,35.2,10
Wasim Akram (PAK),1984-2003,356,351,3031,11812,502,23.52,3.89,36.2,6
Waqar Younis (PAK),1989-2003,262,258,2116.2,9919,416,23.84,4.68,30.5,13
WPUJC Vaas (Asia/SL),1994-2008,322,320,2629.1,11014,400,27.53,4.18,39.4,4
Shahid Afridi (Asia/ICC/PAK),1996-2015,398,372,2945,13632,395,34.51,4.62,44.7,9
SM Pollock (Afr/ICC/SA),1996-2008,303,297,2618.4,9631,393,24.5,3.67,39.9,5
GD McGrath (AUS/ICC),1993-2007,250,248,2161.4,8391,381,22.02,3.88,34,7
B Lee (AUS),2000-2012,221,217,1864.1,8877,380,23.36,4.76,29.4,9
SL Malinga (SL),2004-2019,226,220,1822.4,9760,338,28.87,5.35,32.3,8
A Kumble (Asia/INDIA),1990-2007,271,265,2416,10412,337,30.89,4.3,43,2
ST Jayasuriya (Asia/SL),1989-2011,445,368,2479,11871,323,36.75,4.78,46,4
J Srinath (INDIA),1991-2003,229,227,1989.1,8847,315,28.08,4.44,37.8,3
DL Vettori (ICC/NZ),1997-2015,295,277,2343.2,9674,305,31.71,4.12,46,2
SK Warne (AUS/ICC),1993-2005,194,191,1773.4,7541,293,25.73,4.25,36.3,1
AB Agarkar (INDIA),1998-2007,191,188,1580.4,8021,288,27.85,5.07,32.9,2
Saqlain Mushtaq (PAK),1995-2003,169,165,1461.4,6275,288,21.78,4.29,30.4,6
Z Khan (Asia/INDIA),2000-2012,200,197,1682.5,8301,282,29.43,4.93,35.8,1
JH Kallis (Afr/ICC/SA),1996-2014,328,283,1791.4,8680,273,31.79,4.84,39.3,2
AA Donald (SA),1991-2003,164,162,1426.5,5926,272,21.78,4.15,31.4,2
Abdul Razzaq (Asia/PAK),1996-2011,265,254,1823.3,8564,269,31.83,4.69,40.6,3
JM Anderson (ENG),2002-2015,194,191,1597.2,7861,269,29.22,4.92,35.6,2
Harbhajan Singh (Asia/INDIA),1998-2015,236,227,2079.5,8973,269,33.35,4.31,46.3,3
Mashrafe Mortaza (Asia/BDESH),2001-2019,217,217,1798.1,8759,266,32.92,4.87,40.5,1
M Ntini (ICC/SA),1998-2009,173,171,1447.5,6559,266,24.65,4.53,32.6,4
Shakib Al Hasan (BDESH),2006-2019,206,203,1752.5,7857,260,30.21,4.48,40.4,2
N Kapil Dev (INDIA),1978-1994,225,221,1867,6945,253,27.45,3.71,44.2,1
Shoaib Akhtar (Asia/ICC/PAK),1998-2011,163,162,1294,6169,247,24.97,4.76,31.4,4
KD Mills (NZ),2001-2015,170,169,1371.4,6485,240,27.02,4.72,34.2,1
MG Johnson (AUS),2005-2015,153,150,1248.1,6038,239,25.26,4.83,31.3,3
HH Streak (Afr/ZIM),1993-2005,189,185,1578,7129,239,29.82,4.51,39.6,1
D Gough (ENG/ICC),1994-2006,159,156,1411.4,6209,235,26.42,4.39,36,2
CA Walsh (WI),1985-2000,205,204,1803.4,6918,227,30.47,3.83,47.6,1
CEL Ambrose (WI),1988-2000,176,175,1558.5,5429,225,24.12,3.48,41.5,4
Abdur Razzak (BDESH),2004-2014,153,152,1327.3,6065,207,29.29,4.56,38.4,4
CZ Harris (NZ),1990-2004,250,232,1777.5,7613,203,37.5,4.28,52.5,1
CJ McDermott (AUS),1985-1996,138,138,1243.3,5018,203,24.71,4.03,36.7,1
CL Cairns (ICC/NZ),1991-2006,215,186,1361.2,6594,201,32.8,4.84,40.6,1
DJ Bravo (WI),2004-2014,164,150,1085.1,5874,199,29.51,5.41,32.7,1
KMDN Kulasekara (SL),2003-2017,184,181,1377.1,6751,199,33.92,4.9,41.5,1
BKV Prasad (INDIA),1994-2001,161,160,1354.5,6332,196,32.3,4.67,41.4,1
DW Steyn (Afr/SA),2005-2019,125,124,1042.4,5087,196,25.95,4.87,31.9,3
SR Waugh (AUS),1986-2002,325,207,1480.3,6761,195,34.67,4.56,45.5,0
CL Hooper (WI),1987-2003,227,203,1595.3,6958,193,36.05,4.36,49.6,0
L Klusener (SA),1996-2004,171,164,1222.4,5751,192,29.95,4.7,38.2,6
M Morkel (Afr/SA),2007-2018,117,114,960,4761,188,25.32,4.95,30.6,2
CRD Fernando (Asia/SL),2001-2012,147,141,1084.3,5648,187,30.2,5.2,34.7,1
TG Southee (NZ),2008-2019,140,138,1170.1,6373,186,34.26,5.44,37.7,3
Saeed Ajmal (PAK),2008-2015,113,112,1000,4182,184,22.72,4.18,32.6,2
Aaqib Javed (PAK),1988-1998,163,159,1335.2,5721,182,31.43,4.28,44,4
Imran Khan (PAK),1974-1992,175,153,1243.3,4844,182,26.61,3.89,40.9,1
RA Jadeja (INDIA),2009-2019,159,155,1338.1,6552,181,36.19,4.89,44.3,1
Umar Gul (PAK),2003-2016,130,128,1010.4,5253,179,29.34,5.19,33.8,2
SCJ Broad (ENG),2006-2016,121,121,1018.1,5364,178,30.13,5.26,34.3,1
NW Bracken (AUS),2001-2009,116,116,959.5,4240,174,24.36,4.41,33,2
Imran Tahir (SA),2011-2019,107,104,923.3,4297,173,24.83,4.65,32,3
JDP Oram (NZ),2001-2012,160,154,1151.5,5047,173,29.17,4.38,39.9,2
IK Pathan (INDIA),2004-2012,120,118,975.5,5142,173,29.72,5.26,33.8,2
MA Starc (AUS),2010-2019,85,85,719.1,3611,172,20.99,5.02,25,7
NLTC Perera (SL),2009-2019,161,152,951.5,5556,171,32.49,5.83,33.3,4
A Flintoff (ENG/ICC),1999-2009,141,119,937.2,4121,169,24.38,4.39,33.2,2
SR Watson (AUS),2002-2015,190,163,1077.4,5342,168,31.79,4.95,38.4,0
CH Gayle (ICC/WI),1999-2019,301,199,1237.2,5926,167,35.48,4.78,44.4,1
TA Boult (NZ),2012-2019,89,89,814,4111,164,25.06,5.05,29.7,5
Mushtaq Ahmed (PAK),1989-2003,144,142,1257.1,5361,161,33.29,4.26,46.8,1
Sir RJ Hadlee (NZ),1973-1990,115,112,1030.2,3407,158,21.56,3.3,39.1,5
Shoaib Malik (PAK),1999-2019,287,217,1326.2,6192,158,39.18,4.66,50.3,0
MD Marshall (WI),1980-1992,136,134,1195.5,4233,157,26.96,3.53,45.7,0
A Nehra (Asia/INDIA),2001-2011,120,120,958.3,4981,157,31.72,5.19,36.6,2
M Prabhakar (INDIA),1984-1996,130,127,1060,4534,157,28.87,4.27,40.5,2
GB Hogg (AUS),1996-2008,123,113,927.2,4188,156,26.84,4.51,35.6,2
SR Tendulkar (INDIA),1989-2012,463,270,1342.2,6850,154,44.48,5.1,52.2,2
BAW Mendis (SL),2008-2015,87,84,692.2,3324,152,21.86,4.8,27.3,3
UDU Chandana (SL),1994-2007,147,136,1023.4,4818,151,31.9,4.7,40.6,1
R Ashwin (INDIA),2010-2017,111,109,1003.3,4937,150,32.91,4.91,40.1,0
SE Bond (NZ),2002-2010,82,80,715.5,3070,147,20.88,4.28,29.2,4
J Garner (WI),1977-1987,98,98,888.2,2752,146,18.84,3.09,36.5,3
IT Botham (ENG),1976-1992,116,115,1045.1,4139,145,28.54,3.96,43.2,0
TM Odoyo (Afr/KENYA),1996-2014,136,129,941.3,4335,145,29.89,4.6,38.9,0
AU Rashid (ENG),2009-2019,99,93,808.3,4547,143,31.79,5.62,33.9,2
JN Gillespie (AUS),1996-2005,97,96,857.2,3611,142,25.42,4.21,36.2,3
MA Holding (WI),1976-1987,102,102,912.1,3034,142,21.36,3.32,38.5,1
CR Woakes (ENG),2011-2019,99,95,773,4327,142,30.47,5.59,32.6,3
EJ Chatfield (NZ),1979-1989,114,112,1010.5,3618,140,25.84,3.57,43.3,1
Mohammad Hafeez (PAK),2003-2019,218,177,1288.5,5400,139,38.84,4.18,55.6,0
HDPK Dharmasena (SL),1994-2004,141,134,1168.1,4998,138,36.21,4.27,50.7,0
SB Styris (NZ),1999-2011,188,161,1019,4839,137,35.32,4.74,44.6,1
Mohammed Shami (INDIA),2013-2019,73,72,618.1,3400,136,25,5.5,27.2,1
MF Maharoof (SL),2004-2016,109,105,773.2,3789,135,28.06,4.89,34.3,2
LE Plunkett (ENG),2005-2019,89,87,689.3,4010,135,29.7,5.81,30.6,1
DW Fleming (AUS),1994-2001,88,88,769.5,3402,134,25.38,4.41,34.4,1
JO Holder (WI),2013-2019,112,108,863.1,4777,133,35.91,5.53,38.9,2
Rashid Khan (AFG),2015-2019,71,67,593,2467,133,18.54,4.16,26.7,4
A Symonds (AUS),1998-2009,198,158,989.1,4955,133,37.25,5,44.6,1
P Utseya (ZIM),2004-2015,164,160,1428.3,6239,133,46.9,4.36,64.4,1
Abdul Qadir (PAK),1983-1993,104,100,850,3454,132,26.16,4.06,38.6,2
B Kumar (INDIA),2012-2019,114,113,908.3,4568,132,34.6,5.02,41.2,1
M Dillon (WI),1997-2005,108,107,913.2,4218,130,32.44,4.61,42.1,3
Mohammad Nabi (AFG),2009-2019,124,120,986.3,4231,130,32.54,4.28,45.5,0
RJ Shastri (INDIA),1981-1992,150,136,1102.1,4650,129,36.04,4.21,51.2,1
JE Taylor (WI),2003-2017,90,88,723.3,3780,128,29.53,5.22,33.9,1
DK Morrison (NZ),1987-1996,96,95,764.2,3470,126,27.53,4.53,36.3,2
Rubel Hossain (BDESH),2009-2019,101,99,756.4,4300,126,34.12,5.68,36,1
Mohammad Rafique (Asia/BDESH),1995-2007,125,124,1069,4739,125,37.91,4.43,51.3,1
KAJ Roach (WI),2008-2019,92,90,743.1,3763,124,30.34,5.06,35.9,3
Azhar Mahmood (PAK),1996-2007,143,139,1040.2,4813,123,39.13,4.62,50.7,3
Mohammad Sami (PAK),2001-2015,87,85,714,3567,121,29.47,4.99,35.4,1
AG Cremer (ZIM),2009-2018,96,95,780,3597,119,30.22,4.61,39.3,3
IR Bishop (WI),1988-1997,84,83,722,3127,118,26.5,4.33,36.7,2
IVA Richards (WI),1975-1991,187,131,940.4,4228,118,35.83,4.49,47.8,2
K Rabada (SA),2015-2019,75,73,640.2,3199,117,27.34,4.99,32.8,1
R Rampaul (WI),2003-2015,92,88,672.1,3434,117,29.35,5.1,34.4,2
Dawlat Zadran (AFG),2011-2019,82,80,628.1,3423,115,29.76,5.44,32.7,0
PAJ DeFreitas (ENG),1987-1997,103,103,952,3775,115,32.82,3.96,49.6,0
AD Mathews (SL),2008-2019,214,155,847.1,3907,115,33.97,4.61,44.2,1
I Sharma (INDIA),2007-2016,80,78,622.1,3563,115,30.98,5.72,32.4,0
Wahab Riaz (PAK),2008-2019,89,88,701.3,4011,115,34.87,5.71,36.6,1
WJ Cronje (SA),1992-2000,188,153,892.5,3966,114,34.78,4.44,46.9,1
MC Snedden (NZ),1980-1990,93,90,754.1,3237,114,28.39,4.29,39.6,0
GR Larsen (NZ),1990-1999,121,119,1061.2,4000,113,35.39,3.76,56.3,0
KJ O'Brien (IRE),2006-2019,142,113,704,3672,113,32.49,5.21,37.3,0
PD Collingwood (ENG),2001-2011,197,151,864.2,4294,111,38.68,4.96,46.7,1
Mudassar Nazar (PAK),1977-1989,122,104,809.1,3432,111,30.91,4.24,43.7,1
Yuvraj Singh (Asia/INDIA),2000-2017,304,161,841.2,4294,111,38.68,5.1,45.4,1
Junaid Khan (PAK),2011-2019,76,76,600.1,3216,110,29.23,5.35,32.7,0
Naved-ul-Hasan (PAK),2003-2010,74,72,577.4,3221,110,29.28,5.57,31.5,1
DR Tuffey (NZ),2000-2010,94,92,722.1,3534,110,32.12,4.89,39.3,0
TT Bresnan (ENG),2006-2015,85,84,703.3,3813,109,34.98,5.42,38.7,1
GP Wickramasinghe (SL),1990-2002,134,132,953.2,4321,109,39.64,4.53,52.4,0
SP O'Donnell (AUS),1985-1991,87,87,725,3102,108,28.72,4.27,40.2,1
DNT Zoysa (SL),1997-2007,95,93,709.5,3213,108,29.75,4.52,39.4,1
RAS Lakmal (SL),2009-2019,85,83,637.2,3478,107,32.5,5.45,35.7,0
Mustafizur Rahman (BDESH),2015-2019,56,55,468.5,2458,107,22.97,5.24,26.2,5
PA de Silva (SL),1984-2003,308,156,858,4177,106,39.4,4.86,48.5,0
TM Dilshan (SL),1999-2016,330,204,980,4778,106,45.07,4.87,55.4,0
A Nel (SA),2001-2008,79,76,633.3,2935,106,27.68,4.63,35.8,1
PR Reiffel (AUS),1992-1999,92,92,788.4,3096,106,29.2,3.92,44.6,0
UT Yadav (INDIA),2010-2018,75,73,593,3565,106,33.63,6.01,33.5,0
GW Flower (ZIM),1992-2010,221,156,910.2,4225,104,40.62,4.64,52.5,0
WB Rankin (ENG/IRE),2007-2019,73,71,600,2893,104,27.81,4.82,34.6,0
GP Swann (ENG),2000-2013,79,76,634.5,2888,104,27.76,4.54,36.6,1
JJ Bumrah (INDIA),2016-2019,58,58,501.3,2254,103,21.88,4.49,29.2,1
DK Lillee (AUS),1972-1983,63,63,598.5,2145,103,20.82,3.58,34.8,1
C Pringle (NZ),1990-1995,64,64,552.2,2459,103,23.87,4.45,32.1,1
ST Finn (ENG),2011-2017,69,67,591.4,2996,102,29.37,5.06,34.8,2
E Chigumbura (Afr/ZIM),2004-2018,213,132,723.1,4274,101,42.31,5.91,42.9,0
WKM Benjamin (WI),1986-1995,85,85,740.2,3079,100,30.79,4.15,44.4,1
SC Ganguly (Asia/INDIA),1992-2007,311,171,760.1,3849,100,38.49,5.06,45.6,2
RA Harper (WI),1983-1996,105,99,862.3,3431,100,34.31,3.97,51.7,0
CK Langeveldt (SA),2001-2010,72,71,581.3,2962,100,29.62,5.09,34.8,2
RW Price (ZIM),2002-2012,102,99,895.4,3575,100,35.75,3.99,53.7,0
NJ Astle (NZ),1995-2007,223,159,808.2,3809,99,38.47,4.71,48.9,0
Kuldeep Yadav (INDIA),2017-2019,56,54,492,2455,99,24.79,4.98,29.8,1
CJ McKay (AUS),2009-2014,59,59,494.1,2364,97,24.37,4.78,30.5,2
PL Taylor (AUS),1987-1992,83,80,656.1,2740,97,28.24,4.17,40.5,0
N Boje (Afr/SA),1995-2005,115,108,756.5,3415,96,35.57,4.51,47.3,1
PJ Cummins (AUS),2011-2019,58,58,505.3,2603,96,27.11,5.14,31.5,1
JP Faulkner (AUS),2013-2017,69,67,535.1,2962,96,30.85,5.53,33.4,0
V Sehwag (Asia/ICC/INDIA),1999-2013,251,146,732,3853,96,40.13,5.26,45.7,0
PA Strang (ZIM),1994-2001,95,89,725.1,3173,96,33.05,4.37,45.3,2
TL Chatara (ZIM),2013-2019,70,70,571.5,2905,95,30.57,5.08,36.1,0
PS de Villiers (SA),1992-1997,83,82,737,2636,95,27.74,3.57,46.5,0
AJ Hall (SA),1999-2007,88,78,556.5,2515,95,26.47,4.51,35.1,1
WD Parnell (SA),2009-2017,65,61,485.1,2738,94,29.12,5.64,30.9,2
SO Tikolo (Afr/KENYA),1996-2014,135,99,669.2,3215,94,34.2,4.8,42.7,0
LL Tsotsobe (SA),2009-2013,61,60,494,2347,94,24.96,4.75,31.5,0
MJ Henry (NZ),2014-2019,52,50,450.3,2437,92,26.48,5.4,29.3,2
SP Narine (WI),2011-2016,65,65,590,2435,92,26.46,4.12,38.4,2
AC Cummins (CAN/WI),1991-2007,76,74,627.5,2877,91,31.61,4.58,41.3,1
CB Mpofu (ZIM),2004-2019,83,82,650,3513,91,38.6,5.4,42.8,1
BP Patterson (WI),1986-1993,59,58,508.2,2206,90,24.51,4.33,33.8,1
BL Cairns (NZ),1974-1985,78,75,669.1,2717,89,30.52,4.06,45.1,1
GH Dockrell (IRE),2010-2019,87,85,705.2,3327,89,37.38,4.71,47.5,0
Saleem Malik (PAK),1982-1999,283,120,584.1,2959,89,33.24,5.06,39.3,1
MN Samuels (WI),2000-2018,207,134,848.3,4127,89,46.37,4.86,57.2,0
TM Alderman (AUS),1981-1991,65,65,561.5,2056,88,23.36,3.65,38.3,2
GF Lawson (AUS),1980-1989,79,79,709.5,2592,88,29.45,3.65,48.3,0
GJ Whittall (ZIM),1993-2003,147,112,676.4,3481,88,39.55,5.14,46.1,0
AME Roberts (WI),1975-1983,56,56,520.3,1771,87,20.35,3.4,35.8,1
MM Patel (INDIA),2006-2011,70,67,525.4,2603,86,30.26,4.95,36.6,0
Aamer Sohail (PAK),1990-2000,156,125,806,3703,85,43.56,4.59,56.8,0
YS Chahal (INDIA),2016-2019,50,49,443.1,2246,85,26.42,5.06,31.2,2
IJ Harvey (AUS),1997-2004,73,70,546.3,2577,85,30.31,4.71,38.5,0
RM Hogg (AUS),1979-1985,71,67,612.5,2418,85,28.44,3.94,43.2,0
JR Ratnayeke (SL),1982-1990,78,76,595.3,2866,85,33.71,4.81,42,0
ME Waugh (AUS),1988-2002,244,120,614.3,2938,85,34.56,4.78,43.3,1
MM Ali (ENG),2014-2019,101,95,775.4,4089,84,48.67,5.27,55.4,0
CD Collymore (WI),1999-2007,84,80,679,2924,83,35.22,4.3,49,1
Mohammad Irfan (PAK),2010-2016,60,60,518.1,2549,83,30.71,4.91,37.4,0
PV Simmons (WI),1987-1999,143,103,646.4,2876,83,34.65,4.44,46.7,0
Hasan Ali (PAK),2016-2019,53,51,424.4,2381,82,29.03,5.6,31,3
MJ McClenaghan (NZ),2013-2016,48,45,389.2,2313,82,28.2,5.94,28.4,1
CG Rackemann (AUS),1983-1991,52,52,465.1,1833,82,22.35,3.94,34,1
JEC Franklin (NZ),2001-2013,110,97,641.2,3354,81,41.4,5.22,47.5,1
Mohammad Amir (PAK),2009-2019,61,60,502.1,2400,81,29.62,4.77,37.1,1
DJG Sammy (WI),2004-2015,126,119,826,3851,81,47.54,4.66,61.1,0
RGD Willis (ENG),1973-1984,64,64,599.1,1968,80,24.6,3.28,44.9,0
CR Matthews (SA),1991-1997,56,55,500.3,1975,79,25,3.94,38,0
A Ranatunga (SL),1982-1999,269,135,785,3757,79,47.55,4.78,59.6,0
AJ Bichel (AUS),1997-2004,67,66,542.5,2463,78,31.57,4.53,41.7,2
IDR Bradshaw (WI),2004-2007,62,62,528.4,2299,78,29.47,4.34,40.6,0
PJ Ongondo (Afr/KENYA),1999-2011,79,79,517,2350,78,30.12,4.54,39.7,1
RMH Binny (INDIA),1980-1987,72,67,492.5,2260,77,29.35,4.58,38.4,0
Iftikhar Anjum (PAK),2004-2010,62,60,493.2,2430,77,31.55,4.92,38.4,1
P Kumar (INDIA),2007-2012,68,67,540.2,2774,77,36.02,5.13,42.1,0
R McLaren (SA),2009-2014,54,51,400.3,2102,77,27.29,5.24,31.2,0
JE Emburey (ENG),1980-1993,61,61,570.5,2346,76,30.86,4.1,45,0
SJ Harmison (ENG),2002-2009,58,57,483.1,2481,76,32.64,5.13,38.1,1
RD King (WI),1998-2005,50,50,433.5,1807,76,23.77,4.16,34.2,0
Mahmudullah (BDESH),2007-2019,185,134,681.4,3527,76,46.4,5.17,53.8,0
RJ Ratnayake (SL),1982-1993,70,70,595.5,2712,76,35.68,4.55,47,1
GB Brent (ZIM),1996-2008,70,69,565,2776,75,37.01,4.91,45.2,0
RJ Peterson (SA),2002-2014,79,74,546.2,2680,75,35.73,4.9,43.7,0
S Sreesanth (INDIA),2005-2011,53,52,412.4,2508,75,33.44,6.07,33,1
HMRKB Herath (SL),2004-2015,71,67,540.2,2362,74,31.91,4.37,43.8,0
TJ Murtagh (IRE),2012-2019,58,57,503.2,2290,74,30.94,4.54,40.8,1
W Watson (NZ),1986-1994,61,61,541.5,2247,74,30.36,4.14,43.9,0
AR Border (AUS),1979-1994,273,87,443.3,2071,73,28.36,4.66,36.4,0
RS Kalpage (SL),1992-1999,86,81,660,2975,73,40.75,4.5,54.2,0
S Madan Lal (INDIA),1974-1987,67,64,527.2,2137,73,29.27,4.05,43.3,0
J Botha (Afr/SA),2005-2012,78,75,637.1,2916,72,40.5,4.57,53,0
GS Chappell (AUS),1971-1983,74,67,518,2097,72,29.12,4.04,43.1,2
JR Hazlewood (AUS),2010-2018,44,43,382.2,1811,72,25.15,4.73,31.8,3
PL Symcox (SA),1993-1999,80,80,665.1,2762,72,38.36,4.15,55.4,0
DBL Powell (WI),2002-2009,55,55,475,2239,71,31.53,4.71,40.1,0
Sohail Tanvir (PAK),2007-2014,62,60,491.3,2566,71,36.14,5.22,41.5,1
SC Williams (ZIM),2005-2019,131,107,680,3300,71,46.47,4.85,57.4,0
EA Brandes (ZIM),1987-1999,59,59,471.2,2266,70,32.37,4.8,40.4,2
BM McMillan (SA),1991-1998,78,75,603.5,2589,70,36.98,4.28,51.7,0
NN Odhiambo (KENYA),2006-2014,69,67,468,2585,70,36.92,5.52,40.1,0
AD Russell (WI),2011-2019,56,55,381.4,2229,70,31.84,5.84,32.7,0
BA Stokes (ENG),2011-2019,95,80,485.2,2920,70,41.71,6.01,41.6,1
AR Caddick (ENG),1993-2003,54,53,489.3,1965,69,28.47,4.01,42.5,0
JP Duminy (SA),2004-2019,199,135,585.3,3143,69,45.55,5.36,50.9,0
SB Joshi (INDIA),1996-2001,69,67,564.2,2509,69,36.36,4.44,49,1
MJ Santner (NZ),2015-2019,69,64,513.1,2510,69,36.37,4.89,44.6,1
Shafiul Islam (BDESH),2010-2019,59,59,414.2,2453,69,35.55,5.92,36,0
RP Singh (INDIA),2005-2011,58,57,427.3,2343,69,33.95,5.48,37.1,0
RR Singh (INDIA),1989-2001,136,117,622.2,2985,69,43.26,4.79,54.1,2
CPH Ramanayake (SL),1986-1995,62,62,477.2,2049,68,30.13,4.29,42.1,0
HA Varaiya (KENYA),2006-2014,63,60,491.5,2048,68,30.11,4.16,43.3,0
MA Ealham (ENG),1996-2001,64,62,537.5,2197,67,32.79,4.08,48.1,2
LH Ferguson (NZ),2016-2019,36,36,317,1719,67,25.65,5.42,28.3,1
JR Hopes (AUS),2005-2010,84,75,526.1,2384,67,35.58,4.53,47.1,1
MS Kasprowicz (AUS),1995-2005,43,42,370.5,1674,67,24.98,4.51,33.2,2
Khaled Mahmud (BDESH),1998-2006,77,75,564.1,2865,67,42.76,5.07,50.5,0
C Sharma (INDIA),1983-1994,65,63,472.3,2336,67,34.86,4.94,42.3,0
DT Johnston (IRE),2006-2013,67,63,488.2,2115,66,32.04,4.33,44.3,1
CC Lewis (ENG),1990-1998,53,49,437.3,1942,66,29.42,4.43,39.7,0
Maninder Singh (INDIA),1983-1993,59,57,522.1,2066,66,31.3,3.95,47.4,0
T Panyangara (ZIM),2004-2016,65,65,540.2,3024,65,46.52,5.59,49.8,0
AL Phehlukwayo (SA),2016-2019,52,50,346.1,1936,65,29.78,5.59,31.9,0
C White (ENG),1994-2003,51,50,394,1726,65,26.55,4.38,36.3,1
A Zampa (AUS),2016-2019,48,48,413.2,2363,65,36.35,5.71,38.1,0
A Mishra (INDIA),2003-2016,36,34,319.3,1511,64,23.6,4.72,29.9,2
DJ Nash (NZ),1992-2002,81,78,569.2,2622,64,40.96,4.6,53.3,0
SM Sharif (SCOT),2011-2019,44,44,354.5,1776,64,27.75,5,33.2,1
AR Cusack (IRE),2007-2015,59,52,325.3,1510,63,23.96,4.63,31,1
NM Hauritz (AUS),2002-2011,58,56,454,2152,63,34.15,4.74,43.2,0
NL McCullum (NZ),2009-2015,84,81,589.2,2956,63,46.92,5.01,56.1,0
Mujeeb Ur Rahman (AFG),2017-2019,40,39,358.5,1414,63,22.44,3.94,34.1,1
AD Mullally (ENG),1996-2001,50,49,449.5,1728,63,27.42,3.84,42.8,0
SLV Raju (INDIA),1990-1996,53,52,461.4,2014,63,31.96,4.36,43.9,0
BA Reid (AUS),1986-1992,61,61,541.4,2203,63,34.96,4.06,51.5,1
Sarfraz Nawaz (PAK),1973-1984,45,45,402,1463,63,23.22,3.63,38.2,0
DE Bollinger (AUS),2009-2011,39,39,323.4,1482,62,23.9,4.57,31.3,2
SW Tait (AUS),2007-2011,35,34,281.2,1461,62,23.56,5.19,27.2,0
DT Hondo (ZIM),2001-2005,56,56,396.5,2171,61,35.59,5.47,39,0
DR Smith (WI),2004-2015,105,73,454.2,2285,61,37.45,5.02,44.6,1
Syed Rasel (BDESH),2005-2010,52,52,442.5,2051,61,33.62,4.63,43.5,0
MA Wood (ENG),2015-2019,51,50,430.5,2385,61,39.09,5.53,42.3,0
CJ Anderson (NZ),2013-2017,49,43,247.3,1502,60,25.03,6.06,24.7,1
FH Edwards (WI),2003-2009,50,49,356.2,1812,60,30.2,5.08,35.6,2
RM Haq (SCOT),2006-2015,54,51,438.5,1975,60,32.91,4.5,43.8,1
JC Tredwell (ENG),2010-2015,45,44,350.4,1666,60,27.76,4.75,35,0
ALF de Mel (SL),1982-1987,57,57,455.5,2237,59,37.91,4.9,46.3,2
NA Foster (ENG),1984-1989,48,48,437.5,1836,59,31.11,4.19,44.5,0
Gulbadin Naib (AFG),2011-2019,65,60,365.4,1968,59,33.35,5.38,37.1,1
Hamid Hassan (AFG),2009-2019,38,37,289,1330,59,22.54,4.6,29.3,1
JDS Neesham (NZ),2013-2019,59,55,295.2,1814,59,30.74,6.14,30,1
Shadab Khan (PAK),2017-2019,43,41,348,1750,59,29.66,5.02,35.3,0
Sikandar Raza (ZIM),2013-2019,97,71,474.2,2269,59,38.45,4.78,48.2,0
Tapash Baisya (BDESH),2002-2007,56,56,434.4,2452,59,41.55,5.64,44.2,0
KM Jarvis (ZIM),2009-2019,49,49,393.4,2088,58,36,5.3,40.7,0
HK Olonga (ZIM),1995-2003,50,49,343.1,1977,58,34.08,5.76,35.5,2
GC Small (ENG),1987-1992,53,53,465.3,1942,58,33.48,4.17,48.1,0
Mudassar Bukhari (NL),2007-2014,46,46,339.2,1601,57,28.08,4.71,35.7,0
MJ Clarke (AUS),2003-2015,245,106,430.5,2146,57,37.64,4.98,45.3,1
GRJ Matthews (AUS),1984-1993,59,54,468,2004,57,35.15,4.28,49.2,0
DS Mohanty (INDIA),1997-2001,45,44,332.4,1662,57,29.15,4.99,35,0
T Mupariwa (ZIM),2004-2016,40,40,336.3,1690,57,29.64,5.02,35.4,0
Arshad Khan (PAK),1993-2006,58,56,470.3,1948,56,34.78,4.14,50.4,0
R Telemachus (SA),1998-2006,37,37,319.4,1565,56,27.94,4.89,34.2,0
XJ Doherty (AUS),2010-2015,60,56,465.2,2224,55,40.43,4.77,50.7,0
AF Giles (ENG),1997-2005,62,57,476,2069,55,37.61,4.34,51.9,1
Tauseef Ahmed (PAK),1982-1990,70,67,541.4,2247,55,40.85,4.14,59,0
RN ten Doeschate (NL),2006-2011,33,33,263.2,1327,55,24.12,5.03,28.7,0
JR Thomson (AUS),1975-1985,50,50,449.2,1942,55,35.3,4.32,49,0
JV Coney (NZ),1979-1987,88,70,488.3,2039,54,37.75,4.17,54.2,0
N Pradeep (SL),2012-2019,42,40,332.4,1998,54,37,6,36.9,0
HH Pandya (INDIA),2016-2019,54,53,394.4,2195,54,40.64,5.56,43.8,0
AR Adams (NZ),2001-2007,42,40,314.1,1643,53,31,5.22,35.5,1
SR Clark (AUS),2005-2009,39,38,304.5,1477,53,27.86,4.84,34.5,0
Mohammad Naveed (UAE),2014-2019,39,39,323,1757,53,33.15,5.43,36.5,1
LS Pascoe (AUS),1977-1982,29,28,261.2,1066,53,20.11,4.07,29.5,1
SMSM Senanayake (SL),2012-2015,49,47,393,1874,53,35.35,4.76,44.4,0
GI Allott (NZ),1997-2000,31,31,254.4,1207,52,23.21,4.73,29.3,0
NM Coulter-Nile (AUS),2013-2019,32,32,279.4,1555,52,29.9,5.56,32.2,0
KSC de Silva (SL),1996-2000,38,37,269.5,1323,52,25.44,4.9,31.1,0
DS Lehmann (AUS),1996-2005,117,62,298.5,1445,52,27.78,4.83,34.4,0
TM Moody (AUS),1987-1999,76,66,466.1,2014,52,38.73,4.32,53.7,0
KA Pollard (WI),2007-2019,107,74,352.4,2025,52,38.94,5.74,40.6,0
DJ Willey (ENG),2015-2019,46,45,328.3,1889,52,36.32,5.75,37.9,0
A Dananjaya (SL),2012-2019,36,34,295.3,1506,51,29.52,5.09,34.7,2
VC Drakes (WI),1995-2004,34,34,273.2,1293,51,25.35,4.73,32.1,2
BJ McCarthy (IRE),2016-2019,27,27,231.3,1360,51,26.66,5.87,27.2,1
AM Blignaut (ZIM),1999-2010,54,53,391.2,2063,50,41.26,5.27,46.9,0
GJ Maxwell (AUS),2012-2019,110,86,449.4,2525,50,50.5,5.61,53.9,0
JA Morkel (Afr/SA),2004-2012,58,52,345.3,1899,50,37.98,5.49,41.4,0
PM Seelaar (NL),2006-2019,41,41,316.5,1476,50,29.52,4.65,38,0
T Thushara (SL),2008-2010,38,38,279.2,1393,50,27.86,4.98,33.5,1
JH Davey (SCOT),2010-2019,31,29,216.5,1082,49,22.08,4.99,26.5,2
CD McMillan (NZ),1997-2007,197,74,313.1,1717,49,35.04,5.48,38.3,0
AR Nurse (WI),2016-2019,54,49,397.2,2125,49,43.36,5.34,48.6,0
JS Patel (NZ),2005-2017,43,42,335.4,1691,49,34.51,5.03,41.1,0
GR Dilley (ENG),1979-1988,36,36,340.3,1291,48,26.89,3.79,42.5,0
JK Kamande (KENYA),1999-2011,86,71,436.3,2169,48,45.18,4.96,54.5,0
S Lee (AUS),1995-2001,45,43,284.2,1245,48,25.93,4.37,35.5,1
JF Mooney (IRE),2006-2015,64,50,299.3,1635,48,34.06,5.45,37.4,0
CH Morris (SA),2013-2019,42,40,315.4,1756,48,36.58,5.56,39.4,0
ARC Fraser (ENG),1989-1999,42,42,398.4,1412,47,30.04,3.54,50.8,0
Shahadat Hossain (BDESH),2006-2013,51,50,366.2,2143,47,45.59,5.84,46.7,0
M Amarnath (INDIA),1975-1989,85,64,455,1971,46,42.84,4.33,59.3,0
PW Borren (NL),2006-2014,58,51,329.5,1620,46,35.21,4.91,43,0
N Chopra (INDIA),1998-2000,39,37,305.5,1286,46,27.95,4.2,39.8,1
AC Evans (SCOT),2009-2019,36,35,279.4,1499,46,32.58,5.35,36.4,0
NAM McLean (WI),1996-2003,45,45,353.2,1729,46,37.58,4.89,46,0
Mirwais Ashraf (AFG),2009-2016,46,45,334.5,1360,46,29.56,4.06,43.6,0
Mohammad Asif (Asia/PAK),2005-2010,38,36,323.3,1524,46,33.13,4.71,42.1,0
SB O'Connor (NZ),1997-2000,38,38,247.5,1396,46,30.34,5.63,32.3,2
Samiullah Shinwari (AFG),2009-2019,84,65,351.5,1729,46,37.58,4.91,45.8,0
BC Strang (ZIM),1995-2001,49,48,415.4,1718,46,37.34,4.13,54.2,1
MR Whitney (AUS),1983-1993,38,38,351,1249,46,27.15,3.55,45.7,0
RDB Croft (ENG),1996-2001,50,49,411,1743,45,38.73,4.24,54.8,0
GF Labrooy (SL),1986-1992,44,44,384.4,1876,45,41.68,4.87,51.2,1
NO Miller (WI),2008-2018,50,46,354.1,1660,45,36.88,4.68,47.2,0
CM Old (ENG),1973-1981,32,31,292.3,999,45,22.2,3.41,39,0
H Osinde (CAN),2006-2013,42,41,282,1389,45,30.86,4.92,37.6,0
AR Patel (INDIA),2014-2017,38,35,318,1409,45,31.31,4.43,42.4,0
DN Patel (NZ),1987-1997,75,69,541.5,2261,45,50.24,4.17,72.2,0
EC Rainsford (ZIM),2004-2010,39,39,317.5,1401,45,31.13,4.4,42.3,1
Taskin Ahmed (BDESH),2014-2017,32,31,235.3,1401,45,31.13,5.94,31.4,1
AR Whittall (ZIM),1996-2000,63,62,514.1,2251,45,50.02,4.37,68.5,0
HS Baidwan (CAN),2008-2014,32,32,258.3,1348,44,30.63,5.21,35.2,0
SP Davis (AUS),1986-1988,39,39,336,1133,44,25.75,3.37,45.8,0
S Elworthy (SA),1998-2002,39,37,283.4,1235,44,28.06,4.35,38.6,0
AH Gray (WI),1985-1991,25,24,211.4,835,44,18.97,3.94,28.8,1
RJ Harris (AUS),2009-2012,21,20,171.5,832,44,18.9,4.84,23.4,3
VJ Marks (ENG),1980-1988,34,32,306.2,1135,44,25.79,3.7,41.7,2
MR Marsh (AUS),2011-2018,53,50,283.2,1564,44,35.54,5.52,38.6,1
Nazmul Hossain (BDESH),2004-2012,38,37,274.5,1386,44,31.5,5.04,37.4,0
DR Pringle (ENG),1982-1993,44,44,396.3,1677,44,38.11,4.22,54,0
RP Snell (SA),1991-1996,42,42,349.1,1574,44,35.77,4.5,47.6,1
DP Viljoen (ZIM),1997-2001,53,46,345.5,1639,44,37.25,4.73,47.1,0
JC Adams (WI),1992-2001,127,56,309.2,1499,43,34.86,4.84,43.1,1
CR Brathwaite (WI),2011-2019,44,40,304.1,1766,43,41.06,5.8,42.4,1
CJ Jordan (ENG),2013-2016,31,31,255.2,1521,43,35.37,5.95,35.6,1
Shapoor Zadran (AFG),2009-2019,44,44,330.3,1589,43,36.95,4.8,46.1,0
PR Stirling (IRE),2008-2019,114,73,398.4,1902,43,44.23,4.77,55.6,1
MA Suji (KENYA),1996-2006,64,64,492,2190,43,50.93,4.45,68.6,0
KLT Arthurton (WI),1988-1999,105,44,230.4,1159,42,27.59,5.02,32.9,0
AC Botha (IRE),2006-2011,42,33,260,1134,42,27,4.36,37.1,0
JW Hastings (AUS),2010-2017,29,29,247.4,1256,42,29.9,5.07,35.3,1
Imad Wasim (PAK),2015-2019,53,51,385.3,1865,42,44.4,4.83,55,1
AR McBrine (IRE),2014-2019,42,40,340.5,1489,42,35.45,4.36,48.6,0
SA Thomson (NZ),1990-1996,56,51,353.3,1602,42,38.14,4.53,50.5,0
Aftab Alam (AFG),2010-2019,27,27,209.3,1033,41,25.19,4.93,30.6,0
JAR Blain (SCOT),1999-2009,33,32,221.3,1173,41,28.6,5.29,32.4,1
DG Cork (ENG),1992-2002,32,32,295.2,1368,41,33.36,4.63,43.2,0
CE Cuffy (WI),1994-2002,41,41,358.5,1436,41,35.02,4,52.5,0
S Dhaniram (CAN),2006-2010,44,41,294.5,1240,41,30.24,4.2,43.1,1
SM Ervine (ZIM),2001-2004,42,40,274.5,1561,41,38.07,5.67,40.2,0
HA Gomes (WI),1978-1987,83,36,224.1,1045,41,25.48,4.66,32.8,0
AF Milne (NZ),2012-2017,40,39,300.1,1581,41,38.56,5.26,43.9,0
L Ngidi (SA),2018-2019,22,22,171,947,41,23.09,5.53,25,0
VD Philander (SA),2007-2015,30,28,213.1,986,41,24.04,4.62,31.1,0
Amir Hamza (AFG),2012-2017,31,31,258.4,1016,40,25.4,3.92,38.8,0
RP Arnold (SL),1997-2007,180,84,359.3,1739,40,43.47,4.83,53.9,0
RS Bopara (ENG),2007-2015,120,74,310,1523,40,38.07,4.91,46.5,0
Saleem Jaffar (PAK),1986-1990,39,39,316.4,1382,40,34.55,4.36,47.5,0
Shaheen Shah Afridi (PAK),2018-2019,19,18,154,847,40,21.17,5.5,23.1,1
SJ Benn (WI),2008-2016,47,46,397.5,1913,39,49.05,4.8,61.2,0
PT Collins (WI),1999-2005,30,30,262.5,1212,39,31.07,4.61,40.4,1
SS Cottrell (WI),2015-2019,30,28,219,1293,39,33.15,5.9,33.6,1
WW Davis (WI),1983-1988,35,35,320.3,1302,39,33.38,4.06,49.3,1
GD Elliott (NZ),2008-2016,83,56,217,1179,39,30.23,5.43,33.3,0
WK McCallan (IRE),2006-2009,39,35,300.4,1208,39,30.97,4.01,46.2,0
H Masakadza (ZIM),2001-2019,209,85,307.2,1636,39,41.94,5.32,47.2,0
TBA May (AUS),1987-1995,47,46,417.2,1772,39,45.43,4.24,64.2,0
MO Odumbe (KENYA),1996-2003,61,52,372.5,1807,39,46.33,4.84,57.3,0
IS Sodhi (NZ),2015-2019,31,30,258,1430,39,36.66,5.54,39.6,0
Akram Raza (PAK),1989-1995,49,48,433.3,1611,38,42.39,3.71,68.4,0
D Bishoo (WI),2011-2019,42,40,337,1668,38,43.89,4.94,53.2,0
MG Hughes (AUS),1988-1993,33,33,273.1,1115,38,29.34,4.08,43.1,0
AJ Ireland (ZIM),2005-2007,26,26,221,1115,38,29.34,5.04,34.8,0
Nadeem Ahmed (HKG),2004-2018,25,25,221.1,932,38,24.52,4.21,34.9,0
Rohan Mustafa (UAE),2014-2019,34,33,263.5,1245,38,32.76,4.71,41.6,1
R Vinay Kumar (INDIA),2010-2013,31,31,239.2,1423,38,37.44,5.94,37.7,0
TJ Friend (ZIM),2000-2004,51,45,321.4,1779,37,48.08,5.53,52.1,0
MR Gillespie (NZ),2006-2009,32,31,253.3,1369,37,37,5.4,41.1,0
EE Hemmings (ENG),1982-1991,33,32,292,1294,37,34.97,4.43,47.3,0
M Kartik (INDIA),2002-2007,37,36,317.5,1612,37,43.56,5.07,51.5,1
Mehidy Hasan Miraz (BDESH),2017-2019,38,37,326.1,1520,37,41.08,4.66,52.8,0
KS Williamson (NZ),2010-2019,149,65,244.3,1310,37,35.4,5.35,39.6,0
HMCM Bandara (SL),2006-2010,31,28,245,1232,36,34.22,5.02,40.8,0
EAE Baptiste (WI),1983-1990,43,43,369,1511,36,41.97,4.09,61.5,0
MG Bevan (AUS),1994-2004,232,67,327.4,1655,36,45.97,5.05,54.6,0
JM Davison (CAN),2003-2011,32,31,239.1,1067,36,29.63,4.46,39.8,0
AIC Dodemaide (AUS),1988-1993,24,24,221.1,753,36,20.91,3.4,36.8,1
SB Doull (NZ),1992-2000,42,42,290.5,1459,36,40.52,5.01,48.4,0
GA Gooch (ENG),1976-1995,125,60,344.2,1516,36,42.11,4.4,57.3,0
S Randiv (SL),2009-2016,31,29,239.3,1214,36,33.72,5.06,39.9,1
Khurram Chohan (CAN),2009-2014,25,24,197.4,1029,36,28.58,5.2,32.9,1
SK Raina (INDIA),2005-2018,226,101,354.2,1811,36,50.3,5.11,59,0
I Wardlaw (SCOT),2013-2015,22,21,184.4,1036,36,28.77,5.61,30.7,0
CJ Chibhabha (ZIM),2005-2018,103,58,277.5,1615,35,46.14,5.81,47.6,0
M Hendrick (ENG),1973-1981,22,22,208,681,35,19.45,3.27,35.6,1
NC Johnson (ZIM),1998-2000,48,39,250.3,1220,35,34.85,4.87,42.9,0
Naeem Islam (BDESH),2008-2014,59,48,290.3,1407,35,40.2,4.84,49.8,0
CO Obuya (KENYA),2001-2014,104,49,303,1637,35,46.77,5.4,51.9,1
MRJ Watt (SCOT),2016-2019,27,27,240.3,1033,35,29.51,4.29,41.2,0
BA Williams (AUS),2002-2004,25,24,200.3,814,35,23.25,4.05,34.3,2
KJ Abbott (SA),2013-2016,28,27,217.1,1051,34,30.91,4.83,38.3,0
L Balaji (INDIA),2002-2009,30,30,241.1,1344,34,39.52,5.57,42.5,0
TL Best (WI),2004-2014,26,26,216.4,1157,34,34.02,5.34,38.2,0
PKD Chase (IRE),2015-2018,25,24,206.2,1356,34,39.88,6.57,36.4,0
OD Gibson (WI),1995-1997,15,15,123.1,621,34,18.26,5.04,21.7,2
VB John (SL),1982-1987,45,45,385.1,1655,34,48.67,4.29,67.9,0
RDM Leverock (BMUDA),2006-2009,32,32,280.4,1123,34,33.02,4,49.5,1
RR Powar (INDIA),2004-2007,31,29,256,1191,34,35.02,4.65,45.1,0
JA Rennie (ZIM),1993-2000,44,43,327.3,1564,34,46,4.77,57.7,0
KW Richardson (AUS),2013-2019,22,22,190.3,1061,34,31.2,5.56,33.6,1
Tahir Naqqash (PAK),1980-1985,40,37,266,1240,34,36.47,4.66,46.9,0
Usman Shinwari (PAK),2017-2019,17,17,128,633,34,18.61,4.94,22.5,2
N Vanua (PNG),2014-2019,23,23,176.4,900,34,26.47,5.09,31.1,0
KCG Benjamin (WI),1992-1996,26,26,219.5,923,33,27.96,4.19,39.9,0
U Bhatti (CAN),2006-2010,36,35,271.4,1149,33,34.81,4.22,49.3,0
JG Bracewell (NZ),1983-1990,53,50,407.5,1884,33,57.09,4.61,74.1,0
ST Gabriel (WI),2016-2019,25,25,191.2,1134,33,34.36,5.92,34.7,0
YK Pathan (INDIA),2008-2012,57,50,248.2,1365,33,41.36,5.49,45.1,0
E Schiferli (NL),2002-2013,30,30,215.4,1008,33,30.54,4.67,39.2,0
Shabbir Ahmed (PAK),1999-2005,32,32,273.4,1192,33,36.12,4.35,49.7,0
Sikander Bakht (PAK),1977-1989,27,27,212.5,860,33,26.06,4.04,38.6,0
EO Simons (SA),1994-1995,23,23,202,810,33,24.54,4,36.7,0
MP Stoinis (AUS),2015-2019,41,39,235.4,1446,33,43.81,6.13,42.8,0
SD Anurasiri (SL),1986-1994,45,43,350,1464,32,45.75,4.18,65.6,0
RD Berrington (SCOT),2008-2019,78,51,232.2,1228,32,38.37,5.28,43.5,0
PP Chawla (INDIA),2007-2011,25,25,218.4,1117,32,34.9,5.1,41,0
AC Dale (AUS),1997-2000,30,30,266,979,32,30.59,3.68,49.8,0
DS de Silva (SL),1975-1985,41,40,346,1557,32,48.65,4.5,64.8,0
MJ Hoggard (ENG),2001-2006,26,26,217.4,1152,32,36,5.29,40.8,1
AJ Hollioake (ENG),1996-1999,35,32,201.2,1019,32,31.84,5.06,37.7,0
Imran Haider (UAE),2017-2019,20,20,157.1,841,32,26.28,5.35,29.4,0
JM Kemp (Afr/SA),2001-2007,85,48,217.1,1015,32,31.71,4.67,40.7,0
KTGD Prasad (SL),2006-2015,24,24,169.1,976,32,30.5,5.76,31.7,0
S Prasanna (SL),2011-2019,40,39,324.1,1767,32,55.21,5.45,60.7,0
Rizwan Cheema (CAN),2008-2013,33,32,221.4,1095,32,34.21,4.93,41.5,0
GB Troup (NZ),1976-1985,22,22,196.4,791,32,24.71,4.02,36.8,0
DL Underwood (ENG),1973-1982,26,24,213,734,32,22.93,3.44,39.9,0
BV Vitori (ZIM),2011-2018,24,24,198.5,1149,32,35.9,5.77,37.2,2
Arshad Ayub (INDIA),1987-1990,32,32,294.5,1216,31,39.22,4.12,57,1
JW Dernbach (ENG),2011-2013,24,24,205.4,1308,31,42.19,6.35,39.8,0
KS Lokuarachchi (SL),2003-2007,21,21,168.3,725,31,23.38,4.3,32.6,0
MJ Mason (NZ),2003-2010,26,25,196.3,1024,31,33.03,5.21,38,0
MM Sharma (INDIA),2013-2015,26,25,186.5,1020,31,32.9,5.45,36.1,0
Zahoor Khan (UAE),2017-2019,17,17,125,703,31,22.67,5.62,24.1,1
Abdur Rehman (PAK),2006-2014,31,31,270.4,1142,30,38.06,4.21,54.1,0
CEH Croft (WI),1977-1981,19,19,178.2,620,30,20.66,3.47,35.6,1
GA Hick (ENG),1991-2001,120,47,206,1026,30,34.2,4.98,41.2,1
RK Illingworth (ENG),1991-1996,25,25,250.1,1059,30,35.3,4.23,50,0
AS Joseph (WI),2016-2019,22,21,172.1,1107,30,36.9,6.42,34.4,1
SI Mahmood (ENG),2004-2009,26,25,199.3,1169,30,38.96,5.85,39.9,0
DA Marillier (ZIM),2000-2003,48,35,262.2,1235,30,41.16,4.7,52.4,0
PR Adams (SA),1996-2003,24,23,184.5,815,29,28.1,4.4,38.2,0
RK Chauhan (INDIA),1993-1997,35,34,272.2,1216,29,41.93,4.46,56.3,0
MD Crowe (NZ),1982-1995,143,46,216,954,29,32.89,4.41,44.6,0
TBM de Leede (NL),1996-2007,29,29,189.5,999,29,34.44,5.26,39.2,0
Ehsan Khan (HKG),2016-2018,15,15,134.3,594,29,20.48,4.41,27.8,0
Hasibul Hossain (BDESH),1995-2004,32,32,229.1,1338,29,46.13,5.83,47.4,0
BW Hilfenhaus (AUS),2007-2012,25,25,202.4,1075,29,37.06,5.3,41.9,1
NM Lyon (AUS),2012-2019,29,29,271,1334,29,46,4.92,56,0
Manzoor Elahi (PAK),1984-1995,54,49,290.3,1262,29,43.51,4.34,60.1,0
BA Murphy (ZIM),2000-2003,31,29,237,1130,29,38.96,4.76,49,0
D Pretorius (SA),2016-2019,22,22,170.2,813,29,28.03,4.77,35.2,0
FA Rose (WI),1997-2000,27,27,221,1046,29,36.06,4.73,45.7,1
RJ Sidebottom (ENG),2001-2010,25,25,212.5,1039,29,35.82,4.88,44,0
CM Wright (SCOT),2006-2009,20,19,143.3,663,29,22.86,4.62,29.6,0
Ahmed Raza (UAE),2014-2019,28,28,250.5,1011,28,36.1,4.03,53.7,0
IG Butler (NZ),2002-2010,26,25,184.5,1038,28,37.07,5.61,39.6,0
WW Hinds (WI),1999-2010,119,34,157.3,837,28,29.89,5.31,33.7,0
BMAJ Mendis (SL),2010-2019,58,49,234,1204,28,43,5.14,50.1,0
SPD Smith (AUS),2010-2019,118,39,178.2,963,28,34.39,5.4,38.2,0
DT Tiripano (ZIM),2014-2019,31,29,203.2,1122,28,40.07,5.51,43.5,1
Ata-ur-Rehman (PAK),1992-1996,30,30,248.4,1186,27,43.92,4.76,55.2,0
HK Bennett (NZ),2010-2017,16,15,119.4,621,27,23,5.18,26.5,0
TK Curran (ENG),2017-2019,17,17,127,805,27,29.81,6.33,28.2,1
PW Gunaratne (SL),2002-2003,23,23,159.5,908,27,33.62,5.68,35.5,0
KM Jadhav (INDIA),2014-2019,71,42,197.5,1020,27,37.77,5.15,43.9,0
AY Karim (KENYA),1996-2003,34,33,261.2,1114,27,41.25,4.26,58,1
AJ McKay (NZ),2010-2012,19,19,154.2,800,27,29.62,5.18,34.2,0
PJ Martin (ENG),1995-1998,20,20,174.4,806,27,29.85,4.61,38.8,0
RAP Nissanka (SL),2001-2003,23,23,166.1,857,27,31.74,5.15,36.9,0
A Vala (PNG),2014-2019,27,26,173,648,27,24,3.74,38.4,0
CA Young (IRE),2014-2017,13,12,109.3,563,27,20.85,5.14,24.3,1
PH Edmonds (ENG),1977-1987,29,27,255.4,965,26,37.11,3.77,59,0
AP Gurusinha (SL),1985-1996,147,55,264.1,1354,26,52.07,5.12,60.9,0
LN Onyango (KENYA),1996-2014,29,28,165.5,981,26,37.73,5.91,38.2,0
AM Phangiso (SA),2013-2016,21,21,180.5,829,26,31.88,4.58,41.7,0
DN Crookes (SA),1994-2000,32,30,203.3,1011,25,40.44,4.96,48.8,0
GD Drummond (SCOT),2007-2013,30,29,210.3,932,25,37.28,4.42,50.5,0
LM Jongwe (ZIM),2014-2016,22,22,143.5,759,25,30.36,5.27,34.5,1
A Kuruvilla (INDIA),1997-1997,25,25,188.3,890,25,35.6,4.72,45.2,0
D Langford-Smith (IRE),2006-2008,22,21,157,797,25,31.88,5.07,37.6,0
SW Masakadza (ZIM),2010-2014,16,16,131.5,891,25,35.64,6.75,31.6,0
G Miller (ENG),1977-1984,25,24,211.2,813,25,32.52,3.84,50.7,0
CA Soper (PNG),2016-2019,20,20,150,733,25,29.32,4.88,36,1
K Srikkanth (INDIA),1981-1992,146,33,118.4,641,25,25.64,5.4,28.4,2
AR White (IRE),2006-2014,61,35,144.5,688,25,27.52,4.75,34.7,0
KIW Wijegunawardene (SL),1988-1992,26,25,197.4,986,25,39.44,4.98,47.4,0
Alok Kapali (BDESH),2002-2011,69,49,242,1255,24,52.29,5.18,60.5,0
Arafat Sunny (BDESH),2014-2015,16,16,138.2,600,24,25,4.33,34.5,0
ID Blackwell (ENG),2002-2006,34,26,205,877,24,36.54,4.27,51.2,0
C de Grandhomme (NZ),2012-2019,38,38,216,1046,24,43.58,4.84,54,0
Harvinder Singh (INDIA),1997-2001,16,16,114.2,609,24,25.37,5.32,28.5,0
RC Irani (ENG),1996-2003,31,30,213.5,989,24,41.2,4.62,53.4,1
PW Jarvis (ENG),1988-1993,16,16,146.3,672,24,28,4.58,36.6,1
MBS Jonkman (NL),2006-2010,16,16,119.5,565,24,23.54,4.71,29.9,0
JK Lever (ENG),1976-1982,22,22,192,713,24,29.7,3.71,48,0
Manjural Islam (BDESH),1999-2003,34,34,265.1,1284,24,53.5,4.84,66.2,0
Mohammad Saifuddin (BDESH),2017-2019,20,20,152,909,24,37.87,5.98,38,0
Nasir Hossain (BDESH),2011-2018,65,43,209.2,988,24,41.16,4.71,52.3,0
MS Panesar (ENG),2007-2007,26,26,218,980,24,40.83,4.49,54.5,0
SR Patel (ENG),2008-2013,36,32,197.5,1091,24,45.45,5.51,49.4,1
KR Pushpakumara (SL),1994-1999,31,31,238.2,1181,24,49.2,4.95,59.5,0
JA Richardson (AUS),2018-2019,12,12,108,632,24,26.33,5.85,27,0
O Thomas (WI),2018-2019,19,18,119.2,825,24,34.37,6.91,29.8,1
Yasir Shah (PAK),2011-2019,25,24,215.3,1150,24,47.91,5.33,53.8,1
Aizaz Cheema (PAK),2011-2012,14,14,109.4,593,23,25.78,5.4,28.6,0
JC Archer (ENG),2019-2019,14,14,122.5,569,23,24.73,4.63,32,0
DAJ Bracewell (NZ),2011-2019,19,19,155.2,798,23,34.69,5.13,40.5,0
NG Cowans (ENG),1983-1985,23,23,213.4,913,23,39.69,4.27,55.7,0
KM Dabengwa (ZIM),2005-2010,37,35,184.5,936,23,40.69,5.06,48.2,0
WW Daniel (WI),1978-1984,18,18,152,595,23,25.86,3.91,39.6,0
SR Gillespie (NZ),1986-1988,19,19,160.3,736,23,32,4.58,41.8,0
G Goudie (SCOT),2008-2013,16,16,121.3,623,23,27.08,5.12,31.6,1
ND Hirwani (INDIA),1988-1992,18,18,160,719,23,31.26,4.49,41.7,0
TG Hogan (AUS),1983-1984,16,15,152.5,574,23,24.95,3.75,39.8,0
KAD Hurdle (BMUDA),2006-2007,19,19,150.5,831,23,36.13,5.5,39.3,0
Manjural Islam Rana (BDESH),2003-2006,25,23,166,689,23,29.95,4.15,43.3,0
S Mukuddem (BMUDA),2006-2007,20,20,160,752,23,32.69,4.7,41.7,0
BTJ Wheal (SCOT),2016-2019,13,13,114.3,508,23,22.08,4.43,29.8,0
DR Brown (ENG/SCOT),1997-2007,25,25,158.5,919,22,41.77,5.78,43.3,0
DM de Silva (SL),2016-2019,42,35,171.2,899,22,40.86,5.24,46.7,0
DR Doshi (INDIA),1980-1982,15,15,132,524,22,23.81,3.96,36,0
Farhad Reza (BDESH),2006-2011,34,32,189.5,1017,22,46.22,5.35,51.7,1
DAS Gunaratne (SL),2016-2019,31,25,139,723,22,32.86,5.2,37.9,0
BP Julian (AUS),1993-1999,25,25,191,997,22,45.31,5.21,52,0
RN Lewis (WI),1997-2009,28,25,191.4,983,22,44.68,5.12,52.2,0
ML Nkala (ZIM),1998-2006,50,46,263.4,1570,22,71.36,5.95,71.9,0
E Otieno (KENYA),2007-2014,26,25,159,927,22,42.13,5.83,43.3,0
MW Pringle (SA),1992-1994,17,17,145,604,22,27.45,4.16,39.5,0
JE Root (ENG),2013-2019,143,64,235.4,1364,22,62,5.78,64.2,0
SK Sharma (INDIA),1988-1990,23,22,163.1,813,22,36.95,4.98,44.5,1
Sohag Gazi (BDESH),2012-2014,20,19,153.1,722,22,32.81,4.71,41.7,0
WF Stelling (NL),2006-2007,15,15,116.3,567,22,25.77,4.86,31.7,0
Al-Amin Hossain (BDESH),2014-2015,14,14,100.3,523,21,24.9,5.2,28.7,0
JT Ball (ENG),2016-2018,18,18,157.5,980,21,46.66,6.2,45,1
DH Brain (ZIM),1992-1995,23,23,181.5,849,21,40.42,4.66,51.9,0
AC Dawson (SA),1998-2004,19,19,150.1,715,21,34.04,4.76,42.9,0
RMS Eranga (SL),2011-2016,19,17,119.2,686,21,32.66,5.74,34,0
CN Evans (ZIM),1992-2002,53,34,160.4,848,21,40.38,5.27,45.9,0
M Hayward (SA),1998-2002,21,21,165.3,858,21,40.85,5.18,47.2,0
NB Mahwire (ZIM),2004-2006,23,21,147.3,775,21,36.9,5.25,42.1,0
WP Masakadza (ZIM),2015-2018,17,16,143.1,734,21,34.95,5.12,40.9,0
Mohsin Kamal (PAK),1984-1989,19,19,146.5,760,21,36.19,5.17,41.9,0
PP Ojha (INDIA),2008-2012,18,17,146,652,21,31.04,4.46,41.7,0
AO Suji (KENYA),1996-2008,60,46,215.5,1175,21,55.95,5.44,61.6,0
Wasim Raja (PAK),1973-1985,54,29,172.4,687,21,32.71,3.97,49.3,0
MH Yardy (ENG),2006-2011,28,28,222,1075,21,51.19,4.84,63.4,0
Kabir Ali (ENG),2003-2006,14,13,112.1,682,20,34.1,6.08,33.6,0
STR Binny (INDIA),2014-2015,14,12,81.4,439,20,21.95,5.37,24.5,1
TS Chisoro (ZIM),2015-2018,18,16,128,556,20,27.8,4.34,38.4,0
DT Christian (AUS),2012-2014,19,19,121.1,595,20,29.75,4.91,36.3,1
Faheem Ashraf (PAK),2017-2019,23,22,150.2,744,20,37.2,4.94,45.1,1
DR Hadlee (NZ),1973-1976,11,11,104.4,364,20,18.2,3.47,31.4,0
A Jadeja (INDIA),1992-2000,196,52,208,1094,20,54.7,5.25,62.4,0
RT Lyons (SCOT),2006-2010,25,23,182.1,901,20,45.05,4.94,54.6,0
N Madziva (ZIM),2014-2016,12,12,86.4,519,20,25.95,5.98,26,0
JO Ngoche (KENYA),2010-2013,17,17,146.2,569,20,28.45,3.88,43.9,0
KMA Paul (WI),2018-2019,16,16,123.2,737,20,36.85,5.97,37,0
NO Perry (WI),1999-2000,21,21,157.4,783,20,39.15,4.96,47.3,0
N Pokana (PNG),2017-2019,14,14,106.5,503,20,25.15,4.7,32,0
Rashid Khan (PAK),1980-1985,29,28,235.4,923,20,46.15,3.91,70.7,0
DA Reeve (ENG),1991-1996,29,28,191.1,820,20,41,4.28,57.3,0
Shoaib Mohammad (PAK),1984-1993,63,35,153.1,725,20,36.25,4.73,45.9,0
RML Taylor (SCOT),2013-2016,15,15,118.5,617,20,30.85,5.19,35.6,0
MHN Walker (AUS),1974-1981,17,17,167.4,546,20,27.3,3.25,50.3,0
GG Arnold (ENG),1972-1975,14,13,119,339,19,17.84,2.84,37.5,0
PVD Chameera (SL),2015-2019,23,23,149.1,796,19,41.89,5.33,47.1,0
TM Chappell (AUS),1980-1983,20,14,122.4,538,19,28.31,4.38,38.7,0
Enamul Haque (BDESH),1990-2002,29,28,206.2,1083,19,57,5.24,65.1,0
AW Greig (ENG),1972-1977,22,19,152.4,619,19,32.57,4.05,48.2,0
VA Holder (WI),1973-1978,12,12,113.3,454,19,23.89,4,35.8,1
RD Jackman (ENG),1974-1983,15,15,145.3,598,19,31.47,4.1,45.9,0
DS Kulkarni (INDIA),2014-2016,12,12,99.4,508,19,26.73,5.09,31.4,0
MA Leask (SCOT),2014-2019,34,31,190.2,1019,19,53.63,5.35,60.1,0
BJ McKechnie (NZ),1975-1981,14,14,136.2,495,19,26.05,3.63,43,0
JN Maguire (AUS),1983-1984,23,20,168.1,769,19,40.47,4.57,53.1,0
Mohammad Akram (PAK),1995-2000,23,21,164.5,790,19,41.57,4.79,52,0
Mushfiqur Rahman (BDESH),2000-2004,28,28,222,983,19,51.73,4.42,70.1,0
PDRL Perera (SL),1999-2007,19,19,148,820,19,43.15,5.54,46.7,0
Shahid Nazir (PAK),1996-2000,17,17,135,649,19,34.15,4.8,42.6,0
T Shamsi (SA),2016-2019,17,17,146.3,798,19,42,5.44,46.2,0
M Sheikh (KENYA),1997-2000,21,21,129.4,625,19,32.89,4.82,40.9,0
Sohail Khan (PAK),2008-2016,13,13,111,597,19,31.42,5.37,35,1
Tanwir Afzal (HKG),2014-2018,20,19,142,601,19,31.63,4.23,44.8,0
AJ Traicos (ZIM),1983-1993,27,26,254,987,19,51.94,3.88,80.2,0
PCR Tufnell (ENG),1990-1997,20,20,170,699,19,36.78,4.11,53.6,0
Anwar Ali (PAK),2013-2016,22,22,154.3,944,18,52.44,6.11,51.5,0
GD Campbell (AUS),1989-1990,12,12,102.1,404,18,22.44,3.95,34,0
RO Collinge (NZ),1973-1978,15,15,143.1,479,18,26.61,3.34,47.7,1
MD Dai (PNG),2014-2018,18,18,159,675,18,37.5,4.24,53,0
DR Gilbert (AUS),1986-1986,14,14,114,552,18,30.66,4.84,38,1
DJ Hussey (AUS),2008-2013,69,39,133.4,698,18,38.77,5.22,44.5,0
BD Julien (WI),1973-1977,12,12,129.4,463,18,25.72,3.57,43.2,0
AP Kuiper (SA),1991-1996,25,19,98,518,18,28.77,5.28,32.6,0
J Lewis (ENG),2005-2007,13,13,119.2,500,18,27.77,4.18,39.7,0
CS Martin (NZ),2001-2008,20,19,158,804,18,44.66,5.08,52.6,0
Mohammad Ashraful (Asia/BDESH),2001-2013,177,40,116.1,661,18,36.72,5.69,38.7,0
B Muzarabani (ZIM),2018-2018,18,18,131,733,18,40.72,5.59,43.6,0
MV Nagamootoo (WI),2000-2002,24,24,198.1,998,18,55.44,5.03,66,0
AH Omarshah (ZIM),1983-1996,28,25,179.3,812,18,45.11,4.52,59.8,0
Rahat Ali (PAK),2012-2016,14,14,113.1,658,18,36.55,5.81,37.7,0
KT Sandher (CAN),2006-2007,15,15,116,569,18,31.61,4.9,38.6,0
GC Smith (Afr/SA),2002-2013,197,43,171,951,18,52.83,5.56,57,0
CB Sole (SCOT),2016-2018,11,11,87,468,18,26,5.37,29,0
RE van der Merwe (NL/SA),2009-2019,15,15,131.3,658,18,36.55,5,43.8,0
KC Wessels (AUS/SA),1983-1994,109,23,124.5,666,18,37,5.33,41.6,0
AG Wharf (ENG),2004-2005,13,13,97.2,428,18,23.77,4.39,32.4,0
LR Williams (WI),1996-2001,15,15,109.5,556,18,30.88,5.06,36.6,0
Adeel Raja (NL),2002-2011,21,21,141,690,17,40.58,4.89,49.7,0
DJ Capel (ENG),1987-1990,23,22,173,805,17,47.35,4.65,61,0
EAR de Silva (SL),1986-1992,28,28,229,967,17,56.88,4.22,80.8,0
MV Fleming (ENG),1997-1998,11,11,87.1,434,17,25.52,4.97,30.7,0
HH Kanitkar (INDIA),1997-2000,34,28,167.4,803,17,47.23,4.78,59.1,0
JJC Lawson (WI),2001-2005,13,12,93,498,17,29.29,5.35,32.8,0
Mohammad Nawaz (3) (PAK),2016-2019,15,15,116.3,607,17,35.7,5.21,41.1,0
J Nyumbu (ZIM),2014-2015,19,18,140.4,738,17,43.41,5.24,49.6,0
PADLR Sandakan (SL),2016-2019,21,20,160.1,1031,17,60.64,6.43,56.5,0
A Shahzad (ENG),2010-2011,11,11,98,490,17,28.82,5,34.5,0
PM Siddle (AUS),2009-2019,20,19,150.1,743,17,43.7,4.94,53,0
J Theron (SA/USA),2010-2019,9,9,68.4,379,17,22.29,5.51,24.2,1
Aizaz Khan (HKG),2014-2018,19,19,121.2,680,16,42.5,5.6,45.5,0
Asif Iqbal (PAK),1973-1979,10,10,98.4,378,16,23.62,3.83,37,0
JP Behrendorff (AUS),2019-2019,11,11,98.3,517,16,32.31,5.24,36.9,1
SM Boland (AUS),2016-2016,14,13,119.2,725,16,45.31,6.07,44.7,0
GR Codrington (CAN),2006-2007,17,17,121.5,577,16,36.06,4.73,45.6,0
CD de Lange (SCOT),2016-2017,13,12,91,371,16,23.18,4.07,34.1,1
Ehsan Nawaz (HKG),2014-2018,12,12,85.3,458,16,28.62,5.35,32,0
GJ Gilmour (AUS),1974-1975,5,5,53.2,165,16,10.31,3.09,20,2
PJC Hoffmann (SCOT),2006-2007,18,17,123.5,555,16,34.68,4.48,46.4,0
SHU Karnain (SL),1984-1990,19,14,105.5,505,16,31.56,4.77,39.6,1
DE Malcolm (ENG),1990-1994,10,10,87.4,404,16,25.25,4.6,32.8,0
S Matsikenyeri (ZIM),2002-2015,113,38,153.2,778,16,48.62,5.07,57.5,0
JL Pattinson (AUS),2011-2015,15,15,121.1,681,16,42.56,5.62,45.4,0
BS Sandhu (INDIA),1982-1984,22,21,185,763,16,47.68,4.12,69.3,0
RR Sarwan (WI),2000-2013,181,25,96.5,586,16,36.62,6.05,36.3,0
MC Sorensen (IRE),2013-2016,13,12,90.3,520,16,32.5,5.74,33.9,0
RJW Topley (ENG),2015-2016,10,10,77.1,410,16,25.62,5.31,28.9,0
RJ Trott (BMUDA),2007-2009,11,11,89.3,412,16,25.75,4.6,33.5,0
MP Vaughan (ENG),2001-2007,86,28,132.4,649,16,40.56,4.89,49.7,0
R Vijay Bharadwaj (INDIA),1999-2002,10,9,62,307,16,19.18,4.95,23.2,0
Zakir Khan (PAK),1984-1990,17,16,107.4,494,16,30.87,4.58,40.3,0
MR Adair (IRE),2019-2019,9,9,80.4,509,15,33.93,6.3,32.2,0
KK Ahmed (INDIA),2018-2019,11,11,80,465,15,31,5.81,32,0
PJW Allott (ENG),1982-1985,13,13,136.3,552,15,36.8,4.04,54.6,0
CJA Amini (PNG),2014-2019,15,15,122,560,15,37.33,4.59,48.8,0
Azeem Hafeez (PAK),1983-1985,15,14,119.5,586,15,39.06,4.89,47.9,0
SL Boock (NZ),1978-1987,14,13,116.4,513,15,34.2,4.39,46.6,0
DCC Borden (BMUDA),2006-2008,12,12,68.3,392,15,26.13,5.72,27.4,0
Danish Kaneria (PAK),2001-2007,18,18,142.2,683,15,45.53,4.79,56.9,0
G Dymock (AUS),1974-1980,15,14,134.2,412,15,27.46,3.06,53.7,0
TCB Fernando (SL),2001-2003,17,17,116.4,586,15,39.06,5.02,46.6,1
KD Ghavri (INDIA),1975-1981,19,19,172.1,708,15,47.2,4.11,68.8,0
S Lamichhane (NEPAL),2018-2019,6,6,53.1,222,15,14.8,4.17,21.2,0
NC McGarrell (WI),1998-2001,17,17,143.1,681,15,45.4,4.75,57.2,0
KH MacLeay (AUS),1983-1987,16,16,142.5,626,15,41.73,4.38,57.1,1
GH O'Brien (BMUDA),2006-2008,9,9,76,405,15,27,5.32,30.4,0
SS Pathirana (SL),2015-2017,18,18,127.3,720,15,48,5.64,51,0
SM Patil (INDIA),1980-1986,45,20,144,589,15,39.26,4.09,57.6,0
Rajin Saleh (BDESH),2003-2006,43,19,89.5,459,15,30.6,5.1,35.9,0
AK Sharma (INDIA),1988-1993,31,29,190,875,15,58.33,4.6,76,0
L Sivaramakrishnan (INDIA),1985-1987,16,16,126,538,15,35.86,4.26,50.4,0
CT Tremlett (ENG),2005-2011,15,15,130.4,705,15,47,5.39,52.2,0
JTC Vaughan (NZ),1992-1996,18,17,116,524,15,34.93,4.51,46.4,0
UWMBCA Welegedara (SL),2009-2010,10,9,76.1,433,15,28.86,5.68,30.4,1
LJ Wright (ENG),2007-2014,50,37,173,884,15,58.93,5.1,69.2,0
JO Angara (KENYA),1997-2003,17,15,98,569,14,40.64,5.8,42,0
Anshuman Rath (HKG),2014-2018,18,7,56.1,167,14,11.92,2.97,24,0
F Behardien (SA),2013-2018,59,35,124.4,719,14,51.35,5.76,53.4,0
DE Bernard (WI),2003-2010,20,17,104,526,14,37.57,5.05,44.5,0
GS Blewett (AUS),1995-1999,32,24,124.5,646,14,46.14,5.17,53.5,0
S Chanderpaul (WI),1994-2011,268,28,123.2,636,14,45.42,5.15,52.8,0
GJ Cosier (AUS),1975-1979,9,8,68.1,248,14,17.71,3.63,29.2,1
JWM Dalrymple (ENG),2006-2007,27,23,140,666,14,47.57,4.75,60,0
Enamul Haque jnr (BDESH),2005-2009,10,10,96,422,14,30.14,4.39,41.1,0
UC Hathurusingha (SL),1992-1999,35,25,159,709,14,50.64,4.45,68.1,0
Jalal-ud-Din (PAK),1982-1983,8,7,51,211,14,15.07,4.13,21.8,0
SKW Kelly (BMUDA),2006-2009,10,10,64.5,371,14,26.5,5.72,27.7,0
D Mongia (INDIA),2001-2007,57,21,106.4,571,14,40.78,5.35,45.7,0
Mosaddek Hossain (BDESH),2016-2019,35,33,150.2,787,14,56.21,5.23,64.4,0
A Nao (PNG),2017-2019,13,13,102.1,495,14,35.35,4.84,43.7,0
JD Nel (SCOT),2006-2010,19,19,121.4,649,14,46.35,5.33,52.1,0
IE O'Brien (NZ),2008-2009,10,10,75.3,488,14,34.85,6.46,32.3,0
Rahmat Shah (AFG),2013-2019,73,26,87.2,504,14,36,5.77,37.4,1
Rumman Raees (PAK),2017-2018,9,9,77.1,464,14,33.14,6.01,33,0
JA Snow (ENG),1971-1975,9,8,89.4,232,14,16.57,2.58,38.4,0
Sohrawordi Shuvo (BDESH),2010-2011,17,17,127,572,14,40.85,4.5,54.4,0
SA Ankola (INDIA),1989-1997,20,20,134.3,615,13,47.3,4.57,62,0
MP Bicknell (ENG),1990-1991,7,7,68.5,347,13,26.69,5.04,31.7,0
KD Boyce (WI),1973-1975,8,8,78.2,313,13,24.07,3.99,36.1,0
ST Clarke (WI),1978-1982,10,10,87.2,245,13,18.84,2.8,40.3,0
PC Connell (IRE),2008-2010,13,12,94,518,13,39.84,5.51,43.3,0
TLW Cooper (NL),2010-2013,23,19,92.1,438,13,33.69,4.75,42.5,0
PWH de Silva (SL),2017-2019,12,12,67.1,429,13,33,6.38,31,0
Hamza Tahir (SCOT),2019-2019,6,6,56.2,228,13,17.53,4.04,26,1
MN Hart (NZ),1994-2002,13,12,95.2,373,13,28.69,3.91,44,1
RS Higgins (ZIM),2006-2006,11,11,90.4,380,13,29.23,4.19,41.8,0
Ijaz Faqih (PAK),1980-1988,27,25,186,819,13,63,4.4,85.8,0
CBRLS Kumara (SL),2017-2019,13,13,90.4,623,13,47.92,6.87,41.8,0
Majid Khan (PAK),1973-1982,23,15,109.4,374,13,28.76,3.41,50.6,0
AD Mascarenhas (ENG),2007-2009,20,20,137,634,13,48.76,4.62,63.2,0
Minhajul Abedin (BDESH),1986-1999,27,18,91,511,13,39.3,5.61,42,0
Mohammad Hussain (PAK),1997-1998,14,13,112,547,13,42.07,4.88,51.6,0
SN Netravalkar (USA),2019-2019,9,9,67.1,210,13,16.15,3.12,31,1
ASA Perera (SL),1998-2001,20,18,96.3,522,13,40.15,5.4,44.5,0
MDK Perera (SL),2007-2018,13,10,76,409,13,31.46,5.38,35,0
DJ Reekers (NL),2006-2009,19,13,85,436,13,33.53,5.12,39.2,0
JB Reva (PNG),2016-2018,9,9,67.3,357,13,27.46,5.28,31.1,0
Sharafuddin Ashraf (AFG),2014-2019,17,17,127.2,559,13,43,4.39,58.7,0
JN Snape (ENG),2001-2002,10,10,88.1,403,13,31,4.57,40.6,0
Sompal Kami (NEPAL),2018-2019,6,6,50.1,247,13,19,4.92,23.1,1
Tareq Aziz (BDESH),2002-2004,10,10,77.3,424,13,32.61,5.47,35.7,0
S Thuraisingam (CAN),2003-2008,10,10,70.1,305,13,23.46,4.34,32.3,0
JJ Tucker (BMUDA),2006-2009,26,21,136.3,701,13,53.92,5.13,63,0
JJ van der Wath (SA),2006-2007,10,10,87.4,551,13,42.38,6.28,40.4,0
P Willey (ENG),1977-1986,26,22,171.5,659,13,50.69,3.83,79.3,0
P Wilson (AUS),1997-1998,11,11,93.4,450,13,34.61,4.8,43.2,0
Aftab Ahmed (BDESH),2004-2010,85,30,123.1,656,12,54.66,5.32,61.5,1
Ahsan Malik (NL),2011-2014,12,11,78.3,408,12,34,5.19,39.2,0
M Azharuddin (INDIA),1985-2000,334,24,92,479,12,39.91,5.2,46,0
WD Balaji Rao (CAN),2008-2011,10,10,79,448,12,37.33,5.67,39.5,0
HR Bryan (WI),1999-1999,15,15,120.2,518,12,43.16,4.3,60.1,0
IP Butchart (ZIM),1983-1995,20,16,117,640,12,53.33,5.47,58.5,0
ADR Campbell (ZIM),1992-2003,188,30,84.5,434,12,36.16,5.11,42.4,0
PA Desai (CAN),2010-2014,13,13,102,485,12,40.41,4.75,51,0
AB Dinda (INDIA),2010-2013,13,13,99,612,12,51,6.18,49.5,0
H Durham (BMUDA),2006-2006,9,8,66.4,343,12,28.58,5.14,33.3,0
AM Ellis (NZ),2012-2013,15,13,80,425,12,35.41,5.31,40,0
RM Ellison (ENG),1984-1986,14,14,116,510,12,42.5,4.39,58,0
AM Guruge (UAE),2014-2015,7,7,58.3,337,12,28.08,5.76,29.2,0
TM Head (AUS),2016-2018,42,26,127.3,737,12,61.41,5.78,63.7,0
PA Hitchcock (NZ),2002-2008,14,12,93,468,12,39,5.03,46.5,0
AG Hurst (AUS),1975-1979,8,7,67,203,12,16.91,3.02,33.5,1
Iqbal Qasim (PAK),1977-1988,15,14,110.4,500,12,41.66,4.51,55.3,0
Kabir Khan (PAK),1994-2000,10,9,61.5,303,12,25.25,4.9,30.9,0
TP Kamungozi (ZIM),2006-2015,14,13,106,548,12,45.66,5.16,53,0
Khurram Khan (UAE),2004-2015,16,11,83,432,12,36,5.2,41.5,0
RK Kleinveldt (SA),2013-2013,10,10,85.3,448,12,37.33,5.23,42.7,0
CM Kuggeleijn (NZ),1988-1989,16,16,136.1,604,12,50.33,4.43,68,0
GA Lamb (ZIM),2010-2011,15,15,107,467,12,38.91,4.36,53.5,0
SG Law (AUS),1994-1999,54,25,134.3,635,12,52.91,4.72,67.2,0
RJ McCurdy (AUS),1985-1985,11,11,85.5,375,12,31.25,4.36,42.9,0
DR Martyn (AUS),1992-2006,208,31,132.2,704,12,58.66,5.31,66.1,0
SF Mire (ZIM),2014-2019,47,19,84.3,515,12,42.91,6.09,42.2,0
SO Ngoche (KENYA),2010-2014,14,13,94.5,431,12,35.91,4.54,47.4,0
MA Parker (SCOT),2010-2010,10,10,69,327,12,27.25,4.73,34.5,0
RG Petrie (NZ),1990-1991,12,12,110,449,12,37.41,4.08,55,0
PWE Rawson (ZIM),1983-1987,10,10,95.1,427,12,35.58,4.48,47.5,0
JD Ryder (NZ),2008-2014,48,19,67.5,412,12,34.33,6.07,33.9,0
Simi Singh (IRE),2017-2019,15,12,95,378,12,31.5,3.97,47.5,0
SR Thompson (IRE),2013-2017,20,16,93.1,490,12,40.83,5.25,46.5,0
AJ Tye (AUS),2018-2018,7,7,64.3,392,12,32.66,6.07,32.2,1
I Udana (SL),2012-2019,15,15,106.3,631,12,52.58,5.92,53.2,0
KEA Upashantha (SL),1995-2001,12,12,94,481,12,40.08,5.11,47,0
RR Watson (SCOT),2006-2010,35,17,95,528,12,44,5.55,47.5,0
CL White (AUS),2005-2018,91,19,55.1,351,12,29.25,6.36,27.5,0
PJ Wiseman (NZ),1998-2003,15,13,75,368,12,30.66,4.9,37.5,0
Aamer Nazir (PAK),1993-1995,9,9,69.3,346,11,31.45,4.97,37.9,0
VR Aaron (INDIA),2011-2014,9,9,63.2,419,11,38.09,6.61,34.5,0
RW Ali (KENYA),1996-1997,9,9,56.2,255,11,23.18,4.52,30.7,0
Amir Hayat (UAE),2018-2019,9,9,74.5,382,11,34.72,5.1,40.8,0
LS Baker (WI),2008-2009,10,9,71,355,11,32.27,5,38.7,0
RL Chase (WI),2017-2019,25,18,106.5,511,11,46.45,4.78,58.2,0
R Clarke (ENG),2003-2006,20,14,78.1,415,11,37.72,5.3,42.6,0
HT Davis (NZ),1994-1997,11,11,72,436,11,39.63,6.05,39.2,0
Z Groenewald (NAM),2019-2019,4,4,33,130,11,11.81,3.93,18,1
HF Gurney (ENG),2014-2014,10,10,75.5,432,11,39.27,5.69,41.3,0
Haris Sohail (PAK),2013-2019,41,21,107,613,11,55.72,5.72,58.3,0
Haseeb Amjad (HKG),2014-2016,7,7,57,288,11,26.18,5.05,31,0
DW Headley (ENG),1996-1999,13,13,99,520,11,47.27,5.25,54,0
HJ Howarth (NZ),1973-1975,9,8,82,280,11,25.45,3.41,44.7,0
RL Johnson (ENG),2003-2003,10,9,67,239,11,21.72,3.56,36.5,0
CL King (WI),1976-1980,18,15,124,529,11,48.09,4.26,67.6,0
NM Kulkarni (INDIA),1997-1998,10,8,67,357,11,32.45,5.32,36.5,0
RT Latham (NZ),1990-1994,33,21,75,386,11,35.09,5.14,40.9,1
P Lever (ENG),1971-1975,10,9,73.2,261,11,23.72,3.55,40,0
AA Mallett (AUS),1971-1975,9,9,83.4,341,11,31,4.07,45.6,0
MF Malone (AUS),1977-1982,10,10,102,315,11,28.63,3.08,55.6,0
A Martin (WI),2011-2011,9,9,74,296,11,26.9,4,40.3,0
EZ Matambanadzo (ZIM),1996-1997,7,7,49.3,217,11,19.72,4.38,27,0
M Mbangwa (ZIM),1996-2002,29,29,228.1,1140,11,103.63,4.99,124.4,0
DR Parry (WI),1978-1980,6,6,55,259,11,23.54,4.7,30,0
RL Powell (WI),1999-2005,109,25,78.5,491,11,44.63,6.22,43,0
TT Samaraweera (SL),1998-2011,53,17,117,542,11,49.27,4.63,63.8,0
Shafiuddin Ahmed (BDESH),1997-2000,11,11,82.3,426,11,38.72,5.16,45,0
DLS van Bunge (NL),2002-2013,37,13,55.1,329,11,29.9,5.96,30,0
A van der Merwe (IRE),2010-2011,9,9,72,323,11,29.36,4.48,39.2,1
JDF Vandersay (SL),2015-2019,12,11,81.5,480,11,43.63,5.86,44.6,0
AS Wassan (INDIA),1990-1991,9,9,71,283,11,25.72,3.98,38.7,0
M Zondeki (Afr/SA),2002-2008,13,12,93,504,11,45.81,5.41,50.7,0
MW Alleyne (ENG),1999-2000,10,9,61,280,10,28,4.59,36.6,0
MA Aponso (SL),2016-2018,9,9,70.3,377,10,37.7,5.34,42.3,0
TD Astle (NZ),2017-2019,9,8,45,246,10,24.6,5.46,27,0
DJ Callaghan (SA),1992-2000,29,19,74,365,10,36.5,4.93,44.4,0
A Codrington (CAN),2003-2007,9,8,50,265,10,26.5,5.3,30,1
M de Lange (SA),2012-2016,4,4,34.5,198,10,19.8,5.68,20.9,0
R Dhanraj (WI),1994-1995,6,5,44,170,10,17,3.86,26.4,0
JN Frylinck (NAM),2019-2019,5,5,32.3,116,10,11.6,3.56,19.5,1
MW Gatting (ENG),1977-1993,92,14,65.2,336,10,33.6,5.14,39.2,0
NG Jones (IRE),2010-2011,14,13,64.5,234,10,23.4,3.6,38.9,0
Khawar Ali (OMAN),2019-2019,5,5,43,188,10,18.8,4.37,25.8,0
FJ Klaassen (NL),2018-2019,4,4,40,150,10,15,3.75,24,0
RR Kulkarni (INDIA),1983-1987,10,10,74,345,10,34.5,4.66,44.4,0
DK Liyanage (SL),1992-2001,16,16,107,510,10,51,4.76,64.2,0
Mohammad Sharif (BDESH),2001-2007,9,9,83.1,424,10,42.4,5.09,49.9,0
Mohammad Zahid (PAK),1996-2002,11,11,85.2,391,10,39.1,4.58,51.2,0
D Mohammed (WI),2006-2008,7,6,58.5,235,10,23.5,3.99,35.3,0
Naimur Rahman (BDESH),1995-2002,29,24,182.2,904,10,90.4,4.95,109.4,0
RJ Nicol (NZ),2011-2013,22,17,56.3,329,10,32.9,5.82,33.9,0
H Patel (CAN),2009-2013,23,16,68.1,353,10,35.3,5.17,40.9,0
MJG Rippon (NL),2013-2018,6,6,42,167,10,16.7,3.97,25.2,0
IH Romaine (BMUDA),2006-2009,35,13,54.2,355,10,35.5,6.53,32.6,0
KR Rutherford (NZ),1985-1995,121,17,64.5,323,10,32.3,4.98,38.9,0
RL Sanghvi (INDIA),1998-1998,10,10,83,399,10,39.9,4.8,49.8,0
Sanwar Hossain (BDESH),1998-2003,27,13,63.5,327,10,32.7,5.12,38.3,0
MD Shanaka (SL),2016-2019,22,12,47,274,10,27.4,5.82,28.2,1
G Sharma (INDIA),1985-1987,11,10,81,361,10,36.1,4.45,48.6,0
TB Sole (SCOT),2018-2019,10,10,84,387,10,38.7,4.6,50.4,0
MN Waller (ZIM),2009-2018,79,30,111,566,10,56.6,5.09,66.6,0
Ziaur Rahman (BDESH),2013-2014,13,11,65,301,10,30.1,4.63,39,1
KN Amalean (SL),1986-1988,8,8,53,207,9,23,3.9,35.3,0
MKDI Amerasinghe (SL),2007-2008,8,8,71,363,9,40.33,5.11,47.3,0
Amjad Javed (UAE),2008-2017,15,15,103,608,9,67.55,5.9,68.6,0
ML Cummins (WI),2014-2017,11,9,75,474,9,52.66,6.32,50,0
KM Curran (ZIM),1983-1987,11,10,84.2,398,9,44.22,4.71,56.2,0
MH Dekker (ZIM),1992-1996,23,12,57.5,290,9,32.22,5.01,38.5,0
GRA de Silva (SL),1975-1982,6,6,50.5,262,9,29.11,5.15,33.8,0
PLS Gamage (SL),2014-2017,9,9,67,392,9,43.55,5.85,44.6,0
K Gore (USA),2019-2019,7,7,50,208,9,23.11,4.16,33.3,0
MP Jarvis (ZIM),1987-1995,12,12,100.1,451,9,50.11,4.5,66.7,0
Javed Ahmadi (AFG),2010-2019,44,17,66.2,319,9,35.44,4.8,44.2,0
P Khadka (NEPAL),2018-2019,6,6,43,164,9,18.22,3.81,28.6,0
Khaliq Dad (AFG),2009-2010,6,6,42,150,9,16.66,3.57,28,0
RJ Kirtley (ENG),2001-2004,11,11,91.3,481,9,53.44,5.25,61,0
T Kumaran (INDIA),1999-2000,8,8,63,348,9,38.66,5.52,42,0
RP Lefebvre (NL),1996-2003,11,11,89,346,9,38.44,3.88,59.3,0
AS Luseno (KENYA),2003-2010,10,10,55,316,9,35.11,5.74,36.6,0
MW Machan (SCOT),2013-2016,23,16,67,384,9,42.66,5.73,44.6,0
CS MacLeod (SCOT),2008-2019,66,31,128.2,694,9,77.11,5.4,85.5,0
Mohammad Kashif (NL),2006-2010,11,11,75,410,9,45.55,5.46,50,0
Mohammad Shahzad (UAE),2014-2016,6,6,40,233,9,25.88,5.82,26.6,0
Mohammad Tauqir (UAE),2004-2015,11,11,81.5,383,9,42.55,4.68,54.5,0
DT Mutendera (ZIM),1999-2001,9,9,65,334,9,37.11,5.13,43.3,0
JL Ontong (Afr/SA),2001-2012,28,16,89.4,396,9,44,4.41,59.7,0
CAK Rajitha (SL),2018-2019,9,9,58.5,379,9,42.11,6.44,39.2,0
TG Shaw (SA),1991-1994,9,9,84,298,9,33.11,3.54,56,0
TAM Siriwardana (SL),2015-2019,27,21,100.1,547,9,60.77,5.46,66.7,0
Soumya Sarkar (BDESH),2014-2019,55,14,54,318,9,35.33,5.88,36,0
S Sriram (INDIA),2000-2004,8,8,54,274,9,30.44,5.07,36,0
CAH Stevenson (USA),2019-2019,4,4,31,149,9,16.55,4.8,20.6,0
ML Su'a (NZ),1992-1995,12,12,77.1,367,9,40.77,4.75,51.4,0
BRM Taylor (ZIM),2004-2019,193,21,66,406,9,45.11,6.15,44,0
SD Udal (ENG),1994-2005,11,11,102,400,9,44.44,3.92,68,0
RM West (IRE),2008-2009,10,9,74.3,279,9,31,3.74,49.6,0
D Wiese (SA),2015-2016,6,6,49,316,9,35.11,6.44,32.6,0
HS Williams (SA),1999-2000,7,7,54.5,228,9,25.33,4.15,36.5,0
KOK Williams (WI),2017-2018,8,7,55,293,9,32.55,5.32,36.6,0
B Wood (ENG),1972-1982,13,10,70,224,9,24.88,3.2,46.6,0
RA Woolmer (ENG),1972-1976,6,6,53.3,260,9,28.88,4.85,35.6,0
Abdur Rauf (PAK),2008-2008,4,4,35.4,212,8,26.5,5.94,26.7,0
RG Aga (KENYA),2004-2014,12,11,67,320,8,40,4.77,50.2,0
AC Agar (AUS),2015-2018,9,9,72,414,8,51.75,5.75,54,0
SL Campbell (WI),1994-2001,90,8,32.4,170,8,21.25,5.2,24.5,0
RP de Groen (NZ),1993-1994,12,12,91.3,478,8,59.75,5.22,68.6,0
Dolar Mahmud (BDESH),2008-2009,7,7,35,258,8,32.25,7.37,26.2,0
SF Graf (AUS),1980-1981,11,10,87,345,8,43.12,3.96,65.2,0
EJ Gray (NZ),1984-1988,10,9,64.2,286,8,35.75,4.44,48.2,0
Hasan Jamil (PAK),1977-1978,6,5,38.4,154,8,19.25,3.98,29,0
BC Hollioake (ENG),1997-2002,20,17,107,532,8,66.5,4.97,80.2,0
Irfan Ahmed (HKG),2008-2014,6,6,48.2,299,8,37.37,6.18,36.2,0
Izatullah Dawlatzai (AFG),2010-2015,5,5,35,146,8,18.25,4.17,26.2,0
DPMD Jayawardene (Asia/SL),1998-2015,448,28,98.5,563,8,70.37,5.69,74.1,0
MO Jones (BMUDA),2006-2007,12,12,76.2,482,8,60.25,6.31,57.2,0
Junaid Siddique (UAE),2019-2019,3,3,28.3,147,8,18.37,5.15,21.3,0
AR Kapoor (INDIA),1995-2000,17,17,150,612,8,76.5,4.08,112.5,0
JF Kloppenburg (NL),2002-2003,6,6,40.2,191,8,23.87,4.73,30.2,0
MKGCP Lakshitha (SL),2002-2003,7,7,50,254,8,31.75,5.08,37.5,0
TJ Laughlin (AUS),1978-1979,6,6,51.2,224,8,28,4.36,38.5,0
CH Lloyd (WI),1973-1985,87,10,59.4,210,8,26.25,3.51,44.7,0
ACI Lock (ZIM),1996-1996,8,7,48.1,219,8,27.37,4.54,36.1,1
JFM Morrison (NZ),1975-1983,18,7,47.1,199,8,24.87,4.21,35.3,0
PWA Mulder (SA),2017-2019,10,10,53,308,8,38.5,5.81,39.7,0
Naved Anjum (PAK),1984-1992,13,12,78.4,344,8,43,4.37,59,0
Nawroz Mangal (AFG),2009-2016,49,16,48.5,235,8,29.37,4.81,36.6,0
R Ngarava (ZIM),2017-2018,9,9,62.5,409,8,51.12,6.5,47.1,0
A Nortje (SA),2019-2019,4,4,31.3,150,8,18.75,4.76,23.6,0
NM Odhiambo (KENYA),2010-2013,8,7,53,256,8,32,4.83,39.7,0
SG Peall (ZIM),1992-1996,21,19,150,678,8,84.75,4.52,112.5,0
V Permaul (WI),2012-2017,7,7,55.1,271,8,33.87,4.91,41.3,0
MW Priest (NZ),1990-1998,18,17,125.2,590,8,73.75,4.7,94,0
Qadeer Ahmed (UAE),2015-2019,11,11,86,467,8,58.37,5.43,64.5,0
HP Rinke (ZIM),2006-2006,18,12,46.1,273,8,34.12,5.91,34.6,0
GR Robertson (AUS),1994-1998,13,13,99.3,430,8,53.75,4.32,74.6,0
GA Rogers (SCOT),2006-2008,13,11,85.2,409,8,51.12,4.79,64,0
BM Scholtz (NAM),2019-2019,5,5,37.2,131,8,16.37,3.5,28,0
RG Sharma (INDIA),2007-2019,221,38,98.5,515,8,64.37,5.21,74.1,0
AM Stuart (AUS),1997-1997,3,3,30,109,8,13.62,3.63,22.5,1
CEL Stuart (WI),2001-2001,5,5,43,205,8,25.62,4.76,32.2,1
SR Taylor (USA),2019-2019,9,7,38.1,170,8,21.25,4.45,28.6,0
SN Thakur (INDIA),2017-2019,7,7,53.5,339,8,42.37,6.29,40.3,0
JD Unadkat (INDIA),2013-2013,7,7,52,209,8,26.12,4.01,39,0
T van der Gugten (NL),2012-2013,4,4,21,85,8,10.62,4.04,15.7,1
RJ van Vuuren (NAM),2003-2003,5,5,50,298,8,37.25,5.96,37.5,1
BGK Walker (NZ),2000-2002,11,11,73,417,8,52.12,5.71,54.7,0
B Warnapura (SL),1975-1982,12,9,69,316,8,39.5,4.57,51.7,0
VJ Wells (ENG),1999-1999,9,8,36.4,189,8,23.62,5.15,27.5,0
BM Wheeler (NZ),2015-2015,6,6,51.3,315,8,39.37,6.11,38.6,0
SG Whittingham (SCOT),2017-2019,5,5,41.5,224,8,28,5.35,31.3,0
RGCE Wijesuriya (SL),1982-1985,8,8,52,287,8,35.87,5.51,39,0
NS Yadav (INDIA),1986-1987,7,7,55,228,8,28.5,4.14,41.2,0
S Abid Ali (INDIA),1974-1975,5,5,56,187,7,26.71,3.33,48,0
Aminul Islam (BDESH),1988-2002,39,19,68.4,411,7,58.71,5.98,58.8,0
Asif Mujtaba (PAK),1986-1996,66,28,126,658,7,94,5.22,108,0
KBJ Azad (INDIA),1980-1986,25,11,65,273,7,39,4.2,55.7,0
SB Bangar (INDIA),2002-2004,15,14,73.4,384,7,54.85,5.21,63.1,0
OAC Banks (WI),2003-2005,5,5,45,189,7,27,4.2,38.5,0
BS Bedi (INDIA),1974-1979,10,10,98.2,340,7,48.57,3.45,84.2,0
RE Bryson (SA),1997-1997,7,7,63,323,7,46.14,5.12,54,0
RP Burl (ZIM),2017-2019,18,10,35,207,7,29.57,5.91,30,0
BE Congdon (NZ),1973-1978,11,10,72.5,287,7,41,3.94,62.4,0
GJ Crocker (ZIM),1992-1993,6,6,39.4,208,7,29.71,5.24,34,0
AB de Villiers (Afr/SA),2005-2018,228,9,32,202,7,28.85,6.31,27.4,0
DAG Fletcher (ZIM),1983-1983,6,6,50.1,221,7,31.57,4.4,43,0
AS Hansra (CAN),2010-2014,24,18,74.1,413,7,59,5.56,63.5,0
CW Henderson (SA),2001-2001,4,4,36.1,132,7,18.85,3.64,31,0
MC Henriques (AUS),2009-2017,11,10,59,306,7,43.71,5.18,50.5,0
AG Huckle (ZIM),1997-1999,19,18,143,661,7,94.42,4.62,122.5,0
Javed Miandad (PAK),1975-1996,233,12,72.4,297,7,42.42,4.08,62.2,0
SP Jones (ENG),2004-2005,8,7,58,275,7,39.28,4.74,49.7,0
Kamran Shazad (UAE),2014-2015,4,4,37,209,7,29.85,5.64,31.7,0
JJ Krejza (AUS),2011-2011,8,8,70.5,331,7,47.28,4.67,60.7,0
Krishna Chandran (UAE),2014-2016,12,11,69.4,431,7,61.57,6.18,59.7,0
ML Lewis (AUS),2005-2006,7,7,56.5,391,7,55.85,6.87,48.7,0
Mahbubul Alam (BDESH),2009-2009,5,5,37,280,7,40,7.56,31.7,0
B Mavuta (ZIM),2018-2019,7,7,46,266,7,38,5.78,39.4,0
Mominul Haque (BDESH),2012-2018,28,12,39,190,7,27.14,4.87,33.4,0
EA Moseley (WI),1990-1991,9,8,55,278,7,39.71,5.05,47.1,0
C Munro (NZ),2013-2019,57,25,92,481,7,68.71,5.22,78.8,0
T Muzarabani (ZIM),2015-2016,8,8,53.5,262,7,37.42,4.86,46.1,0
AK Patel (INDIA),1984-1985,8,6,60,263,7,37.57,4.38,51.4,0
NK Patel (USA),2019-2019,6,5,22,101,7,14.42,4.59,18.8,0
KP Pietersen (ENG/ICC),2004-2013,136,23,66.4,370,7,52.85,5.55,57.1,0
AM Samad (CAN),2003-2009,27,14,39.1,281,7,40.14,7.17,33.5,0
KD Shah (HKG),2014-2018,10,3,18.2,79,7,11.28,4.3,15.7,0
OA Shah (ENG),2001-2009,71,10,32.1,184,7,26.28,5.72,27.5,0
Shahid Mahboob (PAK),1982-1984,10,10,90,382,7,54.57,4.24,77.1,0
BB Sran (INDIA),2016-2016,6,6,50.2,269,7,38.42,5.34,43.1,0
B Stanlake (AUS),2017-2019,7,7,59,324,7,46.28,5.49,50.5,0
GB Stevenson (ENG),1980-1981,4,4,32,125,7,17.85,3.9,27.4,0
CP Tremain (AUS),2016-2016,4,4,40,255,7,36.42,6.37,34.2,0
TE Tucker (BMUDA),2008-2009,5,5,29,157,7,22.42,5.41,24.8,0
SL Watkin (ENG),1994-1994,4,4,36.5,193,7,27.57,5.23,31.5,0
B Yardley (AUS),1978-1983,7,5,33,130,7,18.57,3.93,28.2,0
Zaheer Abbas (PAK),1974-1985,62,12,46.4,223,7,31.85,4.77,40,0
Zeeshan Maqsood (OMAN),2019-2019,5,5,44,147,7,21,3.34,37.7,0
Aqib Ilyas (OMAN),2019-2019,5,5,23,80,6,13.33,3.47,23,0
Athar Ali Khan (BDESH),1988-1998,19,15,70,365,6,60.83,5.21,70,0
ID Austin (ENG),1998-1999,9,9,79.1,360,6,60,4.54,79.1,0
Azhar Saeed (UAE),1994-1996,7,7,45.1,213,6,35.5,4.71,45.1,0
IR Bell (ENG),2004-2015,161,6,14.4,88,6,14.66,6,14.6,0
Bilawal Bhatti (PAK),2013-2015,10,10,68.1,439,6,73.16,6.44,68.1,0
GE Bradburn (NZ),1990-2001,11,10,64.1,318,6,53,4.95,64.1,0
LJ Burger (NAM),2003-2003,6,6,55,297,6,49.5,5.4,55,0
N Deonarine (WI),2005-2015,31,20,83.3,475,6,79.16,5.68,83.5,0
LHD Dilhara (SL),2005-2013,9,8,55,261,6,43.5,4.74,55,0
SF Dukanwala (UAE),1996-1996,5,4,33,153,6,25.5,4.63,33,1
Fahad Alhashmi (UAE),2008-2015,5,5,37.2,202,6,33.66,5.41,37.3,0
KHRK Fernando (SL),2002-2006,7,7,39,159,6,26.5,4.07,39,0
SC Getkate (IRE),2019-2019,3,3,27,120,6,20,4.44,27,0
JOA Gordon (CAN),2012-2014,5,5,34,191,6,31.83,5.61,34,0
MD Gunathilaka (SL),2015-2019,38,18,51,296,6,49.33,5.8,51,0
RO Hinds (WI),2001-2004,14,12,67.5,350,6,58.33,5.15,67.8,0
Imran Farhat (PAK),2001-2013,58,8,19.2,110,6,18.33,5.68,19.3,0
MMA Jonkman (NL),2007-2010,4,4,22.4,113,6,18.83,4.98,22.6,0
Karim Sadiq (AFG),2009-2016,24,12,53.2,201,6,33.5,3.76,53.3,0
J Kila (PNG),2018-2019,6,6,33.1,135,6,22.5,4.07,33.1,0
PN Kirsten (SA),1991-1994,40,8,30.3,152,6,25.33,4.98,30.5,0
BP Loots (NL),2010-2011,7,7,46.4,287,6,47.83,6.15,46.6,0
PE McEwan (NZ),1980-1985,17,10,70,353,6,58.83,5.04,70,0
SCG MacGill (AUS),2000-2000,3,3,30,105,6,17.5,3.5,30,0
KA Maharaj (SA),2017-2018,4,4,31.1,166,6,27.66,5.32,31.1,0
KO Meth (ZIM),2006-2012,11,9,67.4,419,6,69.83,6.19,67.6,0
PL Mommsen (SCOT),2010-2017,44,6,22,130,6,21.66,5.9,22,0
CT Mutombodzi (ZIM),2013-2015,11,9,51.5,278,6,46.33,5.36,51.8,0
Naveen-ul-Haq (AFG),2016-2019,4,4,35.2,201,6,33.5,5.68,35.3,0
EO Odumbe (KENYA),1996-1996,8,7,22.5,137,6,22.83,6,22.8,0
TK Patel (USA),2019-2019,5,4,32,114,6,19,3.56,32,0
MJR Rindel (SA),1994-1999,22,12,45,242,6,40.33,5.37,45,0
GK Robertson (NZ),1981-1989,10,10,83,321,6,53.5,3.86,83,0
BG Rogers (ZIM),2002-2005,15,9,54,321,6,53.5,5.94,54,0
Saeed Anwar (PAK),1989-2003,247,13,40.2,191,6,31.83,4.73,40.3,0
Saiful Islam (BDESH),1990-1997,7,7,50.3,256,6,42.66,5.06,50.5,0
R Sharma (INDIA),2011-2012,4,4,34.2,177,6,29.5,5.15,34.3,0
CEW Silverwood (ENG),1996-2001,7,7,51,244,6,40.66,4.78,51,0
NMK Smith (ENG),1996-1996,7,6,43.3,190,6,31.66,4.36,43.5,0
G Snyman (NAM),2003-2003,5,5,48,281,6,46.83,5.85,48,0
JH Stander (SCOT),2009-2012,5,4,25,166,6,27.66,6.64,25,0
DA Stirling (NZ),1984-1984,6,6,41,207,6,34.5,5.04,41,0
Taijul Islam (BDESH),2014-2019,6,6,57,220,6,36.66,3.85,57,0
Talha Jubair (BDESH),2002-2003,6,6,34,255,6,42.5,7.5,34,0
HP Tillakaratne (SL),1986-2003,200,15,30,141,6,23.5,4.7,30,0
AC Voges (AUS),2007-2013,31,15,50.1,276,6,46,5.5,50.1,0
KPJ Warnaweera (SL),1990-1993,6,6,49,200,6,33.33,4.08,49,0
K Weeraratne (SL),2000-2008,15,14,80,385,6,64.16,4.81,80,0
Jai P Yadav (INDIA),2002-2005,12,10,66,326,6,54.33,4.93,66,0
Zahid Shah (UAE),2008-2008,2,2,20,98,6,16.33,4.9,20,0
Abu Jayed (BDESH),2019-2019,2,2,18,114,5,22.8,6.33,21.6,1
Asif Masood (PAK),1973-1976,7,7,67,234,5,46.8,3.49,80.4,0
ST Banerjee (INDIA),1991-1992,6,6,40,202,5,40.4,5.05,48,0
GJ Batty (ENG),2002-2009,10,9,73.2,366,5,73.2,4.99,88,0
A Bhandari (INDIA),2000-2004,2,2,17.4,106,5,21.2,6,21.2,0
Bilal Asif (PAK),2015-2015,3,3,22,96,5,19.2,4.36,26.4,1
G Boycott (ENG),1971-1981,36,6,28,105,5,21,3.75,33.6,0
D Brown (WI),2001-2002,3,3,25,124,5,24.8,4.96,30,0
MG Burmester (ZIM),1992-1995,8,7,34.5,213,5,42.6,6.11,41.8,0
IW Callen (AUS),1978-1982,5,4,30,148,5,29.6,4.93,36,0
J Cameron-Dow (IRE),2019-2019,4,4,31,151,5,30.2,4.87,37.2,0
TK Canning (NZ),2003-2005,4,4,34,203,5,40.6,5.97,40.8,0
NM Carter (SCOT),2013-2013,3,3,29.1,132,5,26.4,4.52,35,0
NGB Cook (ENG),1984-1989,3,3,24,95,5,19,3.95,28.8,0
DJ Cullinan (SA),1993-2000,138,9,29,124,5,24.8,4.27,34.8,0
BCJ Cutting (AUS),2013-2014,4,4,36,158,5,31.6,4.38,43.2,0
PC de Silva (SL),2014-2017,7,7,52.4,256,5,51.2,4.86,63.2,0
NR Dyer (SCOT),1999-1999,5,3,26,117,5,23.4,4.5,31.2,0
Elias Sunny (BDESH),2011-2012,4,4,34,161,5,32.2,4.73,40.8,0
GM Ewing (ZIM),2004-2005,7,7,52,236,5,47.2,4.53,62.4,0
Fareed Ahmad (AFG),2014-2017,5,4,25,143,5,28.6,5.72,30,0
Fawad Alam (PAK),2007-2015,38,13,66.2,377,5,75.4,5.68,79.6,0
MVT Fernando (SL),2017-2019,8,8,49.3,337,5,67.4,6.8,59.4,0
WT Gavera (PNG),2014-2017,4,4,32,160,5,32,5,38.4,0
Gholam Nousher (BDESH),1986-1990,9,9,68,314,5,62.8,4.61,81.6,0
RC Haynes (WI),1989-1991,8,7,45,224,5,44.8,4.97,54,0
TJ Heggelman (NL),2010-2011,5,3,17,86,5,17.2,5.05,20.4,0
IG Holland (USA),2019-2019,4,4,23,100,5,20,4.34,27.6,0
RO Hurley (WI),2003-2004,9,7,63,313,5,62.6,4.96,75.6,0
Ijaz Ahmed (PAK),1986-2000,250,28,106.1,476,5,95.2,4.48,127.4,0
Jasdeep Singh (USA),2019-2019,4,4,19,104,5,20.8,5.47,22.8,0
Jay Odedra (OMAN),2019-2019,2,2,20,82,5,16.4,4.1,24,0
S Jeganathan (SL),1983-1988,5,5,46,208,5,41.6,4.52,55.2,0
D Joseph (CAN),2003-2003,4,4,31,170,5,34,5.48,37.2,0
Karan KC (NEPAL),2018-2019,5,5,39,199,5,39.8,5.1,46.8,0
RJ Kennedy (NZ),1996-1996,7,7,52,283,5,56.6,5.44,62.4,0
SC Kuggeleijn (NZ),2017-2017,2,2,14,58,5,11.6,4.14,16.8,0
JB Little (IRE),2019-2019,4,4,36,262,5,52.4,7.27,43.2,0
SW Lubbers (NL),1996-1996,4,4,36,187,5,37.4,5.19,43.2,0
MAWR Madurasinghe (SL),1988-1992,12,11,80,358,5,71.6,4.47,96,0
Manzoor Akhtar (PAK),1997-1998,7,6,33.1,184,5,36.8,5.54,39.8,0
Mohammad Hasnain (PAK),2019-2019,5,5,41,303,5,60.6,7.39,49.2,0
Mohammad Khalil (PAK),2005-2005,3,3,24,144,5,28.8,6,28.8,0
HJC Mol (NL),2002-2008,11,7,30.2,149,5,29.8,4.91,36.4,0
J Mulder (IRE),2017-2017,4,4,31,155,5,31,5,37.2,0
Nadeem Ghauri (PAK),1990-1990,6,6,57,230,5,46,4.03,68.4,0
Naseer Malik (PAK),1975-1975,3,3,30,98,5,19.6,3.26,36,0
BP Nash (WI),2008-2009,9,6,49,224,5,44.8,4.57,58.8,0
Nazmul Islam (BDESH),2018-2018,5,5,44,224,5,44.8,5.09,52.8,0
TS Nethula (NZ),2012-2012,5,5,44,249,5,49.8,5.65,52.8,0
LN Oluoch (KENYA),2011-2011,2,2,16,79,5,15.8,4.93,19.2,0
ARM Opatha (SL),1975-1979,5,5,42.1,180,5,36,4.26,50.6,0
SMA Priyanjan (SL),2013-2015,23,14,44.1,233,5,46.6,5.27,53,0
Qaiser Ali (CAN),2006-2008,17,6,30.2,132,5,26.4,4.35,36.4,0
DB Rundle (SA),1994-1994,2,2,16,95,5,19,5.93,19.2,0
Saleem Altaf (PAK),1973-1978,6,6,47.3,151,5,30.2,3.17,57,0
IDK Salisbury (ENG),1993-1994,4,4,31,177,5,35.4,5.7,37.2,0
TAP Sekhar (INDIA),1983-1985,4,4,26,128,5,25.6,4.92,31.2,0
JJ Smit (NAM),2019-2019,5,5,26,120,5,24,4.61,31.2,0
RS Sodhi (INDIA),2000-2002,18,14,77,365,5,73,4.74,92.4,0
RD Steede (BMUDA),2006-2008,8,8,52,257,5,51.4,4.94,62.4,0
Sunzamul Islam (BDESH),2017-2018,3,3,25,79,5,15.8,3.16,30,0
Tanveer Ahmed (HKG),2016-2018,6,6,38.1,208,5,41.6,5.44,45.8,0
MK Tiwary (INDIA),2008-2015,12,6,22,150,5,30,6.81,26.4,0
GC Tonge (WI),2009-2009,5,5,50,224,5,44.8,4.48,60,0
S Venkataraghavan (INDIA),1974-1983,15,14,144.4,542,5,108.4,3.74,173.6,0
T Yohannan (INDIA),2002-2002,3,3,20,122,5,24.4,6.1,24,0
Sultan Zarawani (UAE),1994-1996,7,7,44,257,5,51.4,5.84,52.8,0
Aamer Hanif (PAK),1993-1995,5,4,21.4,122,4,30.5,5.63,32.5,0
Afzaal Haider (HKG),2004-2008,4,4,30,227,4,56.75,7.56,45,0
FA Allen (WI),2018-2019,12,11,60,360,4,90,6,90,0
J Angel (AUS),1994-1995,3,3,27,113,4,28.25,4.18,40.5,0
Ashfaq Ahmed (UAE),2018-2019,16,7,37.1,185,4,46.25,4.97,55.7,0
Asim Butt (SCOT),1999-1999,5,5,37,148,4,37,4,55.5,0
Azhar Ali (PAK),2011-2018,53,14,43,260,4,65,6.04,64.5,0
Azhar Hossain (BDESH),1988-1990,7,7,43.5,209,4,52.25,4.76,65.7,0
GR Beard (AUS),1981-1981,2,2,18.4,70,4,17.5,3.75,28,0
DM Benkenstein (SA),1998-2002,23,4,10.5,44,4,11,4.06,16.2,0
MJ Bennett (AUS),1984-1985,8,8,68,275,4,68.75,4.04,102,0
Bilal Khan (OMAN),2019-2019,4,4,37,151,4,37.75,4.08,55.5,0
JL Carter (WI),2015-2019,33,12,22.4,160,4,40,7.05,34,0
NA David (INDIA),1997-1997,4,4,32,133,4,33.25,4.15,48,0
AP Devcich (NZ),2013-2016,12,11,54,291,4,72.75,5.38,81,0
R Dravid (Asia/ICC/INDIA),1996-2011,344,8,31,170,4,42.5,5.48,46.5,0
CJ Drum (NZ),1999-1999,5,5,36,261,4,65.25,7.25,54,0
Ehsan Adil (PAK),2013-2015,6,6,37.3,223,4,55.75,5.94,56.2,0
AJ Finch (AUS),2013-2019,119,19,44.2,239,4,59.75,5.39,66.5,0
N Gifford (ENG),1985-1985,2,2,20,50,4,12.5,2.5,30,0
MW Goodwin (ZIM),1998-2000,71,15,41.2,210,4,52.5,5.08,62,0
MJ Guptill (NZ),2009-2019,179,11,18.1,98,4,24.5,5.39,27.2,0
R Illingworth (ENG),1971-1973,3,2,21.4,84,4,21,3.87,32.5,0
Ilyas Gull (HKG),2004-2004,2,2,19,113,4,28.25,5.94,28.5,0
Intikhab Alam (PAK),1973-1976,4,4,26.2,118,4,29.5,4.48,39.5,0
MM Iqbal (SCOT),2009-2014,13,8,45,270,4,67.5,6,67.5,0
KCB Jeremy (WI),2000-2001,6,5,32,163,4,40.75,5.09,48,0
AH Jones (NZ),1987-1995,87,11,51,216,4,54,4.23,76.5,0
Jubair Hossain (BDESH),2014-2015,3,3,19,114,4,28.5,6,28.5,0
Junaid Siddiqui (CAN),2011-2014,9,9,66.4,302,4,75.5,4.53,100,0
K Kamyuka (CAN),2013-2013,2,2,7.5,47,4,11.75,6,11.7,0
E Katchay (CAN),2008-2009,5,5,29,143,4,35.75,4.93,43.5,0
V Kohli (INDIA),2008-2019,242,48,106.5,665,4,166.25,6.22,160.2,0
BC Lara (ICC/WI),1990-2007,299,5,8.1,61,4,15.25,7.46,12.2,0
B Laughlin (AUS),2009-2009,5,5,37.2,219,4,54.75,5.86,56,0
DV Lawrence (ENG),1991-1991,1,1,11,67,4,16.75,6.09,16.5,0
OC McCoy (WI),2018-2018,2,2,14,109,4,27.25,7.78,21,0
A McGrath (ENG),2003-2004,14,7,38,175,4,43.75,4.6,57,0
LD Madushanka (SL),2017-2017,4,4,24,172,4,43,7.16,36,0
T Maruma (ZIM),2007-2019,21,9,37.3,230,4,57.5,6.13,56.2,0
Mehrab Hossain jnr (BDESH),2006-2009,18,10,42.1,214,4,53.5,5.07,63.2,0
JP Millmow (NZ),1990-1990,5,5,45,232,4,58,5.15,67.5,0
Mohammad Talha (PAK),2014-2014,3,3,20.2,146,4,36.5,7.18,30.5,0
Mosharraf Hossain (BDESH),2008-2016,5,5,33,147,4,36.75,4.45,49.5,0
AMN Munasinghe (SL),1994-1996,5,5,36.1,146,4,36.5,4.03,54.2,0
Nizakat Khan (HKG),2014-2018,20,6,24.1,119,4,29.75,4.92,36.2,0
G Onions (ENG),2009-2009,4,4,34,185,4,46.25,5.44,51,0
SD Parry (ENG),2014-2014,2,2,19,92,4,23,4.84,28.5,0
BJ Patel (KENYA),2001-2006,31,8,27.3,163,4,40.75,5.92,41.2,0
D Paterson (SA),2017-2019,4,4,34.5,217,4,54.25,6.22,52.2,0
MR Ramprakash (ENG),1991-2001,18,5,22,108,4,27,4.9,33,0
B Regmi (NEPAL),2018-2019,4,4,29,117,4,29.25,4.03,43.5,0
AM Salvi (INDIA),2003-2003,4,4,28.4,120,4,30,4.18,43,0
JA Samarasekera (UAE),1994-1996,7,7,49,236,4,59,4.81,73.5,0
Shaiman Anwar (UAE),2014-2019,40,7,19.3,134,4,33.5,6.87,29.2,0
V Shankar (INDIA),2019-2019,12,9,38.5,210,4,52.5,5.4,58.2,0
Sheikh Salahuddin (BDESH),1997-1997,6,6,41,249,4,62.25,6.07,61.5,0
ED Solkar (INDIA),1974-1976,7,6,42,169,4,42.25,4.02,63,0
BR Taylor (NZ),1973-1973,2,2,19,62,4,15.5,3.26,28.5,0
DJ Terbrugge (SA),2000-2000,4,4,21,105,4,26.25,5,31.5,0
ME Trescothick (ENG),2000-2006,123,13,38.4,219,4,54.75,5.66,58,0
AJ Tudor (ENG),2002-2002,3,3,21.1,136,4,34,6.42,31.7,0
RG Twose (NZ),1995-2001,87,11,45.2,235,4,58.75,5.18,68,0
PS Vaidya (INDIA),1995-1996,4,4,30.4,174,4,43.5,5.67,46,0
PA van Meekeren (NL),2013-2019,5,5,35,161,4,40.25,4.6,52.5,0
LP van Troost (NL),2002-2007,23,11,41,280,4,70,6.82,61.5,0
MDJ Walker (NZ),2003-2003,3,3,22,119,4,29.75,5.4,33,0
HR Walsh (USA/WI),2019-2019,5,5,26.4,160,4,40,6,40,0
KD Walters (AUS),1971-1981,28,10,52.2,273,4,68.25,5.21,78.5,0
RJ Webb (NZ),1983-1983,3,3,26.5,105,4,26.25,3.91,40.2,0
JW Wilson (NZ),1993-2005,6,6,40.2,260,4,65,6.44,60.5,0
Yasir Arafat (PAK),2000-2009,11,10,69,373,4,93.25,5.4,103.5,0
B Yograj Singh (INDIA),1980-1981,6,5,40.4,186,4,46.5,4.57,61,0
Zaheer Maqsood (UAE),2015-2015,2,2,20,116,4,29,5.8,30,0
Zulfiqar Ali (EAf),1975-1975,3,3,35,166,4,41.5,4.74,52.5,0
Zulfiqar Babar (PAK),2014-2015,5,5,49,246,4,61.5,5.02,73.5,0
NP Kenjige (USA),2019-2019,4,4,26,129,3,43,4.96,52,0
Aamer Malik (PAK),1988-1994,24,5,20,86,3,28.66,4.3,40,0
JS Ababu (KENYA),1999-2006,9,8,48,255,3,85,5.31,96,0
Abu Hider (BDESH),2018-2018,2,2,18,89,3,29.66,4.94,36,0
JP Agnew (ENG),1985-1985,3,3,21,120,3,40,5.71,42,0
CR Amini (PNG),2014-2014,2,2,18,79,3,26.33,4.38,36,0
HAG Anthony (WI),1995-1995,3,3,26,143,3,47.66,5.5,52,0
Asghar Afghan (AFG),2009-2019,111,7,23.1,91,3,30.33,3.92,46.3,0
AM Bacher (SA),1997-2005,13,3,18,64,3,21.33,3.55,36,0
HK Badani (INDIA),2000-2004,40,9,30.3,149,3,49.66,4.88,61,0
PJ Bakker (NL),1996-1996,5,5,43,215,3,71.66,5,86,0
RL Bhudia (KENYA),2008-2009,5,5,30,151,3,50.33,5.03,60,0
Bhupinder Singh snr (INDIA),1994-1994,2,2,17,78,3,26,4.58,34,0
RJ Bright (AUS),1974-1986,11,10,77,350,3,116.66,4.54,154,0
AJ Burger (NAM),2003-2003,6,5,16,104,3,34.66,6.5,32,0
DK Butler (WI),2005-2006,5,5,41,188,3,62.66,4.58,82,0
SJ Cameron (SCOT),2018-2018,2,2,18.1,123,3,41,6.77,36.3,0
PE Cantrell (NL),1996-1996,5,5,31,170,3,56.66,5.48,62,0
BS Chandrasekhar (INDIA),1976-1976,1,1,9.2,36,3,12,3.85,18.6,0
U Chatterjee (INDIA),1995-1995,3,3,26.5,117,3,39,4.36,53.6,0
WM Clark (AUS),1978-1978,2,2,16.4,61,3,20.33,3.66,33.3,0
LA Dawson (ENG),2016-2018,3,2,14,96,3,32,6.85,28,0
NA de Groot (CAN),2003-2003,6,3,13.3,88,3,29.33,6.51,27,0
RL Dias (SL),1979-1987,58,6,9.2,70,3,23.33,7.5,18.6,0
BL D'Oliveira (ENG),1971-1972,4,4,34,140,3,46.66,4.11,68,0
KG Duers (ZIM),1992-1992,6,6,50,256,3,85.33,5.12,100,0
Ehsanul Haque (BDESH),2002-2003,6,3,23.3,113,3,37.66,4.8,47,0
Fawad Ahmed (AUS),2013-2013,3,3,24,145,3,48.33,6.04,48,0
Fayyaz Butt (OMAN),2019-2019,5,5,33,165,3,55,5,66,0
IS Gallage (SL),1999-2001,3,3,24,115,3,38.33,4.79,48,0
JC Gamage (SL),1995-1995,4,4,22,104,3,34.66,4.72,44,0
B Geeves (AUS),2008-2009,2,2,15,78,3,26,5.2,30,0
RS Ghai (INDIA),1984-1986,6,6,45.5,260,3,86.66,5.67,91.6,0
AP Grayson (ENG),2000-2001,2,2,15,60,3,20,4,30,0
Haafiz Shahid (PAK),1988-1988,3,3,21.1,112,3,37.33,5.29,42.3,0
GM Hamilton (SCOT),1999-2010,38,6,36.4,160,3,53.33,4.36,73.3,0
PL Harris (SA),2008-2008,3,3,30,83,3,27.66,2.76,60,0
Hasti Gul (AFG),2009-2009,2,2,19,73,3,24.33,3.84,38,0
KC Hodsoll (BMUDA),2007-2008,3,3,17,100,3,33.33,5.88,34,0
CK Hooper (CAN),2007-2010,5,5,28.1,181,3,60.33,6.42,56.3,0
GP Howarth (NZ),1975-1985,70,7,15,68,3,22.66,4.53,30,0
Inzamam-ul-Haq (Asia/PAK),1991-2007,378,6,9.4,64,3,21.33,6.62,19.3,0
Iqbal Sikander (PAK),1992-1992,4,4,35,147,3,49,4.2,70,0
SD Jack (SA),1994-1995,2,2,18,86,3,28.66,4.77,36,0
GSNFG Jayasuriya (SL),2015-2019,12,11,52,277,3,92.33,5.32,104,0
DM Jones (AUS),1984-1994,164,8,17.4,81,3,27,4.58,35.3,0
Junaid Zia (PAK),2003-2003,4,4,24.1,127,3,42.33,5.25,48.3,0
AI Kallicharran (WI),1973-1981,31,4,17.3,64,3,21.33,3.65,35,0
Kamran Hussain (PAK),2008-2008,2,2,17,67,3,22.33,3.94,34,0
Khalid Khan (HKG),2004-2004,2,2,18,93,3,31,5.16,36,0
BL Kotze (NAM),2003-2003,5,5,43,276,3,92,6.41,86,0
BP Kruger (NL),2010-2011,5,5,30.4,131,3,43.66,4.27,61.3,0
DSK Madushanka (SL),2018-2018,1,1,6.1,26,3,8.66,4.21,12.3,0
AK Markram (SA),2017-2019,26,6,20,132,3,44,6.6,40,0
RAL Massie (AUS),1972-1972,3,3,30.3,129,3,43,4.22,61,0
Mehmood Quaraishy (EAf),1975-1975,3,2,18,94,3,31.33,5.22,36,0
JM Mennie (AUS),2016-2016,2,2,20,131,3,43.66,6.55,40,0
PL Mhambrey (INDIA),1996-1998,3,3,21,120,3,40,5.71,42,0
A Mithun (INDIA),2010-2011,5,5,30,203,3,67.66,6.76,60,0
Mohammad Nazir (PAK),1980-1984,4,4,37,156,3,52,4.21,74,0
GMC Mol (NL),2007-2008,6,6,27,111,3,37,4.11,54,0
N M'shangwe (ZIM),2011-2014,6,6,56,260,3,86.66,4.64,112,0
Najeeb Amar (HKG),2004-2008,4,4,40,172,3,57.33,4.3,80,0
Nasir Aziz (UAE),2014-2015,5,5,44,257,3,85.66,5.84,88,0
N Ncube (ZIM),2011-2011,1,1,8.5,69,3,23,7.81,17.6,0
RG Nijman (NL),2009-2009,1,1,8.1,31,3,10.33,3.79,16.3,0
D Olivier (SA),2019-2019,2,2,19,124,3,41.33,6.52,38,0
A Patel (CAN),2003-2003,2,2,10,73,3,24.33,7.3,20,0
Pervez Mir (PAK),1975-1977,3,3,20.2,77,3,25.66,3.78,40.6,0
RT Ponting (AUS/ICC),1995-2012,375,5,25,104,3,34.66,4.16,50,0
GD Porter (AUS),1979-1979,2,2,18,33,3,11,1.83,36,0
R Powell (WI),2016-2018,34,13,40.5,243,3,81,5.95,81.6,0
D Ramnarine (WI),1997-2001,4,4,33.2,164,3,54.66,4.92,66.6,0
SK Ranasinghe (SL),1986-1986,4,4,21,96,3,32,4.57,42,0
AT Rayudu (INDIA),2013-2019,55,9,20.1,124,3,41.33,6.14,40.3,0
Sabbir Rahman (BDESH),2014-2019,66,21,51,345,3,115,6.76,102,0
Saleem Raza (UAE),1994-1996,6,6,32,179,3,59.66,5.59,64,0
GS Sandhu (AUS),2015-2015,2,2,20,107,3,35.66,5.35,40,0
Sarandeep Singh (INDIA),2002-2003,5,5,43,180,3,60,4.18,86,0
KF Semple (WI),1999-1999,7,4,22,121,3,40.33,5.5,44,0
Shahid Saeed (PAK),1989-1993,10,7,37,159,3,53,4.29,74,0
R Shepherd (WI),2019-2019,3,3,18.2,101,3,33.66,5.5,36.6,0
L Siaka (PNG),2014-2019,25,11,34,146,3,48.66,4.29,68,0
V Sibanda (Afr/ZIM),2003-2016,127,11,44.3,265,3,88.33,5.95,89,0
D Soraine (CAN),2006-2012,4,3,18.5,94,3,31.33,4.99,37.6,0
KR Stackpole (AUS),1971-1974,6,2,12.5,54,3,18,4.2,25.6,0
LW Stott (NZ),1979-1979,1,1,12,48,3,16,4,24,0
GP Sulzberger (NZ),2000-2000,3,3,22,102,3,34,4.63,44,0
MR Swart (NL),2011-2014,12,11,61,306,3,102,5.01,122,0
AR Tait (NZ),1998-1999,5,5,20,88,3,29.33,4.4,40,0
HDRL Thirimanne (SL),2010-2019,127,4,17.2,94,3,31.33,5.42,34.6,0
JG Thomas (ENG),1986-1987,3,3,26,144,3,48,5.53,52,0
FJ Titmus (ENG),1975-1975,2,1,9.2,53,3,17.66,5.67,18.6,0
MS Tshabalala (SA),2007-2007,4,4,25,151,3,50.33,6.04,50,0
S Tyagi (INDIA),2009-2010,4,4,27.3,144,3,48,5.23,55,0
JN Valentine (CAN),1979-1979,3,3,19,66,3,22,3.47,38,0
Wajahatullah Wasti (PAK),1999-2000,15,3,9.1,69,3,23,7.52,18.3,0
LJ Woodcock (NZ),2011-2011,4,4,27.2,155,3,51.66,5.67,54.6,0
HN Ya France (NAM),2019-2019,4,4,23,96,3,32,4.17,46,0
GN Yallop (AUS),1978-1984,30,4,23,119,3,39.66,5.17,46,0
Younis Khan (PAK),2000-2015,265,20,47.2,288,3,96,6.08,94.6,0
Zafar Iqbal (PAK),1995-1995,8,7,33,137,3,45.66,4.15,66,0
Zahid Ahmed (PAK),1987-1987,2,2,16,61,3,20.33,3.81,32,0
Aamer Yamin (PAK),2015-2018,4,4,26,154,2,77,5.92,78,0
Aamir Kaleem (OMAN),2019-2019,2,2,12.5,54,2,27,4.2,38.5,0
Abdullah Mazari (AFG),2010-2010,2,2,16,49,2,24.5,3.06,48,0
Ahmed Shehzad (PAK),2009-2017,81,9,19.1,140,2,70,7.3,57.5,0
Ali Asad (UAE),2004-2004,2,2,20,73,2,36.5,3.65,60,0
DI Allan (KENYA),2011-2013,5,4,18.4,80,2,40,4.28,56,0
GJAF Aponso (NL),1996-1996,5,5,40.2,257,2,128.5,6.37,121,0
Asad Ali (PAK),2013-2013,4,4,30,115,2,57.5,3.83,90,0
SV Bahutule (INDIA),1997-2003,8,7,49,283,2,141.5,5.77,147,0
A Balbirnie (IRE),2010-2019,64,3,10,68,2,34,6.8,30,0
MRCN Bandaratilleke (SL),1998-1998,3,3,24,111,2,55.5,4.62,72,0
MD Bates (NZ),2012-2012,2,2,14,52,2,26,3.71,42,0
S Bau (PNG),2016-2019,21,6,30,124,2,62,4.13,90,0
LS Bhandari (NEPAL),2018-2018,1,1,9,43,2,21.5,4.77,27,0
DR Briggs (ENG),2012-2012,1,1,10,39,2,19.5,3.9,30,0
JE Brinkley (SCOT),1999-1999,5,3,28,117,2,58.5,4.17,84,0
BS Browne (WI),1994-1994,4,4,30,156,2,78,5.2,90,0
PH Carlson (AUS),1979-1979,4,3,28,70,2,35,2.5,84,0
DL Chahar (INDIA),2018-2019,3,3,21,129,2,64.5,6.14,63,0
IM Chappell (AUS),1971-1980,16,2,7,23,2,11.5,3.28,21,0
GA Cope (ENG),1977-1978,2,2,18.4,35,2,17.5,1.87,56,0
CS Cowdrey (ENG),1985-1985,3,2,8.4,55,2,27.5,6.34,26,0
DJ Cullen (AUS),2006-2006,5,5,35.3,147,2,73.5,4.14,106.5,0
SM Curran (ENG),2018-2018,2,2,12,90,2,45,7.5,36,0
DDP D'Silva (UAE),2019-2019,3,2,17,71,2,35.5,4.17,51,0
D Daesrath (CAN),2012-2013,4,2,12,48,2,24,4,36,0
RR David (CAN),2008-2010,4,4,16,74,2,37,4.62,48,0
DLS de Silva (SL),1979-1979,2,2,20,54,2,27,2.7,60,0
BR Dorey (AUS),2006-2006,4,4,27,146,2,73,5.4,81,0
F du Plessis (SA),2011-2019,143,11,32,189,2,94.5,5.9,96,0
CE Eksteen (SA),1991-1994,6,6,37,181,2,90.5,4.89,111,0
D Elgar (SA),2012-2018,8,4,16,67,2,33.5,4.18,48,0
KADM Fernando (SL),2003-2003,1,1,7,13,2,6.5,1.85,21,0
MLC Foster (WI),1973-1973,2,1,5,22,2,11,4.4,15,0
RC Fredericks (WI),1973-1977,12,1,1.4,10,2,5,6,5,0
D Gamage (SL),2003-2003,3,3,15.5,83,2,41.5,5.24,47.5,0
WCA Ganegama (SL),2001-2006,4,3,11,88,2,44,8,33,0
Gazi Ashraf (BDESH),1986-1990,7,3,8.3,33,2,16.5,3.88,25.5,0
LR Gibbs (WI),1973-1975,3,3,26,59,2,29.5,2.26,78,0
Golam Faruq (BDESH),1986-1990,5,5,31,116,2,58,3.74,93,0
MS Gony (INDIA),2008-2008,2,2,13,76,2,38,5.84,39,0
TR Gripper (ZIM),2001-2003,8,6,20,76,2,38,3.8,60,0
TGJ Gruijters (NL),2010-2013,5,4,20,79,2,39.5,3.95,60,0
Hammad Azam (PAK),2011-2015,11,8,33,169,2,84.5,5.12,99,0
SM Harwood (AUS),2009-2009,1,1,10,57,2,28.5,5.7,30,0
R Hekure (PNG),2019-2019,1,1,10,32,2,16,3.2,30,0
CC Henry (CAN),1979-1979,2,2,15,53,2,26.5,3.53,45,0
O Henry (SA),1992-1992,3,3,24.5,125,2,62.5,5.03,74.5,0
H Hiri (PNG),2016-2019,7,4,10,56,2,28,5.6,30,0
RG Holland (AUS),1985-1985,2,2,21,99,2,49.5,4.71,63,0
MEK Hussey (AUS),2004-2012,185,13,40,235,2,117.5,5.87,120,0
AP Igglesden (ENG),1994-1994,4,4,28,122,2,61,4.35,84,0
Irfan Bhatti (PAK),1993-1993,1,1,8,22,2,11,2.75,24,0
Jahangir Shah (BDESH),1986-1990,5,5,39,172,2,86,4.41,117,0
K Jethi (CAN),2008-2008,3,3,17,85,2,42.5,5,51,0
LWS Kaluperuma (SL),1975-1982,4,4,34.4,137,2,68.5,3.95,104,0
SHT Kandamby (SL),2004-2014,39,9,29,173,2,86.5,5.96,87,0
CK Kapugedera (SL),2006-2017,102,10,44,225,2,112.5,5.11,132,0
VJ Kingma (NL),2014-2019,3,3,21,107,2,53.5,5.09,63,0
DB Kotze (NAM),2003-2003,6,6,47,256,2,128,5.44,141,0
GJP Kruger (SA),2006-2006,3,3,23,139,2,69.5,6.04,69,0
NR Kumar (CAN),2010-2014,16,2,11,63,2,31.5,5.72,33,0
AV Lalcheta (OMAN),2019-2019,2,2,14,62,2,31,4.42,42,0
Liaqat Ali (PAK),1977-1978,3,3,31.2,111,2,55.5,3.54,94,0
J Louw (SA),2008-2008,3,3,26,148,2,74,5.69,78,0
GD McKenzie (AUS),1971-1971,1,1,10,22,2,11,2.2,30,0
Mansoor Akhtar (PAK),1980-1990,41,9,23,110,2,55,4.78,69,0
GC Martin (ZIM),1994-1995,5,4,22,95,2,47.5,4.31,66,0
SC Meaker (ENG),2011-2011,2,2,19,110,2,55,5.78,57,0
KP Meiyappan (UAE),2019-2019,2,2,18,78,2,39,4.33,54,0
Mohammed Qasim (UAE),2017-2017,5,3,20,71,2,35.5,3.55,60,0
Morshed Ali Khan (BDESH),1998-1998,3,3,23,85,2,42.5,3.69,69,0
PV Mpitsang (SA),1999-1999,2,2,10,63,2,31.5,6.3,30,0
J Mubarak (SL),2002-2013,40,8,21.3,95,2,47.5,4.41,64.5,0
SP Mukherjee (INDIA),1990-1991,3,3,29,98,2,49,3.37,87,0
MG Neser (AUS),2018-2018,2,2,16.4,120,2,60,7.2,50,0
IA Nicolson (ZIM),2010-2010,2,2,12,118,2,59,9.83,36,0
KJ O'Keeffe (AUS),1977-1977,2,2,22,79,2,39.5,3.59,66,0
DR O'Sullivan (NZ),1974-1976,3,3,28,123,2,61.5,4.39,84,0
Parvez Rasool (INDIA),2014-2014,1,1,10,60,2,30,6,30,0
RR Patel (KENYA),2008-2014,39,7,28,135,2,67.5,4.82,84,0
R Pathan (CAN),2013-2013,1,1,6,50,2,25,8.33,18,0
J Patraj (CAN),2007-2007,2,2,15,76,2,38,5.06,45,0
HSM Pieris (SL),1975-1975,3,3,22,135,2,67.5,6.13,66,0
NV Radford (ENG),1988-1988,6,6,58,230,2,115,3.96,174,0
P Raho (PNG),2014-2014,1,1,7.3,32,2,16,4.26,22.5,0
WV Raman (INDIA),1988-1996,27,7,27,170,2,85,6.29,81,0
AN Ranasinghe (SL),1975-1982,9,8,54,281,2,140.5,5.2,162,0
NLK Ratnayake (SL),1989-1990,2,2,16.5,98,2,49,5.82,50.5,0
RA Reifer (WI),2019-2019,2,2,8.5,54,2,27,6.11,26.5,0
GJ Rennie (ZIM),1996-2003,40,4,15,75,2,37.5,5,45,0
CEB Rice (SA),1991-1991,3,3,23,114,2,57,4.95,69,0
EJ Richardson (IRE),2013-2013,2,2,11,54,2,27,4.9,33,0
Rizwan Latif (UAE),2004-2004,1,1,9,69,2,34.5,7.66,27,0
Robiul Islam (BDESH),2013-2013,3,3,22.1,117,2,58.5,5.27,66.5,0
LN Roche (ZIM),2018-2018,3,3,23,157,2,78.5,6.82,69,0
Rokhan Barakzai (AFG),2015-2015,1,1,10,45,2,22.5,4.5,30,0
Saadat Ali (PAK),1984-1984,8,2,4.3,29,2,14.5,6.44,13.5,0
Sadiq Mohammad (PAK),1973-1980,19,2,6.2,26,2,13,4.1,19,0
NA Saini (INDIA),2019-2019,1,1,10,58,2,29,5.8,30,0
Sajjad Akbar (PAK),1990-1990,2,1,10,45,2,22.5,4.5,30,0
RB Simpson (AUS),1978-1978,2,2,17,95,2,47.5,5.58,51,0
CL Smith (ENG),1984-1984,4,2,6,28,2,14,4.66,18,0
Sohail Butt (UAE),1994-1994,2,2,13,79,2,39.5,6.07,39,0
RW Staple (USA),2004-2004,2,1,10,76,2,38,7.6,30,0
PC Strydom (SA),2000-2000,10,7,42,206,2,103,4.9,126,0
T Taibu (Afr/ZIM),2001-2012,150,2,14,61,2,30.5,4.35,42,0
Tanvir Ahmed (PAK),2011-2011,2,2,10,83,2,41.5,8.3,30,0
DC Thomas (WI),2009-2013,21,1,1.1,11,2,5.5,9.42,3.5,0
PIC Thompson (WI),1997-1997,2,2,19,110,2,55,5.78,57,0
GP Thorpe (ENG),1993-2002,82,5,20,97,2,48.5,4.85,60,0
IJL Trott (ENG),2009-2013,68,10,30.3,166,2,83,5.44,91.5,0
CM Tuckett (WI),1998-1998,1,1,8,41,2,20.5,5.12,24,0
M van Jaarsveld (SA),2002-2004,11,2,5.1,18,2,9,3.48,15.5,0
M Venkataramana (INDIA),1988-1988,1,1,10,36,2,18,3.6,30,0
C Viljoen (NAM),2019-2019,2,2,5,14,2,7,2.8,15,0
KP Walmsley (NZ),2003-2003,2,2,20,117,2,58.5,5.85,60,0
GD Watson (AUS),1972-1972,2,1,8,28,2,14,3.5,24,0
DS Wesonga (KENYA),2010-2011,4,1,7,28,2,14,4,21,0
RK Whelan (IRE),2007-2007,2,2,15,99,2,49.5,6.6,45,0
CM Willoughby (SA),2000-2003,3,3,28,148,2,74,5.28,84,0
Yamin Ahmadzai (AFG),2015-2019,4,4,26.4,139,2,69.5,5.21,80,0
Zafar Gohar (PAK),2015-2015,1,1,10,54,2,27,5.4,30,0
Zahid Hussain (CAN),2011-2011,2,2,20,94,2,47,4.7,60,0
MZ Zahir (CAN),2009-2009,1,1,5,35,2,17.5,7,15,0
Zahir Khan (AFG),2019-2019,1,1,10,55,2,27.5,5.5,30,0
Aamer Hameed (PAK),1977-1978,2,2,14.4,38,1,38,2.59,88,0
SA Abbott (AUS),2014-2014,1,1,5,25,1,25,5,30,0
Ahmed Kamal (BDESH),1999-1999,1,1,5,39,1,39,7.8,30,0
DS Airee (NEPAL),2018-2019,6,3,13,51,1,51,3.92,78,0
GW Aldridge (NZ),2011-2011,2,2,19,98,1,98,5.15,114,0
Ali Khan (USA),2019-2019,1,1,5,23,1,23,4.6,30,0
Aminul Islam jnr (BDESH),1999-1999,1,1,5,33,1,33,6.6,30,0
Arshad Ali (UAE),2004-2008,4,3,17,105,1,105,6.17,102,0
Arshad Laeeq (UAE),1994-1996,6,6,33,198,1,198,6,198,0
B Arun (INDIA),1986-1987,4,4,17,103,1,103,6.05,102,0
Asim Saeed (UAE),2004-2004,2,2,9,40,1,40,4.44,54,0
KMC Bandara (SL),2016-2016,1,1,10,83,1,83,8.3,60,0
Basil Hameed (UAE),2019-2019,3,1,2,10,1,10,5,12,0
Basit Ali (PAK),1993-1996,50,2,5,21,1,21,4.2,30,0
RR Beaton (WI),2017-2017,2,2,17,102,1,102,6,102,0
JE Benjamin (ENG),1994-1995,2,2,12,47,1,47,3.91,72,0
K Birkenstock (NAM),2019-2019,5,1,1,5,1,5,5,6,0
BR Blair (NZ),1982-1986,14,2,5,34,1,34,6.8,30,0
GK Bose (INDIA),1974-1974,1,1,11,39,1,39,3.54,66,0
BP Bracewell (NZ),1978-1978,1,1,11,41,1,41,3.72,66,0
KC Brathwaite (WI),2016-2017,10,5,25.2,140,1,140,5.52,152,0
VR Brown (NZ),1988-1988,3,2,11,75,1,75,6.81,66,0
DE Budge (SCOT),2018-2019,3,2,6,26,1,26,4.33,36,0
MG Burgess (NZ),1973-1981,26,3,12.2,69,1,69,5.59,74,0
RG Callender (CAN),1979-1979,2,2,9,26,1,26,2.88,54,0
LOB Cann (BMUDA),2006-2009,26,4,16.4,129,1,129,7.74,100,0
SJ Chalmers (SCOT),2009-2009,2,2,10,49,1,49,4.9,60,0
S Chattergoon (WI),2006-2009,18,4,13.2,48,1,48,3.6,80,0
MT Chinouya (ZIM),2013-2013,2,2,11,50,1,50,4.54,66,0
KJ Coetzer (SCOT),2008-2019,59,7,29.5,203,1,203,6.8,179,0
MJ Cosgrove (AUS),2006-2006,3,2,5,13,1,13,2.6,30,0
CJ Dala (SA),2018-2018,2,2,17,121,1,121,7.11,102,0
Dawlat Ahmadzai (AFG),2009-2010,3,3,18.4,121,1,121,6.48,112,0
TN de Grooth (NL),2006-2013,34,1,1,2,1,2,2,6,0
BFW de Leede (NL),2018-2019,3,2,3.5,15,1,15,3.91,23,0
JL Denly (ENG),2009-2019,13,3,11,60,1,60,5.45,66,0
R Dhawan (INDIA),2016-2016,3,3,25,160,1,160,6.4,150,0
MS Dhoni (Asia/INDIA),2004-2019,350,2,6,31,1,31,5.16,36,0
PS Eaglestone (IRE),2008-2008,1,1,7,60,1,60,8.57,42,0
GN Edwards (NZ),1976-1981,6,1,1,5,1,5,5,6,0
Faisal Hossain (BDESH),2004-2010,6,2,12.1,53,1,53,4.35,73,0
Fakhar Zaman (PAK),2017-2019,46,7,22.3,111,1,111,4.93,135,0
TL Fernando (SL),1989-1989,1,1,3,16,1,16,5.33,18,0
SP Fleming (ICC/NZ),1994-2007,280,3,4.5,28,1,28,5.79,29,0
MJ Fourie (IRE),2007-2008,7,5,29.5,128,1,128,4.29,179,0
AN French (HKG),2004-2004,2,2,12,67,1,67,5.58,72,0
AD Gaekwad (INDIA),1975-1987,15,1,8,39,1,39,4.87,48,0
D Ganesh (INDIA),1997-1997,1,1,5,20,1,20,4,30,0
TN Garwe (ZIM),2009-2009,1,1,6,50,1,50,8.33,36,0
RS Gavaskar (INDIA),2004-2004,11,2,12,74,1,74,6.16,72,0
SM Gavaskar (INDIA),1974-1987,108,4,3.2,25,1,25,7.5,20,0
BD Glover (NL),2019-2019,1,1,10,37,1,37,3.7,60,0
Y Goonasekera (SL),1983-1983,3,2,6,35,1,35,5.83,36,0
EL Gouka (NL),1996-1996,3,2,3.4,51,1,51,13.9,22,0
VD Grandia (NL),2002-2002,1,1,5,40,1,40,8,30,0
CG Greenidge (WI),1975-1991,128,2,10,45,1,45,4.5,60,0
RD Gudhka (KENYA),2011-2011,2,2,13,60,1,60,4.61,78,0
Habibul Bashar (BDESH),1995-2007,111,6,29.1,142,1,142,4.86,175,0
LJ Hamilton (NZ),2005-2005,2,2,18,143,1,143,7.94,108,0
JR Hammond (AUS),1972-1972,1,1,9,41,1,41,4.55,54,0
MJ Haslam (NZ),1992-1992,1,1,5,28,1,28,5.6,30,0
DL Hemp (BMUDA),2006-2009,22,4,19,119,1,119,6.26,114,0
BE Hendricks (SA),2019-2019,4,3,21,106,1,106,5.04,126,0
RR Hendricks (SA),2018-2019,18,3,7,47,1,47,6.71,42,0
BJ Hodge (AUS),2005-2007,25,3,11,51,1,51,4.63,66,0
DW Hookes (AUS),1977-1986,39,3,4.5,28,1,28,5.79,29,0
DL Houghton (ZIM),1983-1997,63,1,2,19,1,19,9.5,12,0
Iftikhar Ahmed (PAK),2015-2019,4,4,23,101,1,101,4.39,138,0
Ijaz Ahmed jnr (PAK),1997-1997,2,2,5,25,1,25,5,30,0
Imran Nazir (PAK),1999-2009,79,4,8.1,48,1,48,5.87,49,0
F Jansen (NL),1996-1996,2,2,9,62,1,62,6.88,54,0
PS Jayaprakashdaran (SL),2005-2005,1,1,6,21,1,21,3.5,36,0
TE Jesty (ENG),1983-1983,10,4,18,93,1,93,5.16,108,0
Joginder Sharma (INDIA),2004-2007,4,4,25,115,1,115,4.6,150,0
HR Johnson (USA),2004-2004,2,2,10,69,1,69,6.9,60,0
S Jyoti (CAN),2006-2010,14,4,20,90,1,90,4.5,120,0
VG Kambli (INDIA),1991-2000,104,1,0.4,7,1,7,10.5,4,0
Kashif Raza (PAK),2001-2001,1,1,5,36,1,36,7.2,30,0
GE Kidd (IRE),2007-2008,6,5,36,172,1,172,4.77,216,0
R Lamba (INDIA),1986-1989,32,3,3.1,20,1,20,6.31,19,0
D Lloyd (ENG),1973-1980,8,1,2,3,1,3,1.5,12,0
JL Louw (NAM),2003-2003,1,1,10,60,1,60,6,60,0
SV Manjrekar (INDIA),1988-1996,74,3,1.2,10,1,10,7.5,8,0
AV Mankad (INDIA),1974-1974,1,1,5.5,47,1,47,8.05,35,0
Mansoor Amjad (PAK),2008-2008,1,1,8,44,1,44,5.5,48,0
AW Mathieson (NZ),2015-2015,1,1,4,40,1,40,10,24,0
DES Maxwell (CAN),2006-2007,10,3,12,70,1,70,5.83,72,0
PHKD Mendis (SL),2019-2019,2,2,14,79,1,79,5.64,84,0
T Mishra (KENYA),2006-2013,42,2,1.3,12,1,12,8,9,0
Mohammad Abbas (PAK),2019-2019,3,3,27,153,1,153,5.66,162,0
Mohammad Yousuf (Asia/PAK),1998-2010,288,2,0.2,1,1,1,3,2,0
Mohsin Khan (PAK),1977-1986,75,2,2,5,1,5,2.5,12,0
Mujahid Jamshed (PAK),1997-1997,4,1,4,6,1,6,1.5,24,0
W Mwayenga (ZIM),2002-2004,3,3,21,157,1,157,7.47,126,0
J Nagenda (EAf),1975-1975,1,1,9,50,1,50,5.55,54,0
PG Nana (EAf),1975-1975,3,3,28.5,116,1,116,4.02,173,0
DP Nannes (AUS),2009-2009,1,1,7,20,1,20,2.85,42,0
SV Nayak (INDIA),1981-1982,4,4,37,161,1,161,4.35,222,0
A Ndlovu (ZIM),2019-2019,2,2,17,80,1,80,4.7,102,0
Neeyamur Rashid (BDESH),1999-1999,2,2,13,66,1,66,5.07,78,0
A Neill (SCOT),2019-2019,1,1,9.1,24,1,24,2.61,55,0
AA Noffke (AUS),2008-2008,1,1,9,46,1,46,5.11,54,0
SD Outerbridge (BMUDA),2006-2009,23,7,20,94,1,94,4.7,120,0
JS Paris (AUS),2016-2016,2,2,16,93,1,93,5.81,96,0
JM Parker (NZ),1974-1981,24,1,2.4,10,1,10,3.75,16,0
AJ Penn (NZ),1997-2001,5,5,26.3,201,1,201,7.58,159,0
N Phillip (WI),1978-1978,1,1,7,22,1,22,3.14,42,0
PM Pushpakumara (SL),2017-2017,2,2,19,105,1,105,5.52,114,0
S Ramesh (INDIA),1999-1999,24,3,6,38,1,38,6.33,36,0
N Ranatunga (SL),1993-1993,2,2,17,82,1,82,4.82,102,0
SHA Rance (NZ),2017-2017,2,2,17.3,110,1,110,6.28,105,0
U Ranchod (ZIM),1992-1993,3,3,29,130,1,130,4.48,174,0
DW Randall (ENG),1976-1985,49,1,0.2,2,1,2,6,2,0
Randhir Singh (INDIA),1981-1983,2,2,12,48,1,48,4,72,0
SS Raul (INDIA),1998-1998,2,2,6,27,1,27,4.5,36,0
Raza-ur-Rehman (CAN),2013-2014,6,5,20.2,128,1,128,6.29,122,0
Raza Hasan (PAK),2014-2014,1,1,10,68,1,68,6.8,60,0
V Razdan (INDIA),1989-1990,3,3,14,77,1,77,5.5,84,0
CA Reid (USA),2004-2004,2,2,13,63,1,63,4.84,78,0
RB Reid (NZ),1988-1991,9,1,1.1,13,1,13,11.14,7,0
RB Richardson (WI),1983-1996,224,6,9.4,46,1,46,4.75,58,0
ADG Roberts (NZ),1976-1976,1,1,9.2,30,1,30,3.21,56,0
RJ Robinson (BMUDA),2007-2009,3,3,23,170,1,170,7.39,138,0
TS Roland-Jones (ENG),2017-2017,1,1,7,34,1,34,4.85,42,0
LC Romero (USA),2004-2004,2,1,4,52,1,52,13,24,0
RR Rossouw (SA),2014-2016,36,3,7.3,44,1,44,5.86,45,0
Sameer Zia (UAE),2004-2004,1,1,10,44,1,44,4.4,60,0
Saqib Ali (UAE),2008-2014,5,2,10,57,1,57,5.7,60,0
Saqib Zulfiqar (NL),2019-2019,1,1,7,49,1,49,7,42,0
Sayed Shirzad (AFG),2019-2019,2,1,8,56,1,56,7,48,0
BN Schultz (SA),1992-1992,1,1,9,35,1,35,3.88,54,0
BB Seebaran (CAN),2003-2003,4,3,18,130,1,130,7.22,108,0
RK Sethi (EAf),1975-1975,3,3,20,100,1,100,5,120,0
Shehzad Altaf (UAE),1996-1996,2,2,13,37,1,37,2.84,78,0
Shakeel Khan (PAK),1987-1987,1,1,9,50,1,50,5.55,54,0
M Shezi (SA),2014-2014,1,1,6,8,1,8,1.33,36,0
LR Shukla (INDIA),1999-1999,3,3,19,94,1,94,4.94,114,0
K Shuttleworth (ENG),1971-1971,1,1,9.2,29,1,29,3.1,56,0
LPC Silva (SL),1999-2011,75,2,7,33,1,33,4.71,42,0
LMP Simmons (WI),2006-2015,68,12,26,172,1,172,6.61,156,0
RP Singh (INDIA),1986-1986,2,2,13.4,77,1,77,5.63,82,0
MA Small (WI),1984-1984,2,2,14,54,1,54,3.85,84,0
RAJ Smith (SCOT),2016-2016,2,2,15,97,1,97,6.46,90,0
S Snater (NL),2018-2018,2,2,11.5,63,1,63,5.32,71,0
GS Sobers (WI),1973-1973,1,1,10.3,31,1,31,2.95,63,0
Sohaib Maqsood (PAK),2013-2016,26,4,9,42,1,42,4.66,54,0
VS Solanki (ENG),2000-2006,51,7,18.3,105,1,105,5.67,111,0
OP Stone (ENG),2018-2018,4,3,16,97,1,97,6.06,96,0
GM Strydom (ZIM),2006-2006,12,4,11,61,1,61,5.54,66,0
R Strydom (IRE),2008-2008,9,1,8,63,1,63,7.87,48,0
Subashis Roy (BDESH),2016-2016,1,1,10,45,1,45,4.5,60,0
Syed Maqsood (UAE),2004-2004,2,2,11,84,1,84,7.63,66,0
Tanvir Mehdi (PAK),1992-1992,1,1,11,72,1,72,6.54,66,0
Taufeeq Umar (PAK),2001-2011,22,3,12,85,1,85,7.08,72,0
GJ Thompson (IRE),2008-2008,3,3,12,73,1,73,6.08,72,0
AL Thomson (AUS),1971-1971,1,1,10.4,22,1,22,2.06,64,0
Tushar Imran (BDESH),2001-2007,41,5,21,103,1,103,4.9,126,0
Umair Ali (UAE),2015-2015,2,2,18,125,1,125,6.94,108,0
Usman Ghani (AFG),2014-2017,15,2,6.2,34,1,34,5.36,38,0
BO van Rooi (NAM),2003-2003,3,3,20,119,1,119,5.95,120,0
MA Vermeulen (ZIM),2000-2009,43,1,0.5,5,1,5,6,5,0
M Vijay (INDIA),2010-2015,17,2,6,37,1,37,6.16,36,0
L Vincent (NZ),2001-2007,102,3,3.2,25,1,25,7.5,20,0
Waheed Ahmed (UAE),2019-2019,2,2,5,29,1,29,5.8,30,0
Washington Sundar (INDIA),2017-2017,1,1,10,65,1,65,6.5,60,0
Wasim Haider (PAK),1992-1992,3,3,19,79,1,79,4.15,114,0
S Weerakoon (SL),2012-2012,2,1,10,49,1,49,4.9,60,0
BA Westdijk (NL),2011-2011,4,4,26,195,1,195,7.5,156,0
S Wettimuny (SL),1982-1987,35,6,9.3,70,1,70,7.36,57,0
CG Williams (NAM),2019-2019,5,4,21,91,1,91,4.33,126,0
SC Williams (WI),1994-1999,57,1,4,30,1,30,7.5,24,0
DJ Worrall (AUS),2016-2016,3,3,26.2,171,1,171,6.49,158,0
J Yadav (INDIA),2016-2016,1,1,4,8,1,8,2,24,0
Yashpal Sharma (INDIA),1978-1985,42,8,33.3,199,1,199,5.94,201,0
BE Young (AUS),1998-1999,6,5,39,251,1,251,6.43,234,0
Zain Abbas (HKG),2008-2008,1,1,6,56,1,56,9.33,36,0
AK Zesers (AUS),1987-1987,2,2,15,74,1,74,4.93,90,0
Aarif Sheikh (NEPAL),2018-2019,6,1,2,10,0,-,5,-,0
S Abrahams (SA),2000-2000,1,1,10,40,0,-,4,-,0
Abul Hasan (BDESH),2012-2018,7,7,36,244,0,-,6.77,-,0
FS Ahangama (SL),1985-1985,1,1,3,23,0,-,7.66,-,0
Ahmed Shah (AFG),2009-2009,1,1,1,12,0,-,12,-,0
Akram Khan (BDESH),1988-2003,44,6,19.3,138,0,-,7.07,-,0
Aman Ali (UAE),2008-2008,1,1,2,22,0,-,11,-,0
PK Amre (INDIA),1991-1994,37,1,0.2,4,0,-,12,-,0
J Anderson (IRE),2014-2016,8,2,5,20,0,-,4,-,0
Anisur Rahman (BDESH),1995-1998,2,2,8,68,0,-,8.5,-,0
Anwar Hossain Monir (BDESH),2002-2002,1,1,8,45,0,-,5.62,-,0
Ariful Haque (BDESH),2018-2018,1,1,3,17,0,-,5.66,-,0
Asad Shafiq (PAK),2010-2017,60,2,2,18,0,-,9,-,0
Ashfaq Ahmed (PAK),1994-1994,3,3,17,84,0,-,4.94,-,0
Asif Ali (PAK),2018-2019,18,1,0.5,9,0,-,10.8,-,0
Asif Iqbal (1) (UAE),2015-2015,1,1,4,32,0,-,8,-,0
MS Atapattu (SL),1990-2007,268,2,8.3,41,0,-,4.82,-,0
CWJ Athey (ENG),1980-1988,31,1,1,10,0,-,10,-,0
RA Austin (WI),1978-1978,1,1,1,13,0,-,13,-,0
Babar Hayat (HKG),2014-2018,22,1,1,9,0,-,9,-,0
RJ Bailey (ENG),1985-1990,4,1,6,25,0,-,4.16,-,0
W Barresi (NL),2010-2019,32,3,5,37,0,-,7.4,-,0
OO Bascome (BMUDA),2008-2008,6,2,3,22,0,-,7.33,-,0
TC Bastiampillai (CAN),2007-2014,13,3,4,31,0,-,7.75,-,0
Bazid Khan (PAK),2004-2008,5,1,2,11,0,-,5.5,-,0
CA Best (WI),1986-1992,24,2,3.1,12,0,-,3.78,-,0
MI Black (WI),2001-2001,5,5,38,196,0,-,5.15,-,0
J Blackwood (WI),2015-2015,2,1,3,16,0,-,5.33,-,0
DL Blake (USA),2004-2004,1,1,1,7,0,-,7,-,0
GH Bodi (SA),2007-2007,2,1,1,8,0,-,8,-,0
DC Boon (AUS),1984-1995,181,7,13.4,86,0,-,6.29,-,0
SG Borthwick (ENG),2011-2011,2,2,9,72,0,-,8,-,0
T Bosch (SA),1992-1992,2,2,8.3,66,0,-,7.76,-,0
JWHD Boteju (SL),1999-1999,2,2,17,113,0,-,6.64,-,0
SA Britton (IRE),2009-2009,1,1,6,37,0,-,6.16,-,0
BC Broad (ENG),1987-1988,34,1,1,6,0,-,6,-,0
AD Brown (ENG),1996-2001,16,1,1,5,0,-,5,-,0
CE Bulfin (NZ),1999-1999,4,3,17,109,0,-,6.41,-,0
SF Burger (NAM),2003-2003,2,2,11,67,0,-,6.09,-,0
JD Campbell (WI),2019-2019,6,1,1,13,0,-,13,-,0
MA Carberry (ENG),2013-2014,6,1,1,12,0,-,12,-,0
KED Carroll (IRE),2007-2007,6,1,1,8,0,-,8,-,0
G Chapple (ENG),2006-2006,1,1,4,14,0,-,3.5,-,0
J Charles (WI),2012-2016,48,1,0.5,12,0,-,14.4,-,0
K Christie (HKG),2016-2016,1,1,1,18,0,-,18,-,0
DB Close (ENG),1972-1972,3,1,3,21,0,-,7,-,0
DJ Colley (AUS),1972-1972,1,1,11,72,0,-,6.54,-,0
AN Connolly (AUS),1971-1971,1,1,10.4,62,0,-,5.81,-,0
JJ Crowe (NZ),1983-1990,75,1,1,1,0,-,1,-,0
CD Cumming (NZ),2003-2009,13,1,3,17,0,-,5.66,-,0
GN de Silva (SL),1983-1985,4,4,32.2,169,0,-,5.22,-,0
BJ Diamanti (NZ),2009-2009,1,1,2,25,0,-,12.5,-,0
S Dube (INDIA),2019-2019,1,1,7.5,68,0,-,8.68,-,0
N Dutta (CAN),2013-2013,1,1,6,31,0,-,5.16,-,0
DD Ebrahim (ZIM),2001-2005,82,2,0.5,11,0,-,13.2,-,0
BA Edgar (NZ),1978-1986,64,1,2,5,0,-,2.5,-,0
WJ Edwards (AUS),1975-1975,1,1,0.1,0,0,-,0,-,0
RR Emrit (WI),2007-2007,2,2,14,99,0,-,7.07,-,0
MG Erasmus (NAM),2019-2019,5,3,16,65,0,-,4.06,-,0
JJ Esmeijer (NL),2002-2003,6,6,38,208,0,-,5.47,-,0
Fahim Muntasir (BDESH),2001-2002,3,3,28.1,111,0,-,3.94,-,0
NH Fairbrother (ENG),1987-1999,75,1,1,9,0,-,9,-,0
Faisal Iqbal (PAK),2000-2006,18,2,3,33,0,-,11,-,0
Fayyaz Ahmed (UAE),2014-2016,3,3,27,121,0,-,4.48,-,0
Fazl-e-Akbar (PAK),1998-2001,2,2,12,48,0,-,4,-,0
Fazle Mahmud (BDESH),2018-2018,2,1,3,16,0,-,5.33,-,0
AM Fernando (SL),2017-2017,1,1,2,22,0,-,11,-,0
BOP Fernando (SL),2019-2019,6,1,2,16,0,-,8,-,0
ADS Fletcher (WI),2008-2016,25,3,4.4,26,0,-,5.57,-,0
A Flower (ZIM),1992-2003,213,2,5,23,0,-,4.6,-,0
DR Flynn (NZ),2008-2012,20,3,4,25,0,-,6.25,-,0
CR Foggo (BMUDA),2008-2008,4,1,0.1,2,0,-,12,-,0
PJ Franks (ENG),2000-2000,1,1,9,48,0,-,5.33,-,0
Frasat Ali (EAf),1975-1975,3,3,24,107,0,-,4.45,-,0
G Gambhir (INDIA),2003-2013,147,1,1,13,0,-,13,-,0
D Ganga (WI),1999-2006,35,1,0.1,4,0,-,24,-,0
SP Gauchan (NEPAL),2018-2018,1,1,4,15,0,-,3.75,-,0
TG Gordon (CAN),2011-2011,5,2,2.3,25,0,-,10,-,0
DI Gower (ENG),1978-1991,114,2,0.5,14,0,-,16.8,-,0
MJ Greatbatch (NZ),1988-1996,84,1,1,5,0,-,5,-,0
FRMD Gunatilleke (SL),1979-1979,1,1,9,34,0,-,3.77,-,0
Gurkeerat Singh (INDIA),2016-2016,3,3,10,68,0,-,6.8,-,0
Hannan Sarkar (BDESH),2002-2004,20,1,0.3,13,0,-,26,-,0
Hashmatullah Shahidi (AFG),2013-2019,39,2,3,25,0,-,8.33,-,0
ML Hayden (AUS/ICC),1993-2008,161,1,1,18,0,-,18,-,0
RL Hayes (NZ),1995-1995,1,1,7,31,0,-,4.42,-,0
DL Haynes (WI),1978-1994,238,1,5,24,0,-,4.8,-,0
C Hemraj (WI),2018-2018,6,1,1.1,9,0,-,7.71,-,0
VR Hogg (ZIM),1983-1983,2,2,15,49,0,-,3.26,-,0
DAW Hollis (BMUDA),2008-2008,1,1,7,43,0,-,6.14,-,0
AC Hudson (SA),1991-1997,89,1,1,3,0,-,3,-,0
KJ Hughes (AUS),1977-1985,97,1,0.1,4,0,-,24,-,0
Hussain Talat (PAK),2019-2019,1,1,2,16,0,-,8,-,0
EH Hutchinson (USA),2019-2019,4,3,13,82,0,-,6.3,-,0
N Ifill (CAN),2003-2006,4,3,12,88,0,-,7.33,-,0
CA Ingram (SA),2010-2013,31,1,1,17,0,-,17,-,0
Irfan Fazil (PAK),2000-2000,1,1,6,46,0,-,7.66,-,0
Irfan Sajid (UAE),2014-2014,1,1,5,23,0,-,4.6,-,0
Ishtiaq Muhammad (HKG),2016-2016,1,1,3,24,0,-,8,-,0
SS Iyer (INDIA),2017-2019,12,2,2,15,0,-,7.5,-,0
Jahangir Alam Talukdar (BDESH),1990-1990,2,2,7,36,0,-,5.14,-,0
Jamaluddin Ahmed (BDESH),2003-2003,1,1,4,28,0,-,7,-,0
JA Jameson (ENG),1973-1975,3,1,2,3,0,-,1.5,-,0
WS Jayantha (SL),2004-2004,17,6,9.1,46,0,-,5.01,-,0
NGRP Jayasuriya (SL),2018-2018,2,2,16,95,0,-,5.93,-,0
TJ Jenner (AUS),1975-1975,1,1,10.4,28,0,-,2.62,-,0
Junaid Siddique (BDESH),2007-2011,54,2,2,13,0,-,6.5,-,0
Kaleemullah (OMAN),2019-2019,3,3,15,84,0,-,5.6,-,0
SMS Kaluperuma (SL),1988-1988,2,1,1,3,0,-,3,-,0
AL Kandappah (CAN),2007-2007,2,1,0.1,4,0,-,24,-,0
Karim Janat (AFG),2017-2017,1,1,4,31,0,-,7.75,-,0
FDM Karunaratne (SL),2011-2019,28,2,2.4,18,0,-,6.75,-,0
S Kaul (INDIA),2018-2018,3,3,27,179,0,-,6.62,-,0
PHT Kaushal (SL),2015-2015,1,1,6,25,0,-,4.16,-,0
JC Kent (SA),2002-2002,2,2,8,57,0,-,7.12,-,0
AN Kervezee (NL),2006-2012,39,2,4,34,0,-,8.5,-,0
S Keshvani (CAN),2009-2009,5,2,8,48,0,-,6,-,0
G Kirsten (SA),1993-2003,185,3,5,23,0,-,4.6,-,0
CKB Kulasekara (SL),2011-2012,4,4,13,80,0,-,6.15,-,0
AJ Lamb (ENG),1982-1992,122,1,1,3,0,-,3,-,0
CB Lambert (USA/WI),1990-2004,12,2,12,74,0,-,6.16,-,0
JPR Lamsam (HKG),2004-2008,2,2,6,47,0,-,7.83,-,0
W Larkins (ENG),1979-1991,25,2,2.3,22,0,-,8.8,-,0
VVS Laxman (INDIA),1998-2006,86,4,7,40,0,-,5.71,-,0
AL Logie (WI),1981-1993,158,4,4,18,0,-,4.5,-,0
CH Lonsdale (BMUDA),2007-2007,1,1,2,19,0,-,9.5,-,0
AGR Loudon (ENG),2006-2006,1,1,6,36,0,-,6,-,0
AJ Mackay (ZIM),2001-2001,3,3,22,137,0,-,6.22,-,0
ND McKenzie (SA),2000-2009,64,5,7.4,27,0,-,3.52,-,0
RS Madugalle (SL),1979-1988,63,1,0.4,1,0,-,1.5,-,0
Mafizur Rahman (BDESH),1997-1997,4,4,11,73,0,-,6.63,-,0
RS Mahanama (SL),1986-1999,213,2,0.2,7,0,-,21,-,0
GI Maiden (SCOT),2010-2011,7,1,8,38,0,-,4.75,-,0
GT Main (SCOT),2019-2019,1,1,5,30,0,-,6,-,0
AO Malhotra (INDIA),1982-1986,20,1,1,0,0,-,0,-,0
Mansoor Rana (PAK),1990-1990,2,1,1,7,0,-,7,-,0
Maqsood Rana (PAK),1990-1990,1,1,2,11,0,-,5.5,-,0
I Maraj (CAN),2003-2003,6,1,4.3,22,0,-,4.88,-,0
GR Marsh (AUS),1986-1992,117,1,1,4,0,-,4,-,0
XM Marshall (USA/WI),2005-2019,33,2,1.3,6,0,-,4,-,0
PS Masvaure (ZIM),2018-2018,2,1,3,19,0,-,6.33,-,0
Mazharul Haque (BDESH),2002-2002,1,1,0.4,4,0,-,6,-,0
Mazhar Hussain (UAE),1994-1996,7,2,8,60,0,-,7.5,-,0
GJ McCarter (IRE),2014-2014,1,1,8,38,0,-,4.75,-,0
Mehrab Hossain (BDESH),1998-2003,18,3,5,42,0,-,8.4,-,0
MA Meman (ZIM),1987-1987,1,1,6.5,34,0,-,4.97,-,0
BKG Mendis (SL),2016-2019,73,2,3.2,28,0,-,8.4,-,0
Misbah-ul-Haq (PAK),2002-2015,162,1,4,30,0,-,7.5,-,0
HS Modi (KENYA),1996-2006,63,4,3.1,27,0,-,8.52,-,0
Mohammad Boota (UAE),2018-2019,9,1,2,10,0,-,5,-,0
Mohammad Nadeem (OMAN),2019-2019,4,1,3,23,0,-,7.66,-,0
JN Mohammed (WI),2011-2018,28,8,24.2,131,0,-,5.38,-,0
Mohammed Siraj (INDIA),2019-2019,1,1,10,76,0,-,7.6,-,0
PJK Mooney (IRE),2006-2007,4,4,14.3,100,0,-,6.89,-,0
RS Morton (WI),2002-2010,56,1,1,2,0,-,2,-,0
M Mulla (CAN),2007-2007,1,1,10,64,0,-,6.4,-,0
CT Mumba (ZIM),2016-2017,2,2,10.2,67,0,-,6.48,-,0
Munir Dar (HKG),2008-2008,2,2,18,89,0,-,4.94,-,0
TK Musakanda (ZIM),2016-2018,15,1,2,11,0,-,5.5,-,0
Mushtaq Mohammad (PAK),1973-1978,10,2,7,23,0,-,3.28,-,0
Nadeem Khan (PAK),1993-1995,2,2,16,81,0,-,5.06,-,0
Naeem Ahmed (PAK),1978-1978,1,1,10,43,0,-,4.3,-,0
Naeem Ashraf (PAK),1995-1995,2,2,7,52,0,-,7.42,-,0
Najaf Shah (PAK),2007-2007,1,1,10,59,0,-,5.9,-,0
Najibullah Zadran (AFG),2012-2019,67,2,5,30,0,-,6,-,0
Nasir Jamal (AFG),2014-2018,16,1,1,7,0,-,7,-,0
Naved Latif (PAK),2001-2003,11,3,8,51,0,-,6.37,-,0
AM Nayar (INDIA),2009-2009,3,1,3,17,0,-,5.66,-,0
MJ North (AUS),2009-2009,2,1,3,16,0,-,5.33,-,0
FN Otieno (KENYA),2010-2010,4,1,1,2,0,-,2,-,0
KO Otieno (KENYA),1996-2009,90,1,1,5,0,-,5,-,0
C Overton (ENG),2018-2018,1,1,7,55,0,-,7.85,-,0
MB Owens (NZ),1992-1992,1,1,8,37,0,-,4.62,-,0
M Panchal (NL),2007-2007,1,1,5,10,0,-,2,-,0
GK Pandey (INDIA),1999-1999,2,2,13,60,0,-,4.61,-,0
Pankaj Singh (INDIA),2010-2010,1,1,7,45,0,-,6.42,-,0
NT Pascal (WI),2009-2009,1,1,4,29,0,-,7.25,-,0
SP Pasqual (SL),1979-1979,2,1,4.4,20,0,-,4.28,-,0
JM Patel (CAN),1979-1979,3,2,15.1,47,0,-,3.09,-,0
KA Patel (KENYA),2006-2006,2,2,5,34,0,-,6.8,-,0
RGM Patel (INDIA),1988-1988,1,1,10,58,0,-,5.8,-,0
AK Perera (SL),2013-2019,6,3,6,33,0,-,5.5,-,0
KG Perera (SL),1986-1986,1,1,2,15,0,-,7.5,-,0
AN Petersen (SA),2006-2013,21,1,1,7,0,-,7,-,0
K Pierre (WI),2019-2019,2,2,16,108,0,-,6.75,-,0
ADJ Pitcher (BMUDA),2007-2007,3,3,13.1,80,0,-,6.07,-,0
OL Pitcher (BMUDA),2007-2007,5,1,2.3,25,0,-,10,-,0
PI Pocock (ENG),1985-1985,1,1,10,20,0,-,2,-,0
AG Prince (Afr/SA),2002-2007,52,1,2,3,0,-,1.5,-,0
DJ Pringle (EAf),1975-1975,2,2,15,55,0,-,3.66,-,0
Y Punja (UAE),2015-2015,1,1,6,49,0,-,8.16,-,0
M Pushpakumara (SL),2009-2010,3,1,5,21,0,-,4.2,-,0
Raees Ahmadzai (AFG),2009-2010,5,1,4,16,0,-,4,-,0
LN Rajbanshi (NEPAL),2019-2019,3,1,7,33,0,-,4.71,-,0
LS Rajput (INDIA),1985-1987,4,2,7,42,0,-,6,-,0
Rameez Shahzad (UAE),2016-2018,15,1,2,16,0,-,8,-,0
Rameez Raja (PAK),1985-1997,198,1,1,10,0,-,10,-,0
Raqibul Hasan (BDESH),1986-1986,2,1,0.1,4,0,-,24,-,0
Rashid Zia (USA),2004-2004,2,2,9.5,69,0,-,7.01,-,0
D Ravu (PNG),2017-2019,8,7,41,230,0,-,5.6,-,0
JN Rhodes (SA),1992-2003,245,2,2.2,4,0,-,1.71,-,0
EB Ringera (KENYA),2011-2011,1,1,10,28,0,-,2.8,-,0
CP Rizwan (UAE),2019-2019,7,1,0.4,10,0,-,15,-,0
Rizwan Ahmed (PAK),2008-2008,1,1,4,26,0,-,6.5,-,0
SJ Roberts (NZ),1990-1990,2,2,7,47,0,-,6.71,-,0
JA Rudolph (Afr/SA),2003-2006,45,1,4,26,0,-,6.5,-,0
Saad Nasim (PAK),2015-2015,3,2,6,46,0,-,7.66,-,0
Saeed-al-Saffar (UAE),1996-1996,1,1,3,25,0,-,8.33,-,0
Saleem Elahi (PAK),1995-2004,48,1,1,10,0,-,10,-,0
Salman Butt (PAK),2004-2010,78,6,11.3,90,0,-,7.82,-,0
Salman Farooq (UAE),2014-2014,1,1,6,23,0,-,3.83,-,0
MAR Samarasekera (SL),1983-1994,39,11,56.2,291,0,-,5.16,-,0
Samiullah Khan (PAK),2008-2008,2,2,20,115,0,-,5.75,-,0
Samiur Rahman (BDESH),1986-1986,2,2,10,30,0,-,3,-,0
Sami Faridi (CAN),2008-2008,3,3,10,63,0,-,6.3,-,0
Sarfaraz Ahmed (PAK),2007-2019,116,1,2,15,0,-,7.5,-,0
GR Sealy (CAN),1979-1979,3,1,6,21,0,-,3.5,-,0
RD Shah (KENYA),1998-2007,56,4,10,72,0,-,7.2,-,0
A Shamshudeen (CAN),2007-2007,1,1,3,24,0,-,8,-,0
Shamsur Rahman (BDESH),2013-2014,10,1,1,13,0,-,13,-,0
Shariful Haque (BDESH),1998-1998,1,1,3,21,0,-,7,-,0
KV Sharma (INDIA),2014-2014,2,2,19,125,0,-,6.57,-,0
S Shivnarine (WI),1978-1978,1,1,3,16,0,-,5.33,-,0
DJM Short (AUS),2018-2018,4,3,7,59,0,-,8.42,-,0
Shuvagata Hom (BDESH),2011-2011,4,1,2,9,0,-,4.5,-,0
NS Sidhu (INDIA),1987-1998,136,2,0.4,3,0,-,4.5,-,0
EHSN Silva (UAE),2008-2008,1,1,7,33,0,-,4.71,-,0
KJ Silva (SL),1995-1995,1,1,8,55,0,-,6.87,-,0
RW Sims (ZIM),2002-2003,3,3,22,127,0,-,5.77,-,0
VRV Singh (INDIA),2006-2006,2,2,12,105,0,-,8.75,-,0
Skhawat Ali (HKG),2008-2014,4,1,8,68,0,-,8.5,-,0
MJ Slater (AUS),1993-1997,42,2,2,11,0,-,5.5,-,0
DS Smith (WI),2003-2013,47,2,2.5,17,0,-,6,-,0
M Smith (BMUDA),2008-2008,1,1,2,14,0,-,7,-,0
SB Smith (AUS),1983-1985,28,2,1.1,5,0,-,4.28,-,0
Sohail Fazal (PAK),1989-1989,2,1,1,4,0,-,4,-,0
CM Spearman (NZ),1995-2001,51,1,0.3,6,0,-,12,-,0
IM Stanger (SCOT),1999-2006,5,2,9,56,0,-,6.22,-,0
MP Stead (CAN),1979-1979,2,2,4.5,24,0,-,4.96,-,0
DS Steele (ENG),1976-1976,1,1,1,9,0,-,9,-,0
AJ Strauss (ENG),2003-2011,127,1,1,3,0,-,3,-,0
Sultan Ahmed (UAE),2019-2019,2,2,12,58,0,-,4.83,-,0
Tamim Iqbal (BDESH),2007-2019,204,2,1,13,0,-,13,-,0
Tanbir Hayder (BDESH),2016-2016,2,2,10,67,0,-,6.7,-,0
CJ Tavare (ENG),1980-1984,29,1,2,3,0,-,1.5,-,0
JP Taylor (ENG),1993-1993,1,1,3,20,0,-,6.66,-,0
LB Taylor (ENG),1986-1986,2,2,14,47,0,-,3.35,-,0
LRPL Taylor (NZ),2006-2019,228,4,7,35,0,-,5,-,0
EP Thompson (NZ),2009-2009,1,1,4,42,0,-,10.5,-,0
LO Tikolo (KENYA),1996-1996,3,3,8,55,0,-,6.87,-,0
GS Trimble (AUS),1986-1986,2,1,4,32,0,-,8,-,0
GM Turner (NZ),1973-1983,41,1,1,0,0,-,0,-,0
Umar Amin (PAK),2010-2018,16,3,7,24,0,-,3.42,-,0
TP Ura (PNG),2014-2019,26,1,1,12,0,-,12,-,0
Usman Mushtaq (UAE),2015-2015,1,1,2,9,0,-,4.5,-,0
RV Uthappa (INDIA),2006-2015,46,1,0.2,0,0,-,0,-,0
CJPG van Zyl (SA),1992-1992,2,2,18,93,0,-,5.16,-,0
JCB Vaughan (CAN),1979-1979,3,2,11,36,0,-,3.27,-,0
DB Vengsarkar (INDIA),1976-1991,129,1,1,4,0,-,4,-,0
KDK Vithanage (SL),2013-2014,6,2,2,17,0,-,8.5,-,0
Wahidul Gani (BDESH),1988-1988,1,1,6,32,0,-,5.33,-,0
Waqas Barkat (HKG),2014-2018,10,4,15,75,0,-,5,-,0
DA Warner (AUS),2009-2019,116,1,1,8,0,-,8,-,0
SR Waters (KENYA),2008-2011,20,1,3,14,0,-,4.66,-,0
M Watkinson (ENG),1996-1996,1,1,9,43,0,-,4.77,-,0
AP Weerakkody (SL),1994-1994,1,1,6,41,0,-,6.83,-,0
SR Welsh (CAN),2006-2008,3,3,20,147,0,-,7.35,-,0
JM Wiener (AUS),1979-1980,7,2,4,34,0,-,8.5,-,0
CB Wishart (ZIM),1996-2005,90,1,2,12,0,-,6,-,0
WA Wisneski (NZ),2000-2000,3,3,19,123,0,-,6.47,-,0
GH Worker (NZ),2015-2018,10,1,1,5,0,-,5,-,0
JG Wright (NZ),1978-1992,149,3,4,8,0,-,2,-,0
Yasir Hameed (PAK),2003-2007,56,3,3,26,0,-,8.66,-,0
Zakir Hasan (BDESH),1997-1997,1,1,2,17,0,-,8.5,-,0
Zakir Hossain (BDESH),1998-1998,1,1,4,18,0,-,4.5,-,0
Zakiullah Zaki (AFG),2012-2012,1,1,4,27,0,-,6.75,-,0
C Zhuwao (ZIM),2008-2018,9,2,3.1,21,0,-,6.63,-,0
Aaron Jones (USA),2019-2019,9,-,-,-,-,-,-,-,-
Abdul Jabbar (CAN),2007-2007,2,-,-,-,-,-,-,-,-
Abdul Rehman (UAE),2004-2004,1,-,-,-,-,-,-,-,-
Abdul Shakoor (UAE),2015-2018,3,-,-,-,-,-,-,-,-
Abid Ali (PAK),2019-2019,4,-,-,-,-,-,-,-,-
CJ Adams (ENG),1998-2000,5,-,-,-,-,-,-,-,-
Adnan Akmal (PAK),2011-2012,5,-,-,-,-,-,-,-,-
Adnan Mufti (UAE),2017-2018,18,-,-,-,-,-,-,-,-
Afsar Zazai (AFG),2014-2017,17,-,-,-,-,-,-,-,-
Aijaz Ali (USA),2004-2004,2,-,-,-,-,-,-,-,-
Akhtar Sarfraz (PAK),1997-1998,4,-,-,-,-,-,-,-,-
Akshay Homraj (USA),2019-2019,4,-,-,-,-,-,-,-,-
Alawi Shukri (UAE),2008-2008,1,-,-,-,-,-,-,-,-
RP Alexander (USA),2004-2004,2,-,-,-,-,-,-,-,-
MJD Allingham (SCOT),1999-1999,3,-,-,-,-,-,-,-,-
Al Sahariar (BDESH),1999-2003,29,-,-,-,-,-,-,-,-
S Amarnath (INDIA),1978-1978,3,-,-,-,-,-,-,-,-
SW Ambris (WI),2017-2019,9,-,-,-,-,-,-,-,-
TR Ambrose (ENG),2008-2008,5,-,-,-,-,-,-,-,-
DL Amiss (ENG),1972-1977,18,-,-,-,-,-,-,-,-
Amjad Ali (UAE),2008-2015,17,-,-,-,-,-,-,-,-
HM Amla (SA),2008-2019,181,-,-,-,-,-,-,-,-
Anamul Haque (BDESH),2012-2019,38,-,-,-,-,-,-,-,-
RW Anderson (NZ),1976-1978,2,-,-,-,-,-,-,-,-
Anil Dalpat (PAK),1984-1986,15,-,-,-,-,-,-,-,-
Ankur Vasishta (HKG),2014-2014,4,-,-,-,-,-,-,-,-
ZS Ansari (ENG),2015-2015,1,-,-,-,-,-,-,-,-
Anwar Hossain (BDESH),2002-2002,1,-,-,-,-,-,-,-,-
V Aravind (UAE),2019-2019,3,-,-,-,-,-,-,-,-
KJ Arnott (ZIM),1987-1993,13,-,-,-,-,-,-,-,-
Arshad Pervez (PAK),1978-1978,2,-,-,-,-,-,-,-,-
J Arun Lal (INDIA),1982-1989,13,-,-,-,-,-,-,-,-
Asghar Ali (UAE),2004-2004,2,-,-,-,-,-,-,-,-
Ashraf Ali (PAK),1980-1985,16,-,-,-,-,-,-,-,-
Asif Mahmood (PAK),1998-1998,2,-,-,-,-,-,-,-,-
SK Atai (PNG),2019-2019,2,-,-,-,-,-,-,-,-
MA Atherton (ENG),1990-1998,54,-,-,-,-,-,-,-,-
Atiq-uz-Zaman (PAK),2000-2000,3,-,-,-,-,-,-,-,-
JJ Atkinson (HKG),2008-2017,9,-,-,-,-,-,-,-,-
Azam Khan (PAK),1996-1998,6,-,-,-,-,-,-,-,-
Azmat Rana (PAK),1978-1978,2,-,-,-,-,-,-,-,-
SJ Baard (NAM),2019-2019,5,-,-,-,-,-,-,-,-
Babar Azam (PAK),2015-2019,74,-,-,-,-,-,-,-,-
SFAF Bacchus (WI),1978-1983,29,-,-,-,-,-,-,-,-
S Badrinath (INDIA),2008-2011,7,-,-,-,-,-,-,-,-
A Bagai (CAN),2003-2013,62,-,-,-,-,-,-,-,-
GJ Bailey (AUS),2012-2016,90,-,-,-,-,-,-,-,-
MD Bailey (NZ),1998-1998,1,-,-,-,-,-,-,-,-
DL Bairstow (ENG),1979-1984,21,-,-,-,-,-,-,-,-
JM Bairstow (ENG),2011-2019,74,-,-,-,-,-,-,-,-
S Baksh (CAN),1979-1979,1,-,-,-,-,-,-,-,-
GS Ballance (ENG),2013-2015,16,-,-,-,-,-,-,-,-
AB Barath (WI),2010-2012,14,-,-,-,-,-,-,-,-
GD Barlow (ENG),1976-1977,6,-,-,-,-,-,-,-,-
GEF Barnett (CAN),2006-2010,22,-,-,-,-,-,-,-,-
KJ Barnett (ENG),1988-1988,1,-,-,-,-,-,-,-,-
DM Basden (BMUDA),2007-2007,2,-,-,-,-,-,-,-,-
IPP Batuwitarachchi (UAE),2008-2008,2,-,-,-,-,-,-,-,-
D Bau (PNG),2016-2017,10,-,-,-,-,-,-,-,-
CS Baugh (WI),2003-2012,47,-,-,-,-,-,-,-,-
T Bavuma (SA),2016-2017,2,-,-,-,-,-,-,-,-
AC Bedade (INDIA),1994-1994,13,-,-,-,-,-,-,-,-
MD Bell (NZ),1998-2001,7,-,-,-,-,-,-,-,-
MR Benson (ENG),1986-1986,1,-,-,-,-,-,-,-,-
AR Berenger (UAE),2014-2015,10,-,-,-,-,-,-,-,-
B Bhandari (NEPAL),2019-2019,3,-,-,-,-,-,-,-,-
M Bhanuka (SL),2019-2019,1,-,-,-,-,-,-,-,-
RA Bhatti (CAN),2011-2011,1,-,-,-,-,-,-,-,-
IS Billcliff (CAN),2003-2009,19,-,-,-,-,-,-,-,-
SW Billings (ENG),2015-2018,15,-,-,-,-,-,-,-,-
GA Bishop (AUS),1987-1987,2,-,-,-,-,-,-,-,-
TE Blain (NZ),1986-1994,38,-,-,-,-,-,-,-,-
G Blakeney (BMUDA),2009-2009,2,-,-,-,-,-,-,-,-
RJ Blakey (ENG),1992-1993,3,-,-,-,-,-,-,-,-
LE Bosman (Afr/SA),2006-2010,14,-,-,-,-,-,-,-,-
MV Boucher (Afr/SA),1998-2011,295,-,-,-,-,-,-,-,-
DM Bravo (WI),2009-2019,110,-,-,-,-,-,-,-,-
JP Bray (IRE),2006-2007,15,-,-,-,-,-,-,-,-
JM Brearley (ENG),1977-1980,25,-,-,-,-,-,-,-,-
GA Briant (ZIM),1993-1993,5,-,-,-,-,-,-,-,-
NT Broom (NZ),2009-2017,39,-,-,-,-,-,-,-,-
RD Brown (ZIM),1983-1987,7,-,-,-,-,-,-,-,-
CO Browne (WI),1995-2005,46,-,-,-,-,-,-,-,-
PA Browne (WI),2008-2008,5,-,-,-,-,-,-,-,-
DG Brownlie (NZ),2012-2017,16,-,-,-,-,-,-,-,-
GK Bruk-Jackson (ZIM),1993-1993,1,-,-,-,-,-,-,-,-
JA Burns (AUS),2015-2015,6,-,-,-,-,-,-,-,-
AR Butcher (ENG),1980-1980,1,-,-,-,-,-,-,-,-
RO Butcher (ENG),1980-1981,3,-,-,-,-,-,-,-,-
JC Buttler (ENG),2012-2019,142,-,-,-,-,-,-,-,-
AF Buurman (NL),2007-2011,17,-,-,-,-,-,-,-,-
RJ Campbell (AUS),2002-2002,2,-,-,-,-,-,-,-,-
AT Carey (AUS),2018-2019,29,-,-,-,-,-,-,-,-
SV Carlisle (ZIM),1995-2005,111,-,-,-,-,-,-,-,-
C Carter (HKG),2015-2018,11,-,-,-,-,-,-,-,-
HWR Cartwright (AUS),2017-2017,2,-,-,-,-,-,-,-,-
JJ Celestine (BMUDA),2007-2008,8,-,-,-,-,-,-,-,-
RW Chakabva (ZIM),2008-2019,38,-,-,-,-,-,-,-,-
LD Chandimal (SL),2010-2019,146,-,-,-,-,-,-,-,-
VB Chandrasekhar (INDIA),1988-1990,7,-,-,-,-,-,-,-,-
MS Chapman (HKG/NZ),2015-2018,5,-,-,-,-,-,-,-,-
CJD Chappell (CAN),1979-1979,3,-,-,-,-,-,-,-,-
BB Chari (ZIM),2015-2019,11,-,-,-,-,-,-,-,-
CPS Chauhan (INDIA),1978-1981,7,-,-,-,-,-,-,-,-
M Cheruparambil (HKG),2004-2004,2,-,-,-,-,-,-,-,-
Chirag Suri (UAE),2018-2019,14,-,-,-,-,-,-,-,-
DN Chudasama (KENYA),1996-1999,20,-,-,-,-,-,-,-,-
DR Chumney (CAN),2003-2007,21,-,-,-,-,-,-,-,-
NE Clarke (NL),1996-1996,5,-,-,-,-,-,-,-,-
FRJ Coleman (SCOT),2013-2015,16,-,-,-,-,-,-,-,-
PG Coman (NZ),1973-1974,3,-,-,-,-,-,-,-,-
AN Cook (ENG),2006-2014,92,-,-,-,-,-,-,-,-
G Cook (ENG),1981-1983,6,-,-,-,-,-,-,-,-
SJ Cook (SA),1991-1993,4,-,-,-,-,-,-,-,-
BN Cooper (NL),2013-2019,8,-,-,-,-,-,-,-,-
CK Coventry (ZIM),2003-2015,39,-,-,-,-,-,-,-,-
MC Cowdrey (ENG),1971-1971,1,-,-,-,-,-,-,-,-
RT Crandon (WI),2009-2009,1,-,-,-,-,-,-,-,-
JP Crawley (ENG),1994-1999,13,-,-,-,-,-,-,-,-
FS Crockwell (BMUDA),2009-2009,2,-,-,-,-,-,-,-,-
MH Cross (SCOT),2014-2019,52,-,-,-,-,-,-,-,-
V Dahiya (INDIA),2000-2001,19,-,-,-,-,-,-,-,-
WM Darling (AUS),1978-1982,18,-,-,-,-,-,-,-,-
SS Das (INDIA),2001-2002,4,-,-,-,-,-,-,-,-
D Dasgupta (INDIA),2001-2001,5,-,-,-,-,-,-,-,-
PB Dassanayake (SL),1993-1994,16,-,-,-,-,-,-,-,-
H Davids (SA),2013-2013,2,-,-,-,-,-,-,-,-
AG Davies (SCOT),1999-1999,5,-,-,-,-,-,-,-,-
SG Davies (ZIM),1996-1996,4,-,-,-,-,-,-,-,-
SM Davies (ENG),2009-2011,8,-,-,-,-,-,-,-,-
IC Davis (AUS),1974-1977,3,-,-,-,-,-,-,-,-
JJ Dawood (CAN),2009-2010,2,-,-,-,-,-,-,-,-
RG de Alwis (SL),1983-1988,31,-,-,-,-,-,-,-,-
Q de Kock (SA),2013-2019,115,-,-,-,-,-,-,-,-
MH Denness (ENG),1973-1975,12,-,-,-,-,-,-,-,-
FA Dennis (CAN),1979-1979,3,-,-,-,-,-,-,-,-
JH Desai (USA),2004-2004,1,-,-,-,-,-,-,-,-
SI de Saram (SL),1999-2001,15,-,-,-,-,-,-,-,-
AM de Silva (SL),1986-1993,4,-,-,-,-,-,-,-,-
SKL de Silva (SL),1997-1997,11,-,-,-,-,-,-,-,-
P Dharmani (INDIA),1996-1996,1,-,-,-,-,-,-,-,-
S Dhawan (INDIA),2010-2019,133,-,-,-,-,-,-,-,-
HS Dhillon (CAN),2006-2006,2,-,-,-,-,-,-,-,-
Dhiman Ghosh (BDESH),2008-2008,14,-,-,-,-,-,-,-,-
N Dickwella (SL),2014-2019,52,-,-,-,-,-,-,-,-
WP Diepeveen (NL),2011-2011,1,-,-,-,-,-,-,-,-
SS Dighe (INDIA),2000-2001,23,-,-,-,-,-,-,-,-
HH Dippenaar (Afr/SA),1999-2007,107,-,-,-,-,-,-,-,-
MJ Di Venuto (AUS),1997-1997,9,-,-,-,-,-,-,-,-
K Doriga (PNG),2017-2019,14,-,-,-,-,-,-,-,-
CRM Douglas (BMUDA),2008-2008,2,-,-,-,-,-,-,-,-
MW Douglas (NZ),1994-1995,6,-,-,-,-,-,-,-,-
TM Dowlin (WI),2009-2010,11,-,-,-,-,-,-,-,-
PR Downton (ENG),1977-1988,28,-,-,-,-,-,-,-,-
SO Dowrich (WI),2019-2019,1,-,-,-,-,-,-,-,-
BM Duckett (ENG),2016-2016,3,-,-,-,-,-,-,-,-
T Duffin (ZIM),2006-2007,23,-,-,-,-,-,-,-,-
PJL Dujon (WI),1981-1991,169,-,-,-,-,-,-,-,-
CI Dunusinghe (SL),1995-1995,1,-,-,-,-,-,-,-,-
GC Dyer (AUS),1986-1988,23,-,-,-,-,-,-,-,-
J Dyson (AUS),1980-1983,29,-,-,-,-,-,-,-,-
J Edness (BMUDA),2007-2008,11,-,-,-,-,-,-,-,-
JH Edrich (ENG),1971-1975,7,-,-,-,-,-,-,-,-
KA Edwards (WI),2011-2014,16,-,-,-,-,-,-,-,-
R Edwards (AUS),1972-1975,9,-,-,-,-,-,-,-,-
SA Edwards (NL),2018-2019,4,-,-,-,-,-,-,-,-
MTG Elliott (AUS),1997-1997,1,-,-,-,-,-,-,-,-
PA Emery (AUS),1994-1994,1,-,-,-,-,-,-,-,-
FM Engineer (INDIA),1974-1975,5,-,-,-,-,-,-,-,-
CR Ervine (ZIM),2010-2019,93,-,-,-,-,-,-,-,-
EA Essop-Adam (ZIM),1992-1992,1,-,-,-,-,-,-,-,-
Fahad Nawaz (UAE),2019-2019,2,-,-,-,-,-,-,-,-
Fahad Usman (UAE),2004-2004,2,-,-,-,-,-,-,-,-
Faisal Athar (PAK),2003-2003,1,-,-,-,-,-,-,-,-
Faruk Ahmed (BDESH),1988-1999,7,-,-,-,-,-,-,-,-
FY Fazal (INDIA),2016-2016,1,-,-,-,-,-,-,-,-
CJ Ferguson (AUS),2009-2011,30,-,-,-,-,-,-,-,-
N Fernandes (UAE),2008-2008,1,-,-,-,-,-,-,-,-
ER Fernando (SL),1975-1975,3,-,-,-,-,-,-,-,-
ERNS Fernando (SL),1983-1983,7,-,-,-,-,-,-,-,-
UNK Fernando (SL),1994-1994,2,-,-,-,-,-,-,-,-
WIA Fernando (SL),2016-2019,15,-,-,-,-,-,-,-,-
J Figy John (UAE),2019-2019,1,-,-,-,-,-,-,-,-
SE Findlay (WI),2008-2009,9,-,-,-,-,-,-,-,-
R Flannigan (SCOT),2010-2010,1,-,-,-,-,-,-,-,-
KWR Fletcher (ENG),1971-1982,24,-,-,-,-,-,-,-,-
BT Foakes (ENG),2019-2019,1,-,-,-,-,-,-,-,-
PJ Forrest (AUS),2012-2012,15,-,-,-,-,-,-,-,-
JS Foster (ENG),2001-2002,11,-,-,-,-,-,-,-,-
G Fowler (ENG),1983-1986,26,-,-,-,-,-,-,-,-
TJ Franklin (NZ),1983-1988,3,-,-,-,-,-,-,-,-
BN French (ENG),1985-1988,13,-,-,-,-,-,-,-,-
PG Fulton (NZ),2004-2009,49,-,-,-,-,-,-,-,-
RS Gabriel (WI),1984-1984,11,-,-,-,-,-,-,-,-
DJ Gandhi (INDIA),1999-2000,3,-,-,-,-,-,-,-,-
HJW Gardiner (SCOT),2013-2015,11,-,-,-,-,-,-,-,-
LV Garrick (WI),2001-2001,3,-,-,-,-,-,-,-,-
LK Germon (NZ),1994-1997,37,-,-,-,-,-,-,-,-
Ghulam Ali (PAK),1993-1995,3,-,-,-,-,-,-,-,-
Ghulam Shabber (UAE),2017-2019,23,-,-,-,-,-,-,-,-
T Gibbons (BMUDA),2006-2006,2,-,-,-,-,-,-,-,-
HH Gibbs (SA),1996-2010,248,-,-,-,-,-,-,-,-
AC Gilchrist (AUS/ICC),1996-2008,287,-,-,-,-,-,-,-,-
PG Gillespie (IRE),2006-2007,5,-,-,-,-,-,-,-,-
DM Gondaria (KENYA),2013-2013,2,-,-,-,-,-,-,-,-
HM Goonatilleke (SL),1982-1982,6,-,-,-,-,-,-,-,-
IJ Gould (ENG),1983-1983,18,-,-,-,-,-,-,-,-
ZE Green (NAM),2019-2019,5,-,-,-,-,-,-,-,-
AE Greenidge (WI),1978-1978,1,-,-,-,-,-,-,-,-
AFG Griffith (WI),1996-2000,9,-,-,-,-,-,-,-,-
R Gunasekera (CAN),2008-2014,19,-,-,-,-,-,-,-,-
AAW Gunawardena (SL),1994-1994,1,-,-,-,-,-,-,-,-
DA Gunawardene (SL),1998-2006,61,-,-,-,-,-,-,-,-
SK Gupta (KENYA),1996-2001,10,-,-,-,-,-,-,-,-
Gurdeep Singh (KENYA),2013-2013,1,-,-,-,-,-,-,-,-
Gursharan Singh (INDIA),1990-1990,1,-,-,-,-,-,-,-,-
BJ Haddin (AUS),2001-2015,126,-,-,-,-,-,-,-,-
BG Hadlee (NZ),1975-1975,2,-,-,-,-,-,-,-,-
Hafizur Rahman (BDESH),1986-1986,2,-,-,-,-,-,-,-,-
RS Haire (IRE),2008-2008,2,-,-,-,-,-,-,-,-
OJ Hairs (SCOT),2010-2010,5,-,-,-,-,-,-,-,-
AD Hales (ENG),2014-2019,70,-,-,-,-,-,-,-,-
JD Hall (IRE),2010-2010,3,-,-,-,-,-,-,-,-
JH Hampshire (ENG),1971-1972,3,-,-,-,-,-,-,-,-
Hamza Tariq (CAN),2011-2014,7,-,-,-,-,-,-,-,-
PSP Handscomb (AUS),2017-2019,22,-,-,-,-,-,-,-,-
Harilal Shah (EAf),1975-1975,3,-,-,-,-,-,-,-,-
Haroon Rasheed (PAK),1977-1982,12,-,-,-,-,-,-,-,-
JV Harris (CAN),2003-2003,6,-,-,-,-,-,-,-,-
RG Hart (NZ),2002-2002,2,-,-,-,-,-,-,-,-
RT Hart (NZ),1985-1985,1,-,-,-,-,-,-,-,-
BR Hartland (NZ),1992-1994,16,-,-,-,-,-,-,-,-
Harunur Rashid (BDESH),1988-1988,2,-,-,-,-,-,-,-,-
Hasan Raza (PAK),1996-1999,16,-,-,-,-,-,-,-,-
BF Hastings (NZ),1973-1975,11,-,-,-,-,-,-,-,-
FC Hayes (ENG),1973-1975,6,-,-,-,-,-,-,-,-
Hazratullah Zazai (AFG),2018-2019,16,-,-,-,-,-,-,-,-
RGA Headley (WI),1973-1973,1,-,-,-,-,-,-,-,-
IA Healy (AUS),1988-1997,168,-,-,-,-,-,-,-,-
SP Heaney (CAN),2006-2006,4,-,-,-,-,-,-,-,-
SD Heazlett (AUS),2017-2017,1,-,-,-,-,-,-,-,-
JG Heron (ZIM),1983-1983,6,-,-,-,-,-,-,-,-
SO Hetmyer (WI),2017-2019,43,-,-,-,-,-,-,-,-
PD Heyn (SL),1975-1975,2,-,-,-,-,-,-,-,-
AMJ Hilditch (AUS),1979-1985,8,-,-,-,-,-,-,-,-
RIC Holder (WI),1993-1997,37,-,-,-,-,-,-,-,-
KA Hope (WI),2017-2017,7,-,-,-,-,-,-,-,-
SD Hope (WI),2016-2019,72,-,-,-,-,-,-,-,-
GJ Hopkins (NZ),2004-2010,25,-,-,-,-,-,-,-,-
MJ Horne (NZ),1997-2002,50,-,-,-,-,-,-,-,-
PA Horne (NZ),1987-1987,4,-,-,-,-,-,-,-,-
JM How (NZ),2005-2011,41,-,-,-,-,-,-,-,-
LG Howell (NZ),1998-1998,12,-,-,-,-,-,-,-,-
PJ Hughes (AUS),2013-2014,25,-,-,-,-,-,-,-,-
Humayun Farhat (PAK),2001-2001,5,-,-,-,-,-,-,-,-
GW Humpage (ENG),1981-1981,3,-,-,-,-,-,-,-,-
N Hussain (ENG),1989-2003,88,-,-,-,-,-,-,-,-
RO Hussain (SCOT),2006-2010,8,-,-,-,-,-,-,-,-
KH Butt (HKG),2008-2008,2,-,-,-,-,-,-,-,-
DP Hyatt (WI),2011-2011,9,-,-,-,-,-,-,-,-
Ibrahim Zadran (AFG),2019-2019,1,-,-,-,-,-,-,-,-
Ihsanullah (AFG),2017-2018,16,-,-,-,-,-,-,-,-
Ikram Alikhil (AFG),2019-2019,12,-,-,-,-,-,-,-,-
Imam-ul-Haq (PAK),2017-2019,37,-,-,-,-,-,-,-,-
Imran Abbas (PAK),2000-2000,2,-,-,-,-,-,-,-,-
Imrul Kayes (BDESH),2008-2018,78,-,-,-,-,-,-,-,-
Imtiaz Abbasi (UAE),1994-1996,7,-,-,-,-,-,-,-,-
PJ Ingram (NZ),2010-2010,8,-,-,-,-,-,-,-,-
IT Iqbal (KENYA),1996-1996,3,-,-,-,-,-,-,-,-
RD Jacobs (WI),1996-2004,147,-,-,-,-,-,-,-,-
W Jaffer (INDIA),2006-2006,2,-,-,-,-,-,-,-,-
Jahangir Alam (BDESH),1997-1999,3,-,-,-,-,-,-,-,-
Jahurul Islam (BDESH),2010-2013,14,-,-,-,-,-,-,-,-
WR James (ZIM),1992-1996,11,-,-,-,-,-,-,-,-
PA Jaques (AUS),2006-2007,6,-,-,-,-,-,-,-,-
Jatinder Singh (OMAN),2019-2019,5,-,-,-,-,-,-,-,-
Javed Omar (BDESH),1995-2007,59,-,-,-,-,-,-,-,-
Javed Qadeer (PAK),1995-1995,1,-,-,-,-,-,-,-,-
Jawahir Shah (EAf),1975-1975,3,-,-,-,-,-,-,-,-
RSA Jayasekera (SL),1982-1982,2,-,-,-,-,-,-,-,-
SA Jayasinghe (SL),1979-1979,2,-,-,-,-,-,-,-,-
HAPW Jayawardene (SL),2003-2007,6,-,-,-,-,-,-,-,-
LR Johnson (WI),2008-2015,6,-,-,-,-,-,-,-,-
MR Johnson (USA),2004-2004,2,-,-,-,-,-,-,-,-
GO Jones (ENG/PNG),2004-2014,51,-,-,-,-,-,-,-,-
MA Jones (SCOT),2018-2019,8,-,-,-,-,-,-,-,-
RA Jones (NZ),2003-2003,5,-,-,-,-,-,-,-,-
C Jonker (SA),2018-2018,2,-,-,-,-,-,-,-,-
S Jora (NEPAL),2019-2019,1,-,-,-,-,-,-,-,-
SC Joseph (WI),2000-2005,13,-,-,-,-,-,-,-,-
DI Joyce (IRE),2006-2007,3,-,-,-,-,-,-,-,-
EC Joyce (ENG/IRE),2006-2018,78,-,-,-,-,-,-,-,-
R Kaia (ZIM),2015-2015,1,-,-,-,-,-,-,-,-
M Kaif (INDIA),2002-2006,125,-,-,-,-,-,-,-,-
AV Kale (INDIA),2003-2003,1,-,-,-,-,-,-,-,-
RS Kaluwitharana (SL),1990-2004,189,-,-,-,-,-,-,-,-
Kamran Akmal (PAK),2002-2017,157,-,-,-,-,-,-,-,-
TS Kamunhukamwe (ZIM),2018-2019,3,-,-,-,-,-,-,-,-
RB Kanhai (WI),1973-1975,7,-,-,-,-,-,-,-,-
M Karg (NAM),2003-2003,3,-,-,-,-,-,-,-,-
IA Karim (KENYA),2011-2014,9,-,-,-,-,-,-,-,-
SS Karim (INDIA),1997-2000,34,-,-,-,-,-,-,-,-
KD Karthik (INDIA),2004-2019,94,-,-,-,-,-,-,-,-
F Kasteni (ZIM),2007-2007,3,-,-,-,-,-,-,-,-
SM Katich (AUS),2001-2006,45,-,-,-,-,-,-,-,-
MF Kent (AUS),1981-1981,5,-,-,-,-,-,-,-,-
RB Kerr (AUS),1985-1985,4,-,-,-,-,-,-,-,-
D Keulder (NAM),2003-2003,6,-,-,-,-,-,-,-,-
RWT Key (ENG),2003-2004,5,-,-,-,-,-,-,-,-
SP Khakurel (NEPAL),2018-2018,2,-,-,-,-,-,-,-,-
Khaled Mashud (BDESH),1995-2006,126,-,-,-,-,-,-,-,-
Khalid Latif (PAK),2008-2010,5,-,-,-,-,-,-,-,-
SC Khanna (INDIA),1979-1984,10,-,-,-,-,-,-,-,-
UT Khawaja (AUS),2013-2019,40,-,-,-,-,-,-,-,-
GK Khoda (INDIA),1998-1998,2,-,-,-,-,-,-,-,-
AR Khurasiya (INDIA),1999-2001,12,-,-,-,-,-,-,-,-
Khurram Manzoor (PAK),2008-2009,7,-,-,-,-,-,-,-,-
Khurram Nawaz (OMAN),2019-2019,3,-,-,-,-,-,-,-,-
C Kieswetter (ENG),2010-2013,46,-,-,-,-,-,-,-,-
BA King (WI),2019-2019,1,-,-,-,-,-,-,-,-
SMH Kirmani (INDIA),1976-1986,49,-,-,-,-,-,-,-,-
H Klaasen (SA),2018-2019,14,-,-,-,-,-,-,-,-
NV Knight (ENG),1996-2003,100,-,-,-,-,-,-,-,-
APE Knott (ENG),1971-1977,20,-,-,-,-,-,-,-,-
LJ Koen (SA),1997-2000,5,-,-,-,-,-,-,-,-
JP Kotze (NAM),2019-2019,5,-,-,-,-,-,-,-,-
P Krishnamurthy (INDIA),1976-1976,1,-,-,-,-,-,-,-,-
CK Kruger (HKG),2008-2008,2,-,-,-,-,-,-,-,-
N Kruger (NL),2011-2011,2,-,-,-,-,-,-,-,-
DSBP Kuruppu (SL),1983-1990,54,-,-,-,-,-,-,-,-
BM Laird (AUS),1979-1982,23,-,-,-,-,-,-,-,-
SB Lama (HKG),2004-2004,1,-,-,-,-,-,-,-,-
JL Langer (AUS),1994-1997,8,-,-,-,-,-,-,-,-
TWM Latham (NZ),2012-2019,95,-,-,-,-,-,-,-,-
WM Lawry (AUS),1971-1971,1,-,-,-,-,-,-,-,-
WK Lees (NZ),1979-1983,31,-,-,-,-,-,-,-,-
E Lewis (WI),2016-2019,48,-,-,-,-,-,-,-,-
GFJ Liebenberg (SA),1995-1998,4,-,-,-,-,-,-,-,-
Liton Das (BDESH),2015-2019,33,-,-,-,-,-,-,-,-
GD Lloyd (ENG),1996-1998,6,-,-,-,-,-,-,-,-
TA Lloyd (ENG),1984-1984,3,-,-,-,-,-,-,-,-
DR Lockhart (SCOT),2006-2010,14,-,-,-,-,-,-,-,-
JD Love (ENG),1981-1981,3,-,-,-,-,-,-,-,-
MB Loye (ENG),2007-2007,7,-,-,-,-,-,-,-,-
BW Luckhurst (ENG),1975-1975,3,-,-,-,-,-,-,-,-
MJ Lumb (ENG),2014-2014,3,-,-,-,-,-,-,-,-
MA Lynch (ENG),1988-1988,3,-,-,-,-,-,-,-,-
CA Lynn (AUS),2017-2018,4,-,-,-,-,-,-,-,-
C McAuslan (HKG),2017-2017,2,-,-,-,-,-,-,-,-
NFI McCallum (SCOT),2006-2011,43,-,-,-,-,-,-,-,-
RB McCosker (AUS),1975-1982,14,-,-,-,-,-,-,-,-
BB McCullum (NZ),2002-2016,260,-,-,-,-,-,-,-,-
PD McGlashan (NZ),2009-2009,4,-,-,-,-,-,-,-,-
JA Maclean (AUS),1979-1979,2,-,-,-,-,-,-,-,-
H McLeod (EAf),1975-1975,2,-,-,-,-,-,-,-,-
NJ MacRae (SCOT),2006-2006,2,-,-,-,-,-,-,-,-
EB McSweeney (NZ),1986-1987,16,-,-,-,-,-,-,-,-
DL Maddy (ENG),1998-2000,8,-,-,-,-,-,-,-,-
TN Madondo (ZIM),1998-2001,13,-,-,-,-,-,-,-,-
Mahbubur Rahman (BDESH),1999-1999,1,-,-,-,-,-,-,-,-
JP Maher (AUS),1998-2003,26,-,-,-,-,-,-,-,-
Mahmood Hamid (PAK),1995-1995,1,-,-,-,-,-,-,-,-
DJ Malan (ENG),2019-2019,1,-,-,-,-,-,-,-,-
JS Malhotra (USA),2019-2019,5,-,-,-,-,-,-,-,-
G Malla (NEPAL),2018-2019,6,-,-,-,-,-,-,-,-
GA Manou (AUS),2009-2009,4,-,-,-,-,-,-,-,-
A Maregwede (ZIM),2003-2005,11,-,-,-,-,-,-,-,-
RW Marsh (AUS),1971-1984,92,-,-,-,-,-,-,-,-
SE Marsh (AUS),2008-2019,73,-,-,-,-,-,-,-,-
CA Marshall (CAN),1979-1979,2,-,-,-,-,-,-,-,-
HJH Marshall (NZ),2003-2007,66,-,-,-,-,-,-,-,-
JAH Marshall (NZ),2005-2008,10,-,-,-,-,-,-,-,-
JJ Martin (INDIA),1999-2001,10,-,-,-,-,-,-,-,-
Masood Iqbal (PAK),1984-1984,1,-,-,-,-,-,-,-,-
SJ Massiah (USA),2004-2004,2,-,-,-,-,-,-,-,-
EH Mattis (WI),1981-1981,2,-,-,-,-,-,-,-,-
BM Mauricette (CAN),1979-1979,3,-,-,-,-,-,-,-,-
TMK Mawoyo (ZIM),2006-2014,7,-,-,-,-,-,-,-,-
MP Maynard (ENG),1994-2000,14,-,-,-,-,-,-,-,-
RD McCann (IRE),2010-2010,8,-,-,-,-,-,-,-,-
JA McCollum (IRE),2019-2019,8,-,-,-,-,-,-,-,-
SS McKechnie (HKG),2017-2018,8,-,-,-,-,-,-,-,-
V Mehra (UAE),1994-1996,6,-,-,-,-,-,-,-,-
PS Mehta (EAf),1975-1975,1,-,-,-,-,-,-,-,-
LRD Mendis (SL),1975-1989,79,-,-,-,-,-,-,-,-
MC Mendis (SL),1995-1995,1,-,-,-,-,-,-,-,-
DA Miller (SA),2010-2019,126,-,-,-,-,-,-,-,-
DA Minors (BMUDA),2006-2007,20,-,-,-,-,-,-,-,-
Mohammad Aslam (UAE),1996-1996,4,-,-,-,-,-,-,-,-
Mohammad Iqbal (CAN),2007-2008,5,-,-,-,-,-,-,-,-
Mohammad Ishaq (UAE),1994-1996,5,-,-,-,-,-,-,-,-
Mohammad Mithun (BDESH),2014-2019,24,-,-,-,-,-,-,-,-
Mohammad Rizwan (PAK),2015-2019,32,-,-,-,-,-,-,-,-
Mohammad Salim (BDESH),2003-2003,1,-,-,-,-,-,-,-,-
Mohammad Salman (PAK),2011-2011,7,-,-,-,-,-,-,-,-
Mohammad Shahzad (AFG),2009-2019,84,-,-,-,-,-,-,-,-
Mohammad Wasim (PAK),1996-2000,25,-,-,-,-,-,-,-,-
Mohibullah Oryakhel (AFG),2013-2013,2,-,-,-,-,-,-,-,-
Moin-ul-Atiq (PAK),1988-1989,5,-,-,-,-,-,-,-,-
Moin Khan (PAK),1990-2004,219,-,-,-,-,-,-,-,-
NR Mongia (INDIA),1994-2000,140,-,-,-,-,-,-,-,-
Moniruzzaman (BDESH),2003-2003,2,-,-,-,-,-,-,-,-
PJ Moor (ZIM),2014-2019,49,-,-,-,-,-,-,-,-
KS More (INDIA),1984-1993,94,-,-,-,-,-,-,-,-
VV Morea (PNG),2014-2018,13,-,-,-,-,-,-,-,-
DWO Morgan (BMUDA),2006-2006,2,-,-,-,-,-,-,-,-
EJG Morgan (ENG/IRE),2006-2019,233,-,-,-,-,-,-,-,-
JE Morris (ENG),1990-1991,8,-,-,-,-,-,-,-,-
JK Moss (AUS),1979-1979,1,-,-,-,-,-,-,-,-
MD Moxon (ENG),1985-1988,8,-,-,-,-,-,-,-,-
TV Mufambisi (ZIM),2006-2007,6,-,-,-,-,-,-,-,-
Muhammad Usman (UAE),2016-2019,30,-,-,-,-,-,-,-,-
AA Mulla (CAN),2006-2009,24,-,-,-,-,-,-,-,-
EMDY Munaweera (SL),2017-2017,2,-,-,-,-,-,-,-,-
HG Munsey (SCOT),2017-2019,25,-,-,-,-,-,-,-,-
GB Murgatroyd (NAM),2003-2003,6,-,-,-,-,-,-,-,-
D Murphy (SCOT),2013-2013,8,-,-,-,-,-,-,-,-
DA Murray (WI),1973-1981,10,-,-,-,-,-,-,-,-
DJ Murray (NZ),1994-1994,1,-,-,-,-,-,-,-,-
DL Murray (WI),1973-1980,26,-,-,-,-,-,-,-,-
JR Murray (WI),1992-1999,55,-,-,-,-,-,-,-,-
R Murray (ZIM),2018-2018,5,-,-,-,-,-,-,-,-
Mushfiqur Rahim (BDESH),2006-2019,216,-,-,-,-,-,-,-,-
P Mustard (ENG),2007-2008,10,-,-,-,-,-,-,-,-
F Mutizwa (ZIM),2009-2011,17,-,-,-,-,-,-,-,-
R Mutumbami (ZIM),2014-2019,33,-,-,-,-,-,-,-,-
SJ Myburgh (NL),2011-2018,13,-,-,-,-,-,-,-,-
G Mylvaganam (UAE),1996-1996,3,-,-,-,-,-,-,-,-
Naeemuddin Aslam (UAE),2004-2004,2,-,-,-,-,-,-,-,-
Nafees Iqbal (BDESH),2003-2005,16,-,-,-,-,-,-,-,-
SS Naik (INDIA),1974-1974,2,-,-,-,-,-,-,-,-
KK Nair (INDIA),2016-2016,2,-,-,-,-,-,-,-,-
Najeeb Tarakai (AFG),2017-2017,1,-,-,-,-,-,-,-,-
Nasim-ul-Ghani (PAK),1973-1973,1,-,-,-,-,-,-,-,-
Nasir Ahmed (BDESH),1988-1990,7,-,-,-,-,-,-,-,-
Nasir Hameed (HKG),2004-2004,1,-,-,-,-,-,-,-,-
Nasir Jamshed (PAK),2008-2015,48,-,-,-,-,-,-,-,-
Nasir Javed (USA),2004-2004,1,-,-,-,-,-,-,-,-
Naumanullah (PAK),2008-2008,1,-,-,-,-,-,-,-,-
MN Nawaz (SL),1998-2002,3,-,-,-,-,-,-,-,-
Nazimuddin (BDESH),2008-2012,11,-,-,-,-,-,-,-,-
Najmul Hossain Shanto (BDESH),2018-2018,3,-,-,-,-,-,-,-,-
CJ Nevin (NZ),2000-2003,37,-,-,-,-,-,-,-,-
HM Nicholls (NZ),2015-2019,45,-,-,-,-,-,-,-,-
PA Nixon (ENG),2007-2007,19,-,-,-,-,-,-,-,-
Noor-ul-Haq (AFG),2010-2010,2,-,-,-,-,-,-,-,-
Noor Ali Zadran (AFG),2009-2019,51,-,-,-,-,-,-,-,-
Nurul Abedin (BDESH),1986-1990,4,-,-,-,-,-,-,-,-
Nurul Hasan (BDESH),2016-2016,2,-,-,-,-,-,-,-,-
AA Obanda (KENYA),2007-2014,49,-,-,-,-,-,-,-,-
NJ O'Brien (IRE),2006-2018,103,-,-,-,-,-,-,-,-
DO Obuya (KENYA),2001-2012,74,-,-,-,-,-,-,-,-
MP O'Dowd (NL),2019-2019,2,-,-,-,-,-,-,-,-
NV Ojha (INDIA),2010-2010,1,-,-,-,-,-,-,-,-
MA Ouma (KENYA),2004-2014,80,-,-,-,-,-,-,-,-
TD Paine (AUS),2009-2018,35,-,-,-,-,-,-,-,-
SJ Palframan (SA),1996-1996,7,-,-,-,-,-,-,-,-
MK Pandey (INDIA),2015-2018,23,-,-,-,-,-,-,-,-
CS Pandit (INDIA),1986-1992,36,-,-,-,-,-,-,-,-
RR Pant (INDIA),2018-2019,15,-,-,-,-,-,-,-,-
MHW Papps (NZ),2004-2005,6,-,-,-,-,-,-,-,-
JV Paranjpe (INDIA),1998-1998,4,-,-,-,-,-,-,-,-
BA Parchment (WI),2007-2008,7,-,-,-,-,-,-,-,-
GAHM Parkar (INDIA),1982-1984,10,-,-,-,-,-,-,-,-
NM Parker (NZ),1976-1976,1,-,-,-,-,-,-,-,-
AC Parore (NZ),1992-2002,179,-,-,-,-,-,-,-,-
BP Patel (INDIA),1974-1979,10,-,-,-,-,-,-,-,-
MD Patel (USA),2019-2019,9,-,-,-,-,-,-,-,-
ML Patel (KENYA),2004-2006,3,-,-,-,-,-,-,-,-
PA Patel (INDIA),2003-2012,38,-,-,-,-,-,-,-,-
GA Paterson (ZIM),1983-1987,10,-,-,-,-,-,-,-,-
SP Patil (UAE),2014-2015,13,-,-,-,-,-,-,-,-
BMW Patterson (SCOT),1999-1999,3,-,-,-,-,-,-,-,-
RK Paudel (NEPAL),2018-2019,4,-,-,-,-,-,-,-,-
TRO Payne (WI),1984-1987,7,-,-,-,-,-,-,-,-
GE Peckover (ZIM),1983-1983,3,-,-,-,-,-,-,-,-
MDKJ Perera (SL),2013-2019,98,-,-,-,-,-,-,-,-
PARP Perera (SL),2019-2019,2,-,-,-,-,-,-,-,-
MJ Petrie (SCOT),2009-2009,4,-,-,-,-,-,-,-,-
IL Philip (SCOT),1999-1999,3,-,-,-,-,-,-,-,-
WB Phillips (AUS),1982-1986,48,-,-,-,-,-,-,-,-
AR Pitcher (BMUDA),2006-2007,4,-,-,-,-,-,-,-,-
V Pollard (NZ),1973-1974,3,-,-,-,-,-,-,-,-
RH Poonawala (UAE),1994-1994,2,-,-,-,-,-,-,-,-
NS Poonia (SCOT),2006-2009,21,-,-,-,-,-,-,-,-
N Pooran (WI),2019-2019,19,-,-,-,-,-,-,-,-
WTS Porterfield (IRE),2006-2019,136,-,-,-,-,-,-,-,-
N Pothas (SA),2000-2000,3,-,-,-,-,-,-,-,-
KOA Powell (WI),2009-2018,46,-,-,-,-,-,-,-,-
AD Poynter (IRE),2008-2014,19,-,-,-,-,-,-,-,-
SW Poynter (IRE),2014-2019,21,-,-,-,-,-,-,-,-
MSK Prasad (INDIA),1998-1999,17,-,-,-,-,-,-,-,-
MJ Prior (ENG),2004-2011,68,-,-,-,-,-,-,-,-
CA Pujara (INDIA),2013-2014,5,-,-,-,-,-,-,-,-
AG Puttick (SA),2005-2005,1,-,-,-,-,-,-,-,-
AJ Pycroft (ZIM),1983-1992,20,-,-,-,-,-,-,-,-
MR Pydanna (WI),1980-1983,3,-,-,-,-,-,-,-,-
Qasim Umar (PAK),1983-1987,31,-,-,-,-,-,-,-,-
CT Radley (ENG),1978-1978,4,-,-,-,-,-,-,-,-
Rafiqul Alam (BDESH),1986-1986,2,-,-,-,-,-,-,-,-
Rafiqul Islam (BDESH),2002-2002,1,-,-,-,-,-,-,-,-
AM Rahane (INDIA),2011-2018,90,-,-,-,-,-,-,-,-
KL Rahul (INDIA),2016-2019,26,-,-,-,-,-,-,-,-
RR Ramdass (WI),2005-2005,1,-,-,-,-,-,-,-,-
D Ramdin (WI),2005-2016,139,-,-,-,-,-,-,-,-
DR Ramsammy (CAN),2012-2012,1,-,-,-,-,-,-,-,-
Ramveer Rai (UAE),2004-2004,1,-,-,-,-,-,-,-,-
D Ranatunga (SL),1990-1990,4,-,-,-,-,-,-,-,-
S Ranatunga (SL),1994-1996,13,-,-,-,-,-,-,-,-
Raqibul Hasan (BDESH),2008-2011,55,-,-,-,-,-,-,-,-
Rashid Latif (PAK),1992-2003,166,-,-,-,-,-,-,-,-
V Rathour (INDIA),1996-1997,7,-,-,-,-,-,-,-,-
A Ratra (INDIA),2002-2002,12,-,-,-,-,-,-,-,-
CMW Read (ENG),2000-2006,36,-,-,-,-,-,-,-,-
B Reddy (INDIA),1978-1981,3,-,-,-,-,-,-,-,-
AJ Redmond (NZ),2009-2010,6,-,-,-,-,-,-,-,-
RE Redmond (NZ),1973-1973,2,-,-,-,-,-,-,-,-
IR Redpath (AUS),1971-1975,5,-,-,-,-,-,-,-,-
JF Reid (NZ),1980-1986,25,-,-,-,-,-,-,-,-
FL Reifer (WI),1997-2009,8,-,-,-,-,-,-,-,-
SJ Rhodes (ENG),1989-1995,9,-,-,-,-,-,-,-,-
ACL Richards (WI),2007-2007,1,-,-,-,-,-,-,-,-
CJ Richards (ENG),1981-1988,22,-,-,-,-,-,-,-,-
DM Richards (WI),2009-2010,8,-,-,-,-,-,-,-,-
DJ Richardson (SA),1991-1998,122,-,-,-,-,-,-,-,-
MH Richardson (NZ),2002-2002,4,-,-,-,-,-,-,-,-
GM Ritchie (AUS),1982-1987,44,-,-,-,-,-,-,-,-
SJ Rixon (AUS),1978-1985,6,-,-,-,-,-,-,-,-
Rizwan-uz-Zaman (PAK),1981-1987,3,-,-,-,-,-,-,-,-
RD Robinson (AUS),1977-1977,2,-,-,-,-,-,-,-,-
RT Robinson (ENG),1984-1988,26,-,-,-,-,-,-,-,-
L Ronchi (AUS/NZ),2008-2017,85,-,-,-,-,-,-,-,-
GRJ Roope (ENG),1973-1978,8,-,-,-,-,-,-,-,-
BC Rose (ENG),1977-1977,2,-,-,-,-,-,-,-,-
LG Rowe (WI),1975-1980,11,-,-,-,-,-,-,-,-
JJ Roy (ENG),2015-2019,84,-,-,-,-,-,-,-,-
MW Rushmere (SA),1992-1992,4,-,-,-,-,-,-,-,-
RC Russell (ENG),1987-1998,40,-,-,-,-,-,-,-,-
HD Rutherford (NZ),2013-2013,4,-,-,-,-,-,-,-,-
Saad Ali (PAK),2019-2019,2,-,-,-,-,-,-,-,-
Saeed Azad (PAK),1995-1996,4,-,-,-,-,-,-,-,-
Sagar Pun (NEPAL),2018-2018,1,-,-,-,-,-,-,-,-
AK Sah (NEPAL),2018-2018,2,-,-,-,-,-,-,-,-
WP Saha (INDIA),2010-2014,9,-,-,-,-,-,-,-,-
Sajid Ali (PAK),1984-1997,13,-,-,-,-,-,-,-,-
Sajjad Ahmed (BDESH),1995-1995,2,-,-,-,-,-,-,-,-
Saleem Pervez (PAK),1980-1980,1,-,-,-,-,-,-,-,-
Saleem Yousuf (PAK),1982-1990,86,-,-,-,-,-,-,-,-
Salman Faris (UAE),2014-2014,3,-,-,-,-,-,-,-,-
G Salmond (SCOT),1999-1999,5,-,-,-,-,-,-,-,-
DP Samaraweera (SL),1993-1994,5,-,-,-,-,-,-,-,-
S Samarawickrama (SL),2017-2019,7,-,-,-,-,-,-,-,-
Sami Aslam (PAK),2015-2016,4,-,-,-,-,-,-,-,-
RG Samuels (WI),1996-1997,8,-,-,-,-,-,-,-,-
Sandeep Goud (OMAN),2019-2019,5,-,-,-,-,-,-,-,-
KC Sangakkara (Asia/ICC/SL),2000-2015,404,-,-,-,-,-,-,-,-
Saqlain Haider (UAE),2014-2016,5,-,-,-,-,-,-,-,-
P Sarraf (NEPAL),2019-2019,2,-,-,-,-,-,-,-,-
AF Sattaur (CAN),2003-2003,3,-,-,-,-,-,-,-,-
MMC Schewe (NL),1996-1996,5,-,-,-,-,-,-,-,-
RH Scholte (NL),2002-2003,5,-,-,-,-,-,-,-,-
S Seeraj (CAN),2006-2006,1,-,-,-,-,-,-,-,-
TL Seifert (NZ),2019-2019,3,-,-,-,-,-,-,-,-
CP Senanayake (SL),1990-1991,7,-,-,-,-,-,-,-,-
CS Serjeant (AUS),1977-1978,3,-,-,-,-,-,-,-,-
Shabir Noori (AFG),2010-2016,10,-,-,-,-,-,-,-,-
Shadab Kabir (PAK),1996-1996,3,-,-,-,-,-,-,-,-
Shafiqullah (AFG),2009-2018,24,-,-,-,-,-,-,-,-
Shafiq Ahmed (PAK),1977-1978,3,-,-,-,-,-,-,-,-
Shaheedur Rahman (BDESH),1986-1986,2,-,-,-,-,-,-,-,-
Shahid Anwar (PAK),1996-1996,1,-,-,-,-,-,-,-,-
Shahid Wasif (HKG),2016-2018,10,-,-,-,-,-,-,-,-
Shahriar Hossain (BDESH),1997-2004,20,-,-,-,-,-,-,-,-
Shahriar Nafees (BDESH),2005-2011,75,-,-,-,-,-,-,-,-
Shahzad Khan (CAN),2007-2007,1,-,-,-,-,-,-,-,-
Shahzaib Hasan (PAK),2010-2010,3,-,-,-,-,-,-,-,-
Shakeel Ahmed jnr (PAK),1995-1995,2,-,-,-,-,-,-,-,-
JNK Shannon (IRE),2013-2013,1,-,-,-,-,-,-,-,-
Shan Masood (PAK),2019-2019,5,-,-,-,-,-,-,-,-
Sharjeel Khan (PAK),2013-2017,25,-,-,-,-,-,-,-,-
PH Sharma (INDIA),1976-1976,2,-,-,-,-,-,-,-,-
R Sharma (HKG),2004-2004,2,-,-,-,-,-,-,-,-
AP Sheahan (AUS),1972-1972,3,-,-,-,-,-,-,-,-
MQ Sheikh (SCOT),2008-2010,7,-,-,-,-,-,-,-,-
V Shetty (UAE),2008-2014,2,-,-,-,-,-,-,-,-
IT Shillingford (WI),1978-1978,2,-,-,-,-,-,-,-,-
Shubman Gill (INDIA),2019-2019,2,-,-,-,-,-,-,-,-
JD Siddons (AUS),1988-1988,1,-,-,-,-,-,-,-,-
SAR Silva (SL),1984-1985,20,-,-,-,-,-,-,-,-
Simandeep Singh (HKG),2018-2018,1,-,-,-,-,-,-,-,-
MS Sinclair (NZ),2000-2009,54,-,-,-,-,-,-,-,-
WN Slack (ENG),1986-1986,2,-,-,-,-,-,-,-,-
TT Smart (HKG),2004-2004,2,-,-,-,-,-,-,-,-
CJ Smith (BMUDA),2006-2007,12,-,-,-,-,-,-,-,-
CJO Smith (SCOT),2006-2009,27,-,-,-,-,-,-,-,-
DM Smith (ENG),1986-1990,2,-,-,-,-,-,-,-,-
IDS Smith (NZ),1980-1992,98,-,-,-,-,-,-,-,-
MJ Smith (ENG),1973-1974,5,-,-,-,-,-,-,-,-
MJ Smith (SCOT),1999-1999,5,-,-,-,-,-,-,-,-
RA Smith (ENG),1988-1996,71,-,-,-,-,-,-,-,-
J Smits (NL),2003-2009,38,-,-,-,-,-,-,-,-
S Somasunder (INDIA),1996-1996,2,-,-,-,-,-,-,-,-
L Sreekumar (UAE),2015-2016,4,-,-,-,-,-,-,-,-
TE Srinivasan (INDIA),1980-1981,2,-,-,-,-,-,-,-,-
NA Statham (NL),2003-2009,3,-,-,-,-,-,-,-,-
AJ Stewart (ENG),1989-2003,170,-,-,-,-,-,-,-,-
ELR Stewart (SA),1993-2002,6,-,-,-,-,-,-,-,-
SL Stewart (NZ),2010-2010,4,-,-,-,-,-,-,-,-
PJR Steyn (SA),1995-1995,1,-,-,-,-,-,-,-,-
LW Stokkers (NL),2008-2008,1,-,-,-,-,-,-,-,-
R Sudhakar Rao (INDIA),1976-1976,1,-,-,-,-,-,-,-,-
S Sumar (EAf),1975-1975,1,-,-,-,-,-,-,-,-
Suraj Kumar (OMAN),2019-2019,5,-,-,-,-,-,-,-,-
ZE Surkari (CAN),2008-2011,23,-,-,-,-,-,-,-,-
SJ Swanepoel (NAM),2003-2003,5,-,-,-,-,-,-,-,-
ES Szwarczynski (NL),2006-2014,41,-,-,-,-,-,-,-,-
Tabarak Dar (HKG),2004-2008,4,-,-,-,-,-,-,-,-
Tariq Javed (CAN),1979-1979,3,-,-,-,-,-,-,-,-
Taslim Arif (PAK),1980-1980,2,-,-,-,-,-,-,-,-
MA Taylor (AUS),1989-1997,113,-,-,-,-,-,-,-,-
RW Taylor (ENG),1973-1984,27,-,-,-,-,-,-,-,-
JWA Taylor (ENG),2011-2015,27,-,-,-,-,-,-,-,-
APB Tennekoon (SL),1975-1979,4,-,-,-,-,-,-,-,-
SP Terry (IRE),2016-2016,5,-,-,-,-,-,-,-,-
DJ ter Braak (NL),2018-2018,2,-,-,-,-,-,-,-,-
VAB Tewarie (NL),2011-2011,1,-,-,-,-,-,-,-,-
WU Tharanga (Asia/SL),2005-2019,235,-,-,-,-,-,-,-,-
MH Tissera (SL),1975-1975,3,-,-,-,-,-,-,-,-
SS Tiwary (INDIA),2010-2010,3,-,-,-,-,-,-,-,-
G Toka (PNG),2019-2019,7,-,-,-,-,-,-,-,-
RW Tolchard (ENG),1979-1979,1,-,-,-,-,-,-,-,-
PM Toohey (AUS),1978-1979,5,-,-,-,-,-,-,-,-
JO Troughton (ENG),2003-2003,6,-,-,-,-,-,-,-,-
KL Tucker (BMUDA),2006-2007,12,-,-,-,-,-,-,-,-
LJ Tucker (IRE),2019-2019,5,-,-,-,-,-,-,-,-
A Turner (AUS),1975-1975,6,-,-,-,-,-,-,-,-
AJ Turner (AUS),2019-2019,3,-,-,-,-,-,-,-,-
ML Udawatte (SL),2008-2008,9,-,-,-,-,-,-,-,-
Umar Akmal (PAK),2009-2019,121,-,-,-,-,-,-,-,-
Usman Limbada (CAN),2010-2014,11,-,-,-,-,-,-,-,-
Usman Salahuddin (PAK),2011-2011,2,-,-,-,-,-,-,-,-
AV Vadher (KENYA),1997-1999,18,-,-,-,-,-,-,-,-
RH Vance (NZ),1988-1989,8,-,-,-,-,-,-,-,-
HE van der Dussen (SA),2019-2019,18,-,-,-,-,-,-,-,-
MG Vandort (SL),2006-2006,1,-,-,-,-,-,-,-,-
VB van Jaarsveld (SA),2009-2009,2,-,-,-,-,-,-,-,-
MWA van Nierop (NL),2006-2006,2,-,-,-,-,-,-,-,-
KJJ van Noortwijk (NL),1996-2003,9,-,-,-,-,-,-,-,-
RF van Oosterom (NL),1996-2002,3,-,-,-,-,-,-,-,-
M van Schoor (NAM),2003-2003,5,-,-,-,-,-,-,-,-
MN van Wyk (SA),2003-2015,17,-,-,-,-,-,-,-,-
JNT Vare (PNG),2014-2018,9,-,-,-,-,-,-,-,-
MRJ Veletta (AUS),1987-1989,20,-,-,-,-,-,-,-,-
Y Venugopal Rao (INDIA),2005-2006,16,-,-,-,-,-,-,-,-
S Vesawkar (NEPAL),2018-2018,1,-,-,-,-,-,-,-,-
JM Vince (ENG),2015-2019,13,-,-,-,-,-,-,-,-
TP Visee (NL),2019-2019,2,-,-,-,-,-,-,-,-
GR Viswanath (INDIA),1974-1982,25,-,-,-,-,-,-,-,-
S Viswanath (INDIA),1985-1988,22,-,-,-,-,-,-,-,-
GE Vivian (NZ),1973-1973,1,-,-,-,-,-,-,-,-
DM Vonhagt (SL),1985-1985,1,-,-,-,-,-,-,-,-
MS Wade (AUS),2012-2017,94,-,-,-,-,-,-,-,-
AL Wadekar (INDIA),1974-1974,2,-,-,-,-,-,-,-,-
KJ Wadsworth (NZ),1973-1976,13,-,-,-,-,-,-,-,-
CD Wallace (SCOT),2012-2019,28,-,-,-,-,-,-,-,-
PA Wallace (WI),1991-2000,33,-,-,-,-,-,-,-,-
AC Waller (ZIM),1987-1997,39,-,-,-,-,-,-,-,-
R Walters (NAM),2003-2003,2,-,-,-,-,-,-,-,-
CAK Walton (WI),2009-2017,9,-,-,-,-,-,-,-,-
S Walusimbi (EAf),1975-1975,3,-,-,-,-,-,-,-,-
Waqas Khan (HKG),2015-2017,8,-,-,-,-,-,-,-,-
SM Warnapura (SL),2007-2008,3,-,-,-,-,-,-,-,-
Wasim Bari (PAK),1973-1984,51,-,-,-,-,-,-,-,-
BJ Watling (NZ),2010-2018,28,-,-,-,-,-,-,-,-
DF Watts (SCOT),2006-2011,36,-,-,-,-,-,-,-,-
PN Webb (NZ),1983-1984,5,-,-,-,-,-,-,-,-
DS Weerakkody (SL),2017-2017,3,-,-,-,-,-,-,-,-
DM Wellham (AUS),1981-1987,17,-,-,-,-,-,-,-,-
AP Wells (ENG),1995-1995,1,-,-,-,-,-,-,-,-
CM Wells (ENG),1985-1985,2,-,-,-,-,-,-,-,-
MD Wettimuny (SL),1983-1983,1,-,-,-,-,-,-,-,-
SRD Wettimuny (SL),1975-1979,3,-,-,-,-,-,-,-,-
K Whatham (CAN),2011-2011,1,-,-,-,-,-,-,-,-
DF Whatmore (AUS),1980-1980,1,-,-,-,-,-,-,-,-
JJ Whitaker (ENG),1987-1987,2,-,-,-,-,-,-,-,-
DJ White (NZ),1990-1990,3,-,-,-,-,-,-,-,-
RPAH Wickramaratne (SL),1993-1993,3,-,-,-,-,-,-,-,-
AGD Wickremasinghe (SL),1992-1993,4,-,-,-,-,-,-,-,-
D Williams (WI),1988-1997,36,-,-,-,-,-,-,-,-
JG Williamson (SCOT),1999-1999,2,-,-,-,-,-,-,-,-
GC Wilson (IRE),2007-2019,105,-,-,-,-,-,-,-,-
GM Wood (AUS),1978-1989,83,-,-,-,-,-,-,-,-
AJ Woodcock (AUS),1974-1974,1,-,-,-,-,-,-,-,-
RD Woolley (AUS),1983-1983,4,-,-,-,-,-,-,-,-
KJ Wright (AUS),1979-1979,5,-,-,-,-,-,-,-,-
M Yachad (SA),1991-1991,1,-,-,-,-,-,-,-,-
V Yadav (INDIA),1992-1994,19,-,-,-,-,-,-,-,-
BA Young (NZ),1990-1999,74,-,-,-,-,-,-,-,-
Younis Ahmed (PAK),1987-1987,2,-,-,-,-,-,-,-,-
Yunus Badat (EAf),1975-1975,2,-,-,-,-,-,-,-,-
Zahid Fazal (PAK),1990-1994,19,-,-,-,-,-,-,-,-
Zahid Razzak (BDESH),1988-1990,3,-,-,-,-,-,-,-,-
Zahoor Elahi (PAK),1996-1997,14,-,-,-,-,-,-,-,-
Zeeshan Siddiqi (CAN),2012-2014,2,-,-,-,-,-,-,-,-
TJ Zoehrer (AUS),1986-1994,22,-,-,-,-,-,-,-,-
K Zondo (SA),2018-2018,5,-,-,-,-,-,-,-,-
B Zuiderent (NL),1996-2011,57,-,-,-,-,-,-,-,-
Zulqarnain (PAK),1985-1989,16,-,-,-,-,-,-,-,-
Zulqarnain Haider (PAK),2010-2010,4,-,-,-,-,-,-,-,-
