Player,Span,Mat,Inns,Overs,Runs,Wkts,Ave,Econ,SR,5
SL Malinga (SL),2006-2019,79,79,284.5,2061,106,19.44,7.23,16.1,2
Shahid Afridi (ICC/PAK),2006-2018,99,97,361.2,2396,98,24.44,6.63,22.1,0
Shakib Al Hasan (BDESH),2006-2019,76,75,277.5,1894,92,20.58,6.81,18.1,1
Saeed Ajmal (PAK),2009-2015,64,63,238.2,1516,85,17.83,6.36,16.8,0
Umar Gul (PAK),2007-2016,60,60,200.3,1443,85,16.97,7.19,14.1,2
Rashid Khan (AFG/ICC),2015-2019,45,45,171,1052,84,12.52,6.15,12.2,2
GH Dockrell (IRE),2010-2019,73,69,221.2,1539,75,20.52,6.95,17.7,0
TG Southee (NZ),2008-2019,66,64,233.3,1954,75,26.05,8.36,18.6,1
Mohammad Nabi (AFG),2010-2019,75,75,256.4,1839,69,26.65,7.16,22.3,0
KMDN Kulasekara (SL),2008-2017,58,58,205.1,1530,66,23.18,7.45,18.6,0
BAW Mendis (SL),2008-2014,39,39,147.3,952,66,14.42,6.45,13.4,2
SCJ Broad (ENG),2006-2014,56,55,195.3,1491,65,22.93,7.62,18,0
Imran Tahir (SA/World),2013-2019,38,38,140.5,948,63,15.04,6.73,13.4,2
DW Steyn (SA),2007-2019,44,44,157.1,1068,61,17.5,6.79,15.4,0
Mohammad Amir (PAK),2009-2019,48,48,175.4,1224,59,20.74,6.96,17.8,0
NL McCullum (NZ),2007-2016,63,59,187.1,1278,58,22.03,6.82,19.3,0
KJ O'Brien (IRE),2008-2019,90,51,150.3,1134,58,19.55,7.53,15.5,0
S Badree (WI/World),2012-2018,52,52,191,1180,56,21.07,6.17,20.4,0
CJ Jordan (ENG),2014-2019,43,43,151.3,1300,54,24.07,8.58,16.8,0
Mohammad Hafeez (PAK),2006-2018,89,67,186.1,1226,54,22.7,6.58,20.6,0
Sohail Tanvir (PAK),2007-2017,57,57,202.2,1454,54,26.92,7.18,22.4,0
RE van der Merwe (NL/SA),2009-2019,43,42,149.1,938,54,17.37,6.28,16.5,0
WB Rankin (ENG/IRE),2009-2019,48,47,170,1138,53,21.47,6.69,19.2,0
PM Seelaar (NL),2008-2019,69,58,172.3,1190,53,22.45,6.89,19.5,0
R Ashwin (INDIA),2010-2017,46,46,171,1193,52,22.94,6.97,19.7,0
DJ Bravo (WI),2006-2016,66,56,173.4,1470,52,28.26,8.46,20,0
YS Chahal (INDIA),2016-2019,36,36,140.3,1139,52,21.9,8.1,16.2,1
Mustafizur Rahman (BDESH),2015-2019,37,37,135.1,1065,52,20.48,7.87,15.5,1
SP Narine (WI),2012-2019,51,49,183.4,1105,52,21.25,6.01,21.1,0
JJ Bumrah (INDIA),2016-2019,42,42,153.1,1029,51,20.17,6.71,18,0
NLTC Perera (ICC/SL/World),2010-2019,79,64,175.4,1628,51,31.92,9.26,20.6,0
GP Swann (ENG),2008-2012,39,38,135,859,51,16.84,6.36,15.8,0
MJ Santner (NZ),2015-2019,39,38,128.5,928,49,18.93,7.2,15.7,0
SM Sharif (SCOT),2012-2019,42,41,143.5,1185,49,24.18,8.23,17.6,0
SR Watson (AUS),2006-2016,58,49,155,1187,48,24.72,7.65,19.3,0
M Morkel (SA/World),2007-2017,44,44,158.4,1191,47,25.34,7.5,20.2,0
IS Sodhi (NZ),2014-2019,40,39,138.3,1131,47,24.06,8.16,17.6,0
PA van Meekeren (NL),2013-2019,41,39,136.1,945,47,20.1,6.94,17.3,0
Shadab Khan (PAK),2017-2019,38,36,135.3,948,46,20.6,6.99,17.6,0
Bilal Khan (OMAN),2015-2019,32,31,111,778,45,17.28,7,14.8,0
MRJ Watt (SCOT),2015-2019,35,33,125,903,45,20.06,7.22,16.6,1
Abdur Razzak (BDESH),2006-2014,34,33,121.4,838,44,19.04,6.88,16.5,0
Ahsan Malik (NL),2012-2017,31,29,95.5,730,44,16.59,7.61,13,1
DJG Sammy (WI/World),2007-2017,68,59,152.4,1116,44,25.36,7.31,20.8,1
Mudassar Bukhari (NL),2008-2016,38,35,117.2,780,43,18.13,6.64,16.3,0
KD Mills (NZ),2005-2014,42,42,149.3,1228,43,28.55,8.21,20.8,0
Imad Wasim (PAK),2015-2019,41,40,147,877,42,20.88,5.96,21,1
Mashrafe Mortaza (BDESH),2006-2017,54,53,189.5,1527,42,36.35,8.04,27.1,0
B Kumar (INDIA),2012-2019,43,43,154.2,1088,41,26.53,7.04,22.5,1
WD Parnell (SA),2009-2017,40,39,124.5,1038,41,25.31,8.31,18.2,0
KOK Williams (WI),2016-2019,24,24,86.5,724,41,17.65,8.33,12.7,0
Al-Amin Hossain (BDESH),2013-2019,28,26,91.2,673,40,16.82,7.36,13.7,0
Dawlat Zadran (AFG),2012-2019,34,34,123.3,980,40,24.5,7.93,18.5,0
T van der Gugten (NL),2012-2019,39,38,118.5,847,40,21.17,7.12,17.8,0
TA Boult (NZ),2013-2019,27,27,98.5,854,39,21.89,8.64,15.2,0
JW Dernbach (ENG),2011-2014,34,33,117,1020,39,26.15,8.71,18,0
AU Rashid (ENG),2009-2019,40,38,133,1000,39,25.64,7.51,20.4,0
Rohan Mustafa (UAE),2014-2019,38,36,113.5,774,39,19.84,6.79,17.5,0
MA Starc (AUS),2012-2019,28,28,106.3,718,39,18.41,6.74,16.3,0
MG Johnson (AUS),2007-2013,30,30,109.2,797,38,20.97,7.28,17.2,0
HH Pandya (INDIA),2016-2019,40,39,116.5,976,38,25.68,8.35,18.4,0
DL Vettori (NZ),2007-2014,34,34,131.1,748,38,19.68,5.7,20.7,0
J Botha (SA),2006-2012,40,39,129,823,37,22.24,6.37,20.9,0
Kuldeep Yadav (INDIA),2017-2019,19,19,71.3,499,37,13.48,6.97,11.5,1
AD Mathews (SL),2009-2018,72,57,161.3,1101,37,29.75,6.81,26.1,0
Mohammad Naveed (UAE),2015-2019,31,31,114.4,729,37,19.7,6.35,18.5,0
AJ Tye (AUS),2016-2018,26,25,91.5,815,37,22.02,8.87,14.8,0
AC Evans (SCOT),2015-2019,27,25,93,689,36,19.13,7.4,15.5,1
JP Faulkner (AUS),2012-2017,24,24,85.5,684,36,19,7.96,14.3,1
AG Cremer (ZIM),2008-2018,29,28,95,660,35,18.85,6.94,16.2,0
AR Cusack (IRE),2008-2015,37,33,101,714,35,20.4,7.06,17.3,0
Hasan Ali (PAK),2016-2019,30,30,103.3,877,35,25.05,8.47,17.7,0
RA Jadeja (INDIA),2009-2019,46,46,152.1,1093,35,31.22,7.18,26,0
SO Ngoche (KENYA),2010-2019,28,28,94,637,35,18.2,6.77,16.1,0
Shapoor Zadran (AFG),2010-2018,34,34,107.5,843,35,24.08,7.81,18.4,0
N Vanua (PNG),2015-2019,25,25,81.4,505,35,14.42,6.18,14,1
Aizaz Khan (HKG),2014-2019,30,30,99.2,692,34,20.35,6.96,17.5,0
NM Coulter-Nile (AUS),2013-2019,28,27,97,802,34,23.58,8.26,17.1,0
CH Morris (SA),2012-2019,23,23,83,697,34,20.5,8.39,14.6,0
A Nehra (INDIA),2009-2017,27,27,98,758,34,22.29,7.73,17.2,0
DJ Willey (ENG),2015-2019,28,28,92.5,761,34,22.38,8.19,16.3,0
Amjad Javed (UAE),2014-2017,22,22,74.2,560,33,16.96,7.53,13.5,0
Karan KC (NEPAL),2015-2019,25,25,82.3,631,33,19.12,7.64,15,0
JE Taylor (WI),2006-2018,30,30,100,863,33,26.15,8.63,18.1,0
PJ Cummins (AUS),2011-2019,25,25,95,644,32,20.12,6.77,17.8,0
Hamid Hassan (AFG),2010-2016,22,22,79.4,523,32,16.34,6.56,14.9,0
DT Johnston (IRE),2008-2013,30,28,99,636,32,19.87,6.42,18.5,0
SC Williams (ZIM),2006-2019,38,37,123,890,32,27.81,7.23,23,0
CR Brathwaite (WI),2011-2019,41,39,118.1,1013,31,32.67,8.57,22.8,0
Mahmudullah (BDESH),2007-2019,83,54,117.5,861,31,27.77,7.3,22.8,0
CB Mpofu (ZIM),2008-2019,30,30,107.5,950,31,30.64,8.8,20.8,0
SS Cottrell (WI),2014-2019,22,22,76,615,30,20.5,8.09,15.2,0
MJ McClenaghan (ICC/NZ),2012-2018,29,29,101.2,789,30,26.3,7.78,20.2,0
Wahab Riaz (PAK),2008-2019,31,30,101.3,813,30,27.1,8,20.3,0
Amir Hamza (AFG),2013-2017,31,31,106,716,29,24.68,6.75,21.9,0
Khawar Ali (OMAN),2015-2019,29,27,82,534,29,18.41,6.51,16.9,0
AL Phehlukwayo (SA),2017-2019,23,22,69.5,550,29,18.96,7.87,14.4,0
R Rampaul (WI),2007-2015,23,23,82.5,705,29,24.31,8.51,17.1,0
BD Glover (NL),2019-2019,19,19,65,448,28,16,6.89,13.9,0
RM Haq (SCOT),2007-2013,21,20,75,472,28,16.85,6.29,16,0
KM Jarvis (ZIM),2011-2019,22,22,74.4,665,28,23.75,8.9,16,0
S Lamichhane (ICC/NEPAL),2018-2019,18,18,64,439,28,15.67,6.85,13.7,0
B Lee (AUS),2005-2012,25,25,90.5,714,28,25.5,7.86,19.4,0
DP Nannes (AUS/NL),2009-2010,17,16,61,459,28,16.39,7.52,13,0
IK Pathan (INDIA),2006-2012,24,23,77,618,28,22.07,8.02,16.5,0
KA Pollard (WI),2008-2019,68,44,97,830,28,29.64,8.55,20.7,0
K Rabada (SA),2014-2019,21,21,77.2,648,28,23.14,8.37,16.5,0
Rubel Hossain (BDESH),2009-2018,27,26,94.3,879,28,31.39,9.3,20.2,0
Samiullah Shinwari (AFG),2010-2019,62,38,105.4,688,28,24.57,6.51,22.6,1
Shoaib Malik (ICC/PAK),2006-2019,111,46,90,644,28,23,7.15,19.2,0
SW Tait (AUS),2007-2016,21,21,79.4,589,28,21.03,7.39,17,0
Yuvraj Singh (INDIA),2007-2017,58,31,70.4,499,28,17.82,7.06,15.1,0
A Zampa (AUS),2016-2019,27,26,93,572,28,20.42,6.15,19.9,0
MR Adair (IRE),2019-2019,17,17,62.5,413,27,15.29,6.57,13.9,0
HS Baidwan (CAN),2008-2013,17,17,53.5,411,27,15.22,7.63,11.9,0
RD Berrington (SCOT),2008-2019,61,37,81.2,609,27,22.55,7.48,18,0
ST Finn (ENG),2011-2015,21,21,80,583,27,21.59,7.28,17.7,0
B Stanlake (AUS),2017-2019,19,19,70,544,27,20.14,7.77,15.5,0
KJ Abbott (SA),2013-2016,21,21,72.4,579,26,22.26,7.96,16.7,0
Iqbal Hussain (QAT),2019-2019,15,15,52.1,426,26,16.38,8.16,12,0
GJ Maxwell (AUS),2012-2019,61,40,94,704,26,27.07,7.48,21.6,0
JA Morkel (SA),2005-2015,50,46,107.5,864,26,33.23,8.01,24.8,0
Sompal Kami (NEPAL),2014-2019,28,28,90,644,26,24.76,7.15,20.7,0
MC Sorensen (IRE),2012-2016,26,22,65,471,26,18.11,7.24,15,0
P Utseya (ZIM),2006-2015,35,35,124.5,858,26,33,6.87,28.8,0
SE Bond (NZ),2005-2010,20,20,77.3,543,25,21.72,7,18.6,0
TL Chatara (ZIM),2010-2019,21,21,75,591,25,23.64,7.88,18,0
Harbhajan Singh (INDIA),2006-2016,28,27,102,633,25,25.32,6.2,24.4,0
AF Milne (NZ),2010-2018,21,21,72.5,541,25,21.64,7.42,17.4,0
Nadeem Ahmed (HKG),2014-2017,24,24,82.3,546,25,21.84,6.61,19.8,0
LE Plunkett (ENG),2006-2019,22,22,79.2,627,25,25.08,7.9,19,0
B Regmi (NEPAL),2014-2019,18,18,62.1,405,25,16.2,6.51,14.9,0
AD Russell (WI),2011-2018,47,40,99.1,908,25,36.32,9.15,23.8,0
SMSM Senanayake (SL),2012-2016,24,23,81,549,25,21.96,6.77,19.4,0
DG Blampied (JER),2019-2019,17,17,61.4,395,24,16.45,6.4,15.4,0
TT Bresnan (ENG),2006-2014,34,34,110.3,887,24,36.95,8.02,27.6,0
JH Davey (SCOT),2012-2019,21,20,74.4,610,24,25.41,8.16,18.6,0
Faheem Ashraf (PAK),2017-2019,27,26,74.3,557,24,23.2,7.47,18.6,0
Haseeb Amjad (HKG),2014-2016,18,18,61.2,453,24,18.87,7.38,15.3,0
Karim Janat (AFG),2016-2019,21,21,73,614,24,25.58,8.41,18.2,1
N Nipiko (VAN),2019-2019,14,13,39.2,311,24,12.95,7.9,9.8,1
KMA Paul (WI),2018-2019,18,18,65,540,24,22.5,8.3,16.2,1
RJ Peterson (SA),2006-2014,21,19,59.5,451,24,18.79,7.53,14.9,0
D Ravu (PNG),2019-2019,17,16,42.1,221,24,9.2,5.24,10.5,1
D Wiese (SA),2013-2016,20,20,65.2,497,24,20.7,7.6,16.3,1
IG Butler (NZ),2009-2013,19,18,59.4,481,23,20.91,8.06,15.5,0
CO Obuya (KENYA),2007-2019,35,18,52.2,334,23,14.52,6.38,13.6,0
RJ Sidebottom (ENG),2007-2010,18,18,61.1,437,23,19,7.14,15.9,0
I Udana (SL),2009-2019,27,26,85.1,725,23,31.52,8.51,22.2,0
CA Young (IRE),2015-2019,26,25,77,635,23,27.6,8.24,20,0
Aamir Kaleem (OMAN),2015-2019,25,20,54,388,22,17.63,7.18,14.7,1
A Dananjaya (SL),2012-2019,22,22,79.4,620,22,28.18,7.78,21.7,0
Mohammad Nadeem (OMAN),2015-2019,22,22,68,445,22,20.22,6.54,18.5,0
MN Samuels (WI),2007-2018,67,30,79.5,622,22,28.27,7.79,21.7,0
BM Scholtz (NAM),2019-2019,14,14,53,285,22,12.95,5.37,14.4,0
AC Botha (IRE),2008-2010,14,10,34,184,21,8.76,5.41,9.7,0
JP Duminy (SA),2007-2019,81,41,77.1,599,21,28.52,7.76,22,0
JN Frylinck (NAM),2019-2019,14,13,42.1,240,21,11.42,5.69,12,0
Mohammad Sami (PAK),2010-2016,13,13,46,387,21,18.42,8.41,13.1,0
Abdul Razzaq (PAK),2006-2013,32,22,56.3,395,20,19.75,6.99,16.9,0
Ahmed Raza (UAE),2014-2019,36,35,120.2,779,20,38.95,6.47,36.1,0
DAJ Bracewell (NZ),2011-2019,18,16,47.4,437,20,21.85,9.16,14.3,0
JEC Franklin (NZ),2006-2013,38,26,54.3,417,20,20.85,7.65,16.3,0
FJ Klaassen (NL),2018-2019,21,20,69.1,581,20,29.05,8.4,20.7,0
Mujeeb Ur Rahman (AFG),2018-2019,16,16,60,324,20,16.2,5.4,18,0
T Panyangara (ZIM),2013-2016,14,14,50.3,398,20,19.9,7.88,15.1,0
CW Perchard (JER),2019-2019,15,13,46.5,275,20,13.75,5.87,14,1
AM Phangiso (SA),2012-2018,16,16,57,443,20,22.15,7.77,17.1,0
A Vala (PNG),2015-2019,26,16,44.5,249,20,12.45,5.55,13.4,0
C Viljoen (NAM),2019-2019,12,12,37.1,236,20,11.8,6.34,11.1,1
Zahoor Khan (UAE),2017-2019,18,18,59.3,442,20,22.1,7.42,17.8,0
CJA Amini (PNG),2015-2019,23,21,63.1,367,19,19.31,5.81,19.9,0
Amjad Mahboob (SGP),2019-2019,11,11,37.4,317,19,16.68,8.41,11.8,0
NW Bracken (AUS),2006-2009,19,19,62.5,438,19,23.05,6.97,19.8,0
D Heyliger (CAN),2019-2019,11,11,42,306,19,16.1,7.28,13.2,0
DJ Hussey (AUS),2008-2012,39,25,60.1,392,19,20.63,6.51,19,0
ST Jayasuriya (SL),2006-2011,31,24,61.5,456,19,24,7.37,19.5,0
JDP Oram (NZ),2005-2012,36,32,91,793,19,41.73,8.71,28.7,0
N Pokana (PNG),2016-2019,19,18,56.5,328,19,17.26,5.77,17.9,0
Shoaib Akhtar (PAK),2006-2010,15,15,53,432,19,22.73,8.15,16.7,0
Tanwir Afzal (HKG),2014-2016,21,21,71,509,19,26.78,7.16,22.4,0
JM Anderson (ENG),2007-2009,19,19,70.2,552,18,30.66,7.84,23.4,0
SJ Benn (WI),2008-2016,24,24,84,606,18,33.66,7.21,28,0
PW Borren (NL),2008-2017,43,30,87.4,603,18,33.5,6.87,29.2,0
Fareed Ahmad (AFG),2016-2019,14,14,47.5,405,18,22.5,8.46,15.9,0
CRD Fernando (SL),2006-2016,18,18,63,464,18,25.77,7.36,21,0
Hamza Tahir (SCOT),2018-2019,11,11,43,352,18,19.55,8.18,14.3,0
BE Hendricks (SA),2014-2019,11,11,38.1,317,18,17.61,8.3,12.7,0
HMRKB Herath (SL),2011-2016,17,17,60.5,373,18,20.72,6.13,20.2,1
Izatullah Dawlatzai (AFG/GER),2012-2019,14,14,50.4,345,18,19.16,6.8,16.8,0
MA Leask (SCOT),2013-2019,31,22,59.3,499,18,27.72,8.38,19.8,0
Nouman Sarwar (QAT),2019-2019,14,13,34.5,267,18,14.83,7.66,11.6,0
K Santokie (WI),2011-2014,12,12,40.5,278,18,15.44,6.8,13.6,0
SB Styris (NZ),2005-2010,31,21,51.3,349,18,19.38,6.77,17.1,0
SR Thompson (IRE),2014-2019,41,30,79,670,18,37.22,8.48,26.3,0
LL Tsotsobe (SA),2009-2014,23,23,78,541,18,30.05,6.93,26,0
HA Varaiya (KENYA),2007-2013,25,24,77.2,461,18,25.61,5.96,25.7,0
LJ Wright (ENG),2007-2014,51,23,55,465,18,25.83,8.45,18.3,0
Zeeshan Maqsood (OMAN),2015-2019,29,19,62,416,18,23.11,6.7,20.6,0
AC Agar (AUS),2016-2019,21,21,67,464,17,27.29,6.92,23.6,0
DL Chahar (INDIA),2018-2019,10,10,35.5,251,17,14.76,7,12.6,1
AB Dinda (INDIA),2009-2012,9,9,30,245,17,14.41,8.16,10.5,0
CH Gayle (WI),2006-2019,58,23,53.1,377,17,22.17,7.09,18.7,0
Z Khan (INDIA),2006-2012,17,17,58.4,448,17,26.35,7.63,20.7,0
CK Langeveldt (SA),2005-2010,9,9,33,241,17,14.17,7.3,11.6,0
R McLaren (SA),2009-2014,12,12,43.5,332,17,19.52,7.57,15.4,1
EJB Miles (JER),2019-2019,14,14,40,266,17,15.64,6.65,14.1,0
KW Richardson (AUS),2014-2019,15,15,56,447,17,26.29,7.98,19.7,0
Saad Bin Zafar (CAN),2019-2019,11,11,43,285,17,16.76,6.62,15.1,0
SPD Smith (AUS),2010-2019,36,17,48.3,377,17,22.17,7.77,17.1,0
A Bohara (NEPAL),2019-2019,17,16,54,350,16,21.87,6.48,20.2,0
RS Bopara (ENG),2008-2014,38,21,53.4,387,16,24.18,7.21,20.1,0
PVD Chameera (SL),2015-2018,19,19,67.1,574,16,35.87,8.54,25.1,0
E Chigumbura (ZIM),2006-2019,54,21,46,427,16,26.68,9.28,17.2,0
PD Collingwood (ENG/World),2005-2017,36,20,39,347,16,21.68,8.89,14.6,0
TK Curran (ENG),2017-2019,15,15,48,418,16,26.12,8.7,18,0
GJ Delany (IRE),2019-2019,17,17,53,391,16,24.43,7.37,19.8,0
GD Drummond (SCOT),2008-2013,17,17,55,381,16,23.81,6.92,20.6,0
FH Edwards (WI),2007-2012,20,20,60,497,16,31.06,8.28,22.5,0
Gulbadin Naib (AFG),2012-2019,45,28,68,560,16,35,8.23,25.5,0
A Mishra (INDIA),2010-2017,10,10,38,240,16,15,6.31,14.2,0
Mohammad Irfan (PAK),2012-2019,22,22,75.3,562,16,35.12,7.44,28.3,0
NN Odhiambo (KENYA),2007-2013,24,21,56.1,468,16,29.25,8.33,21,1
JS Patel (NZ),2005-2008,11,10,33.1,269,16,16.81,8.11,12.4,0
Shafiul Islam (BDESH),2010-2019,17,17,56.4,459,16,28.68,8.1,21.2,0
JJ Smit (NAM),2019-2019,12,10,37.1,234,16,14.62,6.29,13.9,0
PR Stirling (IRE),2009-2019,72,33,78,600,16,37.5,7.69,29.2,0
Yasir Arafat (PAK),2007-2012,13,13,39.2,316,16,19.75,8.03,14.7,0
RG Aga (KENYA),2008-2013,20,19,48,306,15,20.4,6.37,19.2,0
MM Ali (ENG),2014-2018,25,22,60.2,519,15,34.6,8.6,24.1,0
PKD Chase (IRE),2018-2019,12,12,41.5,416,15,27.73,9.94,16.7,0
N Pradeep (SL),2016-2019,14,14,44.1,407,15,27.13,9.21,17.6,0
Janak Prakash (SGP),2019-2019,12,12,41.4,309,15,20.6,7.41,16.6,0
SM Pollock (SA),2005-2008,12,11,40.3,309,15,20.6,7.62,16.2,0
MJG Rippon (NL),2013-2018,18,17,50.4,310,15,20.66,6.11,20.2,0
Simi Singh (IRE),2018-2019,18,18,43.2,344,15,22.93,7.93,17.3,0
RP Singh (INDIA),2007-2009,10,9,33,225,15,15,6.81,13.2,0
Sultan Ahmed (UAE),2017-2019,17,17,55,365,15,24.33,6.63,22,0
Washington Sundar (INDIA),2017-2019,18,18,63,417,15,27.8,6.61,25.2,0
Ahmed Wardak (GER),2019-2019,9,8,27.5,170,14,12.14,6.1,11.9,0
CJ Anderson (NZ),2012-2018,31,21,60,495,14,35.35,8.25,25.7,0
CJ Chibhabha (ZIM),2006-2018,33,22,53.5,455,14,32.5,8.45,23,0
Ehsan Khan (HKG),2016-2019,15,15,54.4,325,14,23.21,5.94,23.4,0
GD Elliott (NZ/World),2009-2017,17,15,32,235,14,16.78,7.34,13.7,0
LH Ferguson (NZ),2017-2019,8,8,31,222,14,15.85,7.16,13.2,0
AW Hawkins-Kay (JER),2019-2019,16,15,36,266,14,19,7.38,15.4,0
Karim Sadiq (AFG),2010-2018,36,28,70,482,14,34.42,6.88,30,0
Mirwais Ashraf (AFG),2010-2016,25,22,65.2,444,14,31.71,6.79,28,0
E Otieno (KENYA),2012-2019,18,18,50.5,370,14,26.42,7.27,21.7,0
KH Pandya (INDIA),2018-2019,18,18,66.2,538,14,38.42,8.11,28.4,0
Sami Sohail (MWI),2019-2019,7,7,26,164,14,11.71,6.3,11.1,0
Shaheen Shah Afridi (PAK),2018-2019,10,10,38,288,14,20.57,7.57,16.2,0
CA Soper (PNG),2015-2019,13,12,33,153,14,10.92,4.63,14.1,0
MR Swart (NL),2012-2016,26,20,53,351,14,25.07,6.62,22.7,0
JD Unadkat (INDIA),2016-2018,10,10,34.4,301,14,21.5,8.68,14.8,0
KK Ahmed (INDIA),2018-2019,14,14,52,459,13,35.3,8.82,24,0
SR Clark (AUS),2006-2007,9,9,36,237,13,18.23,6.58,16.6,0
CJ Dala (SA),2018-2019,9,9,30,282,13,21.69,9.4,13.8,0
Fitri Sham (MAL),2019-2019,15,14,42.3,312,13,24,7.34,19.6,0
JO Holder (WI),2014-2019,17,17,62.1,524,13,40.3,8.42,28.6,0
JK Kamande (KENYA),2007-2010,12,10,34.2,212,13,16.3,6.17,15.8,0
AR McBrine (IRE),2014-2017,19,13,29,216,13,16.61,7.44,13.3,0
A Mansale (VAN),2019-2019,14,10,26,176,13,13.53,6.76,12,0
Mohammad Asif (PAK),2006-2010,11,11,42.5,343,13,26.38,8,19.7,0
Mohammad Shahzad (UAE),2015-2017,20,19,48.1,411,13,31.61,8.53,22.2,0
M Muralitharan (SL),2006-2010,12,12,47,297,13,22.84,6.31,21.6,0
TJ Murtagh (IRE),2012-2016,14,14,44.4,324,13,24.92,7.25,20.6,0
JDS Neesham (NZ),2012-2019,18,16,37.4,323,13,24.84,8.57,17.3,0
GH O'Brien (BMUDA),2008-2019,11,11,38.3,232,13,17.84,6.02,17.7,0
YK Pathan (INDIA),2007-2012,22,17,50.5,438,13,33.69,8.61,23.4,0
Pavandeep Singh (MAL),2019-2019,10,10,35.1,249,13,19.15,7.08,16.2,0
RW Price (ZIM),2008-2012,16,16,61.3,378,13,29.07,6.14,28.3,0
SK Raina (INDIA),2006-2018,78,27,58.1,442,13,34,7.59,26.8,0
PADLR Sandakan (SL),2017-2019,14,14,55,400,13,30.76,7.27,25.3,0
S Snater (NL),2018-2019,13,12,34.5,337,13,25.92,9.67,16,0
Tamoor Sajjad (QAT),2019-2019,12,12,43.2,309,13,23.76,7.13,20,0
RN ten Doeschate (NL),2008-2019,22,10,35,245,13,18.84,7,16.1,0
Usman Shinwari (PAK),2013-2019,16,16,51,424,13,32.61,8.31,23.5,0
Arafat Sunny (BDESH),2014-2016,10,10,31,230,12,19.16,7.41,15.5,0
Baljit Singh (ITA),2019-2019,8,7,23,127,12,10.58,5.52,11.5,0
TS Chisoro (ZIM),2015-2018,12,12,46,316,12,26.33,6.86,23,0
PWH de Silva (SL),2019-2019,8,8,25.4,204,12,17,7.94,12.8,0
GDR Eranga (CAN),2019-2019,9,9,31.5,204,12,17,6.4,15.9,0
MG Erasmus (NAM),2019-2019,16,10,32.1,171,12,14.25,5.31,16,0
Ibrahim Hassan (Mald),2019-2019,11,11,35.5,291,12,24.25,8.12,17.9,1
JH Kallis (SA),2005-2012,25,19,46,333,12,27.75,7.23,23,0
LC Le Tissier (GUE),2019-2019,9,9,35,207,12,17.25,5.91,17.5,0
N Madziva (ZIM),2015-2019,15,15,46.5,417,12,34.75,8.9,23.4,0
WP Masakadza (ZIM),2015-2019,12,12,40,312,12,26,7.8,20,0
AD Mascarenhas (ENG),2007-2009,14,14,42,309,12,25.75,7.35,21,0
BMAJ Mendis (SL),2011-2018,22,14,35,249,12,20.75,7.11,17.5,0
Mohammad Nawaz (3) (PAK),2016-2018,16,16,50,340,12,28.33,6.8,25,0
Mohammad Saifuddin (BDESH),2017-2019,13,13,43,386,12,32.16,8.97,21.5,0
Muhammad Kashif (KUW),2019-2019,10,9,27,212,12,17.66,7.85,13.5,0
J Mulder (IRE),2016-2017,8,8,29,192,12,16,6.62,14.5,0
JD Nel (SCOT),2007-2010,10,9,31,169,12,14.08,5.45,15.5,0
T Shamsi (SA),2017-2019,16,16,57,429,12,35.75,7.52,28.5,0
BDH Stevens (JER),2019-2019,17,14,40.2,249,12,20.75,6.17,20.1,0
Taskin Ahmed (BDESH),2014-2018,19,17,55.5,438,12,36.5,7.84,27.9,0
J Theron (SA),2010-2012,9,9,32.2,261,12,21.75,8.07,16.1,0
SO Tikolo (KENYA),2007-2013,15,10,28.2,168,12,14,5.92,14.1,0
Umar Adam (Mald),2019-2019,11,8,27,168,12,14,6.22,13.5,0
S Vijayakumar (SGP),2019-2019,9,9,28,204,12,17,7.28,14,0
Zulfiqar Babar (PAK),2013-2014,7,7,26,185,12,15.41,7.11,13,0
Abdur Rehman (PAK),2007-2013,8,8,26,192,11,17.45,7.38,14.1,0
Aftab Alam (AFG),2012-2018,12,12,40.5,324,11,29.45,7.93,22.2,0
Anwar Rahman (MAL),2019-2019,9,8,23.3,117,11,10.63,4.97,12.8,0
MA Baig (MWI),2019-2019,7,7,26,160,11,14.54,6.15,14.1,0
RP Burl (ZIM),2018-2019,16,15,33,279,11,25.36,8.45,18,0
DT Christian (AUS),2010-2017,16,16,35.3,317,11,28.81,8.92,19.3,0
N Dutta (CAN),2019-2019,11,11,39,253,11,23,6.48,21.2,0
Irfan Ahmed (HKG),2014-2015,8,8,27,190,11,17.27,7.03,14.7,0
D Maisuria (Botsw),2019-2019,6,5,17.1,121,11,11,7.04,9.3,0
NO Miller (WI),2009-2014,9,9,31.4,224,11,20.36,7.07,17.2,0
Mohammed Nadeem (QAT),2019-2019,15,15,52,364,11,33.09,7,28.3,0
Muhamad Syahadat (MAL),2019-2019,10,8,21,127,11,11.54,6.04,11.4,0
L Ngidi (SA),2017-2018,7,7,20,128,11,11.63,6.4,10.9,0
SH Obed (VAN),2019-2019,12,9,28,190,11,17.27,6.78,15.2,0
NM Odhiambo (KENYA),2010-2019,16,14,41,319,11,29,7.78,22.3,0
TM Odoyo (KENYA),2007-2013,11,10,36,170,11,15.45,4.72,19.6,0
TK Patel (USA),2019-2019,7,6,22,146,11,13.27,6.63,12,0
Sikandar Raza (ZIM),2013-2019,32,22,46,376,11,34.18,8.17,25,0
DT Tiripano (ZIM),2016-2019,10,10,34.3,278,11,25.27,8.05,18.8,0
MA Wood (ENG),2015-2019,5,5,17.3,148,11,13.45,8.45,9.5,0
MH Yardy (ENG),2006-2011,14,13,46,299,11,27.18,6.5,25,0
Anwar Ali (PAK),2008-2016,16,15,44.1,367,10,36.7,8.3,26.5,0
P Arrighi (Arg),2019-2019,5,5,19,84,10,8.4,4.42,11.4,1
Awais Malik (QAT),2019-2019,11,11,33,279,10,27.9,8.45,19.8,0
L Balaji (INDIA),2012-2012,5,5,16,121,10,12.1,7.56,9.6,0
K Christie (HKG),2019-2019,11,11,39,292,10,29.2,7.48,23.4,0
PC Connell (IRE),2008-2010,9,8,25.3,156,10,15.6,6.11,15.3,0
C de Grandhomme (NZ),2012-2019,33,18,47.5,432,10,43.2,9.03,28.7,0
XJ Doherty (AUS),2012-2013,11,11,38,300,10,30,7.89,22.8,0
Fayyaz Butt (OMAN),2019-2019,14,14,43.3,313,10,31.3,7.19,26.1,0
MR Gillespie (NZ),2006-2008,11,10,35,255,10,25.5,7.28,21,0
RM Hira (NZ),2012-2013,15,13,42.2,337,10,33.7,7.96,25.4,0
JR Hopes (AUS),2005-2010,12,12,37,283,10,28.3,7.64,22.2,0
Junaid Siddiqui (CAN),2012-2019,13,13,45,266,10,26.6,5.91,27,0
BJ McCarthy (IRE),2017-2018,6,6,24,259,10,25.9,10.79,14.4,0
Mohammed Shami (INDIA),2014-2019,8,8,27.4,275,10,27.5,9.93,16.6,0
JF Mooney (IRE),2009-2015,27,10,26,176,10,17.6,6.76,15.6,0
PP Ojha (INDIA),2009-2010,6,6,21,132,10,13.2,6.28,12.6,0
LN Oluoch (KENYA),2013-2019,10,10,29,209,10,20.9,7.2,17.4,0
H Osinde (CAN),2008-2013,11,11,35,250,10,25,7.14,21,0
S Prasanna (SL),2013-2017,20,18,50,359,10,35.9,7.18,30,0
LN Rajbanshi (NEPAL),2018-2019,12,12,38.2,231,10,23.1,6.02,23,0
CAK Rajitha (SL),2016-2019,10,10,37,358,10,35.8,9.67,22.2,0
SHA Rance (NZ),2017-2019,8,7,27,245,10,24.5,9.07,16.2,0
Raza Hasan (PAK),2012-2014,10,10,38,219,10,21.9,5.76,22.8,0
KAJ Roach (WI),2008-2012,11,11,39,284,10,28.4,7.28,23.4,0
MD Shanaka (SL),2015-2019,35,14,24.1,182,10,18.2,7.53,14.5,0
BA Stokes (ENG),2011-2018,23,18,55.4,496,10,49.6,8.91,33.4,0
R Vinay Kumar (INDIA),2010-2013,9,9,31.3,247,10,24.7,7.84,18.9,0
HR Walsh (USA/WI),2019-2019,13,11,32.5,257,10,25.7,7.82,19.7,0
B Ward (JER),2019-2019,13,13,39.2,249,10,24.9,6.33,23.6,0
FA Allen (WI),2018-2019,11,10,31,214,9,23.77,6.9,20.6,0
Atif Mehmood (ESP),2019-2019,9,9,27,154,9,17.11,5.7,18,0
Bilal Zalmai (Aut),2019-2019,5,4,14,67,9,7.44,4.78,9.3,0
DE Bollinger (AUS),2011-2014,9,9,35,249,9,27.66,7.11,23.3,0
TM Dilshan (SL),2006-2016,80,25,43,313,9,34.77,7.27,28.6,0
Elias Sunny (BDESH),2012-2012,7,7,23,146,9,16.22,6.34,15.3,1
OD Hald (DEN),2019-2019,9,7,21.3,113,9,12.55,5.25,14.3,0
PD Hennessy (ESP),2019-2019,8,5,12,86,9,9.55,7.16,8,0
BW Hilfenhaus (AUS),2007-2012,7,7,26,161,9,17.88,6.19,17.3,0
DR Hooper (GUE),2019-2019,9,9,31.2,211,9,23.44,6.73,20.8,0
Ilyas Ahmed (KUW),2019-2019,6,6,21,160,9,17.77,7.61,14,0
TE Kane (IRE),2015-2019,7,5,15.2,143,9,15.88,9.32,10.2,0
RK Kleinveldt (SA),2008-2013,6,6,20.2,173,9,19.22,8.5,13.5,0
ND Laegsgaard (DEN),2019-2019,9,7,23,105,9,11.66,4.56,15.3,0
KS Leverock (BMUDA),2019-2019,12,8,26,210,9,23.33,8.07,17.3,0
PK Matautaava (VAN),2019-2019,10,8,28,199,9,22.11,7.1,18.6,0
Md Nurul Huda (Fin),2019-2019,5,5,16.3,118,9,13.11,7.15,11,0
Mehran Khan (OMAN),2015-2019,19,11,31,222,9,24.66,7.16,20.6,0
GRD Munasinghe (ITA),2019-2019,8,7,27,191,9,21.22,7.07,18,0
S Muniandy (MAL),2019-2019,15,12,30,260,9,28.88,8.66,20,0
B Muzarabani (ZIM),2018-2018,6,6,24,220,9,24.44,9.16,16,0
A Neill (SCOT),2019-2019,5,5,20,154,9,17.11,7.7,13.3,0
AR Patel (INDIA),2015-2018,11,11,39,265,9,29.44,6.79,26,0
D Paterson (SA),2017-2018,8,8,29.5,265,9,29.44,8.88,19.8,0
WA Peatfield (GUE),2019-2019,8,8,28,198,9,22,7.07,18.6,0
Qadeer Ahmed (UAE),2015-2019,10,10,32,253,9,28.11,7.9,21.3,0
JA Richardson (AUS),2017-2019,9,9,34,287,9,31.88,8.44,22.6,0
Rizwan Cheema (CAN),2008-2019,24,15,50,382,9,42.44,7.64,33.3,0
JRMVB Sanjaya (SL),2017-2017,8,8,28.5,250,9,27.77,8.67,19.2,0
L Siaka (PNG),2015-2019,26,5,12,56,9,6.22,4.66,8,0
MP Stoinis (AUS),2015-2019,19,15,38.2,319,9,35.44,8.32,25.5,0
O Thomas (WI),2018-2019,10,10,37,326,9,36.22,8.81,24.6,0
I Wardlaw (SCOT),2013-2013,4,4,16,145,9,16.11,9.06,10.6,0
CG Williams (NAM),2019-2019,13,10,23,142,9,15.77,6.17,15.3,0
UT Yadav (INDIA),2012-2019,7,7,25,219,9,24.33,8.76,16.6,0
Aizaz Cheema (PAK),2011-2012,5,5,17,116,8,14.5,6.82,12.7,0
M Ansari (OMAN),2015-2016,11,10,37.5,334,8,41.75,8.82,28.3,0
OGL Bascome (BMUDA),2019-2019,11,6,15.1,117,8,14.62,7.71,11.3,0
U Bhatti (CAN),2008-2010,7,7,23,148,8,18.5,6.43,17.2,0
CJ Boyce (AUS),2014-2016,7,7,23,152,8,19,6.6,17.2,0
CD de Lange (SCOT),2015-2017,8,7,27,171,8,21.37,6.33,20.2,0
DC Delany (IRE),2019-2019,8,8,28.3,222,8,27.75,7.78,21.3,0
Faran Afzal (ESP),2019-2019,9,8,29,143,8,17.87,4.93,21.7,0
Fawad Alam (PAK),2007-2010,24,6,15,95,8,11.87,6.33,11.2,0
H Fennell (Arg),2019-2019,5,5,12,57,8,7.12,4.75,9,0
SP Gauchan (NEPAL),2014-2015,9,8,30,169,8,21.12,5.63,22.5,0
SC Getkate (IRE),2019-2019,14,14,35,323,8,40.37,9.22,26.2,0
JOA Gordon (CAN),2013-2019,7,7,25.5,184,8,23,7.12,19.3,0
K Gore (USA),2019-2019,4,4,16,70,8,8.75,4.37,12,0
H Gori (CZK-R),2019-2019,7,7,23,133,8,16.62,5.78,17.2,0
Z Groenewald (NAM),2019-2019,10,10,28,163,8,20.37,5.82,21,0
JR Hazlewood (AUS),2013-2016,7,7,28,269,8,33.62,9.6,21,0
L Hermida (Mex),2019-2019,5,5,18,94,8,11.75,5.22,13.5,0
Inam-ul-Haq (QAT),2019-2019,11,10,31,211,8,26.37,6.8,23.2,0
Junaid Khan (PAK),2011-2014,9,9,27,236,8,29.5,8.74,20.2,0
P Khadka (NEPAL),2014-2019,30,23,51,323,8,40.37,6.33,38.2,0
P Kumar (INDIA),2008-2012,10,10,26,193,8,24.12,7.42,19.5,0
RAS Lakmal (SL),2011-2019,11,11,34.4,330,8,41.25,9.51,26,0
AV Lalcheta (OMAN),2015-2019,17,15,51.3,374,8,46.75,7.26,38.6,0
WK McCallan (IRE),2008-2009,9,7,21.5,152,8,19,6.96,16.3,0
Mohammad Ashraful (BDESH),2007-2013,23,8,23,210,8,26.25,9.13,17.2,0
Mohamed Mahfooz (Mald),2019-2019,11,11,37.5,262,8,32.75,6.92,28.3,0
GBW Munaweera (QAT),2019-2019,5,5,18,132,8,16.5,7.33,13.5,0
AK Muslar (Blz),2019-2019,3,3,9,41,8,5.12,4.55,6.7,0
Nasrulla Rana (HKG),2019-2019,8,8,20.3,162,8,20.25,7.9,15.3,0
Nazmul Islam (BDESH),2018-2018,13,12,38.3,265,8,33.12,6.88,28.8,0
AR Nurse (WI),2011-2019,13,13,40,318,8,39.75,7.95,30,0
Rakibul Hasan (ITA),2019-2019,8,7,23,147,8,18.37,6.39,17.2,0
Rumman Raees (PAK),2016-2018,8,8,28.5,220,8,27.5,7.63,21.6,0
R Satheesan (ROM),2019-2019,4,4,13,44,8,5.5,3.38,9.7,0
I Sharma (INDIA),2008-2013,14,14,46.2,400,8,50,8.63,34.7,0
TAM Siriwardana (SL),2015-2017,22,13,23,206,8,25.75,8.95,17.2,0
A Symonds (AUS),2005-2009,14,12,30.5,277,8,34.62,8.98,23.1,0
P Taylor (CZK-R),2019-2019,7,6,18,144,8,18,8,13.5,0
SN Thakur (INDIA),2018-2018,7,7,27.3,242,8,30.25,8.8,20.6,0
RJ Trott (BMUDA),2008-2019,15,13,38.3,277,8,34.62,7.19,28.8,0
R van der Merwe (Arg),2019-2019,5,5,13,62,8,7.75,4.76,9.7,0
JJ van der Wath (SA),2006-2007,8,8,31,231,8,28.87,7.45,23.2,0
TC Vine (ESP),2019-2019,6,6,15,105,8,13.12,7,11.2,0
C Waiswa (UGA),2019-2019,4,4,14,115,8,14.37,8.21,10.5,0
Waqar Khan (Peru),2019-2019,4,4,13,86,8,10.75,6.61,9.7,0
Abdul-Shakoor Rahimzei (GER),2019-2019,7,6,15.3,101,7,14.42,6.51,13.2,0
Bashir Shah (DEN),2019-2019,4,4,14,76,7,10.85,5.42,12,0
JP Behrendorff (AUS),2017-2019,7,6,16,117,7,16.71,7.31,13.7,0
D Bishoo (WI),2011-2019,7,7,20.1,137,7,19.57,6.79,17.2,0
M de Lange (SA),2012-2015,6,6,23.2,228,7,32.57,9.77,20,0
Delawar Khan (DEN),2019-2019,9,7,20,129,7,18.42,6.45,17.1,0
JL Denly (ENG),2009-2019,10,5,11,85,7,12.14,7.72,9.4,0
G Goudie (SCOT),2010-2013,9,9,24.5,224,7,32,9.02,21.2,0
Habib Ahmadzai (Aut),2019-2019,5,5,14,96,7,13.71,6.85,12,0
AS Hansra (CAN),2012-2013,8,6,15,94,7,13.42,6.26,12.8,0
JW Hastings (AUS),2010-2016,9,9,31,247,7,35.28,7.96,26.5,0
MJ Henry (NZ),2014-2017,6,6,22,191,7,27.28,8.68,18.8,0
Hirenkumar Patel (Chile),2019-2019,4,4,15,82,7,11.71,5.46,12.8,0
GB Hogg (AUS),2006-2014,15,15,49,373,7,53.28,7.61,42,0
Ibrarul Haq (Saudi),2019-2019,5,5,17,116,7,16.57,6.82,14.5,0
Imran Ali (KUW),2019-2019,4,4,15,136,7,19.42,9.06,12.8,0
Imran Haider (UAE),2016-2019,11,11,31,250,7,35.71,8.06,26.5,0
Jasdeep Singh (USA),2019-2019,4,4,14,140,7,20,10,12,0
LM Jongwe (ZIM),2015-2016,8,7,21.2,211,7,30.14,9.89,18.2,0
Junaid Siddique (UAE),2019-2019,8,8,26.2,179,7,25.57,6.79,22.5,0
S Randiv (SL),2010-2011,7,7,21,139,7,19.85,6.61,18,0
NR Kumar (CAN),2012-2019,18,10,26,160,7,22.85,6.15,22.2,0
JB Little (IRE),2016-2019,11,11,40.4,367,7,52.42,9.02,34.8,0
MF Maharoof (SL),2006-2016,8,8,27,199,7,28.42,7.37,23.1,0
NA Maiolo (ITA),2019-2019,8,7,28,152,7,21.71,5.42,24,0
CS Martin (NZ),2007-2008,6,6,23,193,7,27.57,8.39,19.7,0
ZE Matsinhe (Moz),2019-2019,7,5,16,101,7,14.42,6.31,13.7,0
Muslim Yar (GER),2019-2019,7,7,19,119,7,17,6.26,16.2,0
CT Mutombodzi (ZIM),2013-2019,13,9,26,188,7,26.85,7.23,22.2,0
A Nanda (LUX),2019-2019,3,3,7.2,47,7,6.71,6.4,6.2,1
Nasir Hossain (BDESH),2011-2016,31,11,29.5,262,7,37.42,8.78,25.5,0
Naveen-ul-Haq (AFG),2019-2019,4,4,15,102,7,14.57,6.8,12.8,0
R Panchal (ESP),2019-2019,9,9,28,139,7,19.85,4.96,24,0
SR Patel (ENG),2011-2013,18,15,42,321,7,45.85,7.64,36,0
A Rangaswamy (Botsw),2019-2019,4,4,9.4,83,7,11.85,8.58,8.2,0
JB Reva (PNG),2015-2019,9,8,21.1,148,7,21.14,6.99,18.1,0
MJ Ross (ITA),2019-2019,8,7,19,120,7,17.14,6.31,16.2,0
Sayed Shirzad (AFG),2015-2019,4,4,15,116,7,16.57,7.73,12.8,0
B Shikongo (NAM),2019-2019,11,10,23,131,7,18.71,5.69,19.7,0
DR Smith (WI),2006-2015,33,11,23.4,212,7,30.28,8.95,20.2,0
M Spry (Peru),2019-2019,4,4,10,62,7,8.85,6.2,8.5,0
S Sreesanth (INDIA),2006-2008,10,9,34,288,7,41.14,8.47,29.1,0
JTS Sumerauer (JER),2019-2019,8,8,20.1,155,7,22.14,7.68,17.2,0
T Thushara (SL),2008-2010,6,6,22,179,7,25.57,8.13,18.8,0
JC Tredwell (ENG),2012-2014,17,15,52.5,416,7,59.42,7.87,45.2,0
BM Wheeler (NZ),2017-2018,6,6,21.2,216,7,30.85,10.12,18.2,0
CR Woakes (ENG),2011-2015,8,8,27,253,7,36.14,9.37,23.1,0
M Abdulla (MWI),2019-2019,5,3,12,76,6,12.66,6.33,12,0
Abdullah Akbarjan (Aut),2019-2019,5,4,13,72,6,12,5.53,13,0
IKO Aboagye (Ghana),2019-2019,4,4,14,83,6,13.83,5.92,14,0
Abu Hider (BDESH),2016-2018,13,12,36,330,6,55,9.16,36,0
VD Adewoye (NGA),2019-2019,7,7,16.2,135,6,22.5,8.26,16.3,0
CM Akachukwu (NGA),2019-2019,8,8,18.2,151,6,25.16,8.23,18.3,0
Aminul Islam (BDESH),2019-2019,4,4,14,98,6,16.33,7,14,0
Amir Hayat (UAE),2018-2019,4,4,14,103,6,17.16,7.35,14,0
WD Balaji Rao (CAN),2008-2008,4,4,14,107,6,17.83,7.64,14,0
TL Best (WI),2013-2014,6,6,20,154,6,25.66,7.7,20,0
JAR Blain (SCOT),2007-2008,6,5,20,108,6,18,5.4,20,0
NM Carter (SCOT),2013-2013,7,7,26,168,6,28,6.46,26,0
JW Chilia (VAN),2019-2019,14,13,47.2,315,6,52.5,6.65,47.3,0
MJ Clarke (AUS),2005-2010,34,15,26,225,6,37.5,8.65,26,0
MNR Cooray (Mald),2019-2019,4,4,16,99,6,16.5,6.18,16,0
SM Curran (ENG),2019-2019,5,5,18,153,6,25.5,8.5,18,0
F Damiao Couana (Moz),2019-2019,7,5,18.5,118,6,19.66,6.26,18.8,0
S Davizi (CZK-R),2019-2019,2,2,4.2,23,6,3.83,5.3,4.3,0
S Dhaniram (CAN),2008-2010,11,11,33.4,192,6,32,5.7,33.6,0
M Faheem (THAI),2019-2019,4,4,14,103,6,17.16,7.35,14,0
Farhad Reza (BDESH),2006-2014,13,11,26,261,6,43.5,10.03,26,0
S Hirugade (Mex),2019-2019,6,5,13.3,92,6,15.33,6.81,13.5,0
Irfan Bhima (MWI),2019-2019,4,4,15,51,6,8.5,3.4,15,0
S Kaveri (Mex),2019-2019,7,5,13,70,6,11.66,5.38,13,0
MR Marsh (AUS),2011-2018,11,9,19,156,6,26,8.21,19,0
JL Martel (GUE),2019-2019,3,3,11,59,6,9.83,5.36,11,0
CAJ Meschede (GER),2019-2019,5,5,20,115,6,19.16,5.75,20,0
M Mooketsi (Botsw),2019-2019,7,7,25,197,6,32.83,7.88,25,0
A Morris (Caym),2019-2019,6,6,22,114,6,19,5.18,22,0
JM Muirhead (AUS),2014-2014,5,5,15,109,6,18.16,7.26,15,0
T Muzarabani (ZIM),2015-2016,9,9,30,280,6,46.66,9.33,30,0
M Ntini (SA),2005-2011,10,10,32,298,6,49.66,9.31,32,0
IE O'Brien (NZ),2009-2009,4,4,13,116,6,19.33,8.92,13,0
SNJ O'Keefe (AUS),2010-2011,7,7,19,149,6,24.83,7.84,19,0
IO Okpe (NGA),2019-2019,8,8,20.5,188,6,31.33,9.02,20.8,0
SA Okpe (NGA),2019-2019,8,7,12.2,94,6,15.66,7.62,12.3,0
BA Pai (GIBR),2019-2019,4,4,15,82,6,13.66,5.46,15,0
KA Reynolds (Blz),2019-2019,3,3,11,60,6,10,5.45,11,0
Rokhan Barakzai (AFG),2015-2015,3,3,10,75,6,12.5,7.5,10,0
JE Root (ENG),2012-2019,32,9,14,139,6,23.16,9.92,14,0
Sabbir Rahman (BDESH),2014-2019,44,8,11.1,70,6,11.66,6.26,11.1,0
Sagar Pun (NEPAL),2014-2015,9,8,23.3,131,6,21.83,5.57,23.5,0
NA Saini (INDIA),2019-2019,5,5,17,137,6,22.83,8.05,17,0
E Schiferli (NL),2008-2010,7,6,23,146,6,24.33,6.34,23,0
PH Shamdasani (Peru),2019-2019,4,4,12,70,6,11.66,5.83,12,0
MM Sharma (INDIA),2014-2015,8,8,23,185,6,30.83,8.04,23,0
Shoaib Qureshi (Fin),2019-2019,5,5,13.4,109,6,18.16,7.97,13.6,0
Sidhant Singh (SGP),2019-2019,8,8,23,216,6,36,9.39,23,0
LMP Simmons (WI),2007-2019,49,3,6,55,6,9.16,9.16,6,0
TB Sole (SCOT),2019-2019,9,6,21,137,6,22.83,6.52,21,0
Soumya Sarkar (BDESH),2015-2019,46,13,23.3,249,6,41.5,10.59,23.5,0
BB Sran (INDIA),2016-2016,2,2,8,41,6,6.83,5.12,8,0
Tariq Aziz (PORT),2019-2019,4,4,16,70,6,11.66,4.37,16,0
WPUJC Vaas (SL),2006-2007,6,6,22,128,6,21.33,5.81,22,0
JDF Vandersay (SL),2015-2019,10,10,35,262,6,43.66,7.48,35,0
Waheed Ahmed (UAE),2019-2019,10,10,27,198,6,33,7.33,27,0
KS Williamson (NZ),2011-2019,57,12,19.4,164,6,27.33,8.33,19.6,0
Zeshan Arif (Aut),2019-2019,4,3,7.5,49,6,8.16,6.25,7.8,0
Abdul Wahid (Saudi),2019-2019,5,5,17,117,5,23.4,6.88,20.4,0
CN Ackermann (NL),2019-2019,11,10,25,147,5,29.4,5.88,30,0
Ameel Mauroof (Mald),2019-2019,10,10,23,173,5,34.6,7.52,27.6,0
Amjad Sher (Fin),2019-2019,5,5,18,88,5,17.6,4.88,21.6,0
R Ankad (Mex),2019-2019,8,8,23.4,178,5,35.6,7.52,28.4,0
Anshuman Rath (HKG),2015-2017,20,13,33,264,5,52.8,8,39.6,0
Arshad Hayat (CZK-R),2019-2019,6,5,10,103,5,20.6,10.3,12,0
Babar Ali (BAH),2019-2019,3,3,9,70,5,14,7.77,10.8,0
V Baskaran (SGP),2019-2019,12,12,36,245,5,49,6.8,43.2,0
S Bhari (NEPAL),2019-2019,6,6,18,113,5,22.6,6.27,21.6,0
Bilawal Bhatti (PAK),2013-2015,9,9,26,255,5,51,9.8,31.2,0
DR Briggs (ENG),2012-2014,7,6,18,199,5,39.8,11.05,21.6,0
KJ Coetzer (SCOT),2008-2019,58,5,11,71,5,14.2,6.45,13.2,0
H Dandapani (Fin),2019-2019,5,5,15,90,5,18,6,18,0
LA Dawson (ENG),2016-2018,6,6,20,152,5,30.4,7.6,24,0
DM de Silva (SL),2015-2019,13,7,15,100,5,20,6.66,18,0
AC Douglas (BMUDA),2019-2019,10,2,4.2,30,5,6,6.92,5.2,1
A Flintoff (ENG),2005-2007,7,7,25,161,5,32.2,6.44,30,0
R Frylinck (SA),2017-2018,3,3,10,62,5,12.4,6.2,12,0
GC Galanis (),2019-2019,2,2,4.2,32,5,6.4,7.38,5.2,0
WT Gavera (PNG),2015-2017,6,6,17,113,5,22.6,6.64,20.4,0
DAS Gunaratne (SL),2016-2017,12,10,24.5,204,5,40.8,8.21,29.8,0
MD Gunathilaka (SL),2016-2019,21,9,15.4,128,5,25.6,8.17,18.8,0
AM Guruge (UAE),2014-2015,5,5,16,125,5,25,7.81,19.2,0
J Hurley (Arg),2019-2019,3,3,10,33,5,6.6,3.3,12,0
Imran Anwar (BAH),2019-2019,4,4,16,134,5,26.8,8.37,19.2,0
MS Kasprowicz (AUS),2005-2005,2,2,7,57,5,11.4,8.14,8.4,0
VJ Kingma (NL),2016-2019,4,4,14.4,142,5,28.4,9.68,17.6,0
SC Kuggeleijn (NZ),2019-2019,9,9,26.5,260,5,52,9.68,32.2,0
R Kumar (ROM),2019-2019,4,3,12,98,5,19.6,8.16,14.4,0
GD McGrath (AUS),2005-2005,2,2,8,79,5,15.8,9.87,9.6,0
MW Machan (SCOT),2013-2016,13,7,22.3,156,5,31.2,6.93,27,0
P Mishra (),2019-2019,3,3,9,37,5,7.4,4.11,10.8,0
DJ Mitchell (NZ),2019-2019,9,5,9.1,89,5,17.8,9.7,11,0
Mosaddek Hossain (BDESH),2016-2019,14,12,21.4,160,5,32,7.38,26,0
Muhammad Nadeem (Saudi),2019-2019,5,2,5,49,5,9.8,9.8,6,0
Muhammad Saleem (),2019-2019,4,4,11,45,5,9,4.09,13.2,0
Muhammad Wafiq (MAL),2019-2019,4,4,16,114,5,22.8,7.12,19.2,0
DM Nakrani (UGA),2019-2019,4,4,12,93,5,18.6,7.75,14.4,0
W Nalisa (VAN),2019-2019,9,7,20,177,5,35.4,8.85,24,0
Naved-ul-Hasan (PAK),2006-2010,4,4,14.1,101,5,20.2,7.12,17,0
RJ Nicol (NZ),2010-2013,21,13,20.3,167,5,33.4,8.14,24.6,0
PJ Ongondo (KENYA),2007-2008,8,8,26,177,5,35.4,6.8,31.2,0
MW Parkinson (ENG),2019-2019,2,2,6,61,5,12.2,10.16,7.2,0
MIA Patel (MWI),2019-2019,3,3,12,83,5,16.6,6.91,14.4,0
NK Patel (USA),2019-2019,4,4,13,61,5,12.2,4.69,15.6,0
SS Pathirana (SL),2016-2017,5,5,15.5,119,5,23.8,7.51,19,0
K Pierre (WI),2018-2019,8,8,23,203,5,40.6,8.82,27.6,0
J Rasu (VAN),2019-2019,13,2,3.5,44,5,8.8,11.47,4.6,1
DMW Rawlins (BMUDA),2019-2019,11,11,37,285,5,57,7.7,44.4,0
Raza Iqbal (NOR),2019-2019,5,4,13,85,5,17,6.53,15.6,0
LH Rodrigues (),2019-2019,4,4,13,61,5,12.2,4.69,15.6,0
HAM Shah (DEN),2019-2019,9,4,10,86,5,17.2,8.6,12,0
KD Shah (HKG),2014-2019,26,9,24,190,5,38,7.91,28.8,0
V Shankar (INDIA),2018-2019,9,6,21,191,5,38.2,9.09,25.2,0
Sharafuddin Ashraf (AFG),2015-2019,8,8,25,201,5,40.2,8.04,30,0
Sohail Khan (PAK),2008-2017,5,5,15,123,5,24.6,8.2,18,0
ACF Stokes (GUE),2019-2019,7,7,23.2,152,5,30.4,6.51,28,0
Tauqeer Hussain (ESP),2019-2019,4,4,9.3,48,5,9.6,5.05,11.4,0
RML Taylor (SCOT),2013-2016,9,9,25,196,5,39.2,7.84,30,0
RJW Topley (ENG),2015-2016,6,6,17.1,173,5,34.6,10.07,20.6,0
Usama Master (MWI),2019-2019,6,5,13.1,106,5,21.2,8.05,15.8,0
LV van Beek (NL),2014-2016,8,7,17,160,5,32,9.41,20.4,0
W Viraliliu (VAN),2019-2019,10,9,20.2,164,5,32.8,8.06,24.4,0
S Waqas Ahmed (NOR),2019-2019,5,4,10,83,5,16.6,8.3,12,0
AA Westphal (Mex),2019-2019,5,5,19,65,5,13,3.42,22.8,0
BTJ Wheal (SCOT),2016-2017,5,5,17.2,143,5,28.6,8.25,20.8,0
Yamin Ahmadzai (AFG),2015-2015,2,2,7.1,65,5,13,9.06,8.6,0
Yasar Haroon (),2019-2019,4,4,13,72,5,14.4,5.53,15.6,0
Yasir Ali (ESP),2019-2019,9,5,9.5,52,5,10.4,5.28,11.8,0
Abul Hasan (BDESH),2012-2018,5,5,14,148,4,37,10.57,21,0
Abu Jayed (BDESH),2018-2018,3,3,11,106,4,26.5,9.63,16.5,0
Afif Hossain (BDESH),2018-2019,8,5,10,79,4,19.75,7.9,15,0
SA Ahmad (DEN),2019-2019,5,3,9,40,4,10,4.44,13.5,0
D Ajekun (NGA),2019-2019,6,6,11.1,76,4,19,6.8,16.7,0
DI Allan (KENYA),2012-2013,10,7,9.2,82,4,20.5,8.78,14,0
MA Aponso (SL),2018-2018,3,3,10,79,4,19.75,7.9,15,0
Arslan Ahmed (),2019-2019,3,3,9,40,4,10,4.44,13.5,0
Ashiqullah Said (Belg),2019-2019,3,3,11,82,4,20.5,7.45,16.5,0
A Aspiotis (),2019-2019,3,3,11,71,4,17.75,6.45,16.5,0
Asrar Ahmed (),2019-2019,3,3,10,46,4,11.5,4.6,15,0
NJ Astle (NZ),2005-2006,4,2,6.5,50,4,12.5,7.31,10.2,0
R Avery (),2019-2019,4,4,11,66,4,16.5,6,16.5,0
JD Baker (Samoa),2019-2019,4,4,13,107,4,26.75,8.23,19.5,0
HMCM Bandara (SL),2006-2009,4,4,14,96,4,24,6.85,21,0
HH Banner (Blz),2019-2019,3,3,12,67,4,16.75,5.58,18,0
MD Bates (NZ),2012-2012,3,3,11,107,4,26.75,9.72,16.5,0
S Bau (PNG),2016-2019,23,10,14,79,4,19.75,5.64,21,0
TS Braat (NL),2019-2019,3,3,10,70,4,17.5,7,15,0
GB Brent (ZIM),2006-2007,3,3,11,93,4,23.25,8.45,16.5,0
J Bulele (Moz),2019-2019,7,5,14.2,107,4,26.75,7.46,21.5,0
DE Burgess (Samoa),2019-2019,4,3,8.3,86,4,21.5,10.11,12.7,0
PP Chawla (INDIA),2010-2012,7,7,23,151,4,37.75,6.56,34.5,0
MD Dai (PNG),2015-2017,9,9,25,157,4,39.25,6.28,37.5,0
I Danladi (NGA),2019-2019,3,3,9,52,4,13,5.77,13.5,0
K Dasan (),2019-2019,3,2,8,52,4,13,6.5,12,0
JM Davison (CAN),2008-2010,5,5,18,91,4,22.75,5.05,27,0
RR Emrit (WI),2018-2018,4,4,16,156,4,39,9.75,24,0
S Goustis (),2019-2019,3,3,9,42,4,10.5,4.66,13.5,0
Jandu Hamoud (KUW),2019-2019,6,6,16,112,4,28,7,24,0
RJ Harris (AUS),2010-2010,3,3,11.4,95,4,23.75,8.14,17.5,0
MC Henriques (AUS),2009-2017,11,7,17,158,4,39.5,9.29,25.5,0
MG Hunter (GIBR),2019-2019,4,4,11.3,63,4,15.75,5.47,17.2,0
Hussain Talat (PAK),2018-2019,14,6,6,54,4,13.5,9,9,0
AF Ifill (Caym),2019-2019,6,6,18.3,151,4,37.75,8.16,27.7,0
Imran Bulbulia (PNM),2019-2019,3,3,10,59,4,14.75,5.9,15,0
RK Inampud (Mex),2019-2019,3,3,12,68,4,17,5.66,18,0
DF Jacobs (THAI),2019-2019,4,2,5,26,4,6.5,5.2,7.5,0
Joginder Sharma (INDIA),2007-2007,4,4,14.3,138,4,34.5,9.51,21.7,0
MO Jones (BMUDA),2019-2019,8,7,15,116,4,29,7.73,22.5,0
MBS Jonkman (NL),2010-2010,3,3,8,47,4,11.75,5.87,12,0
S Kaul (INDIA),2018-2019,3,3,9.4,84,4,21,8.68,14.5,0
S Kizilkaya (TKY),2019-2019,4,4,9,74,4,18.5,8.22,13.5,0
V Kohli (INDIA),2010-2019,75,12,24.2,198,4,49.5,8.13,36.5,0
A Krishna (SGP),2019-2019,4,4,12,121,4,30.25,10.08,18,0
GA Lamb (ZIM),2010-2010,5,5,12.1,80,4,20,6.57,18.2,0
A Lark (Aut),2019-2019,5,4,10.5,55,4,13.75,5.07,16.2,0
E Leie (SA),2015-2015,2,2,6,48,4,12,8,9,0
J Lewis (ENG),2005-2007,2,2,7,55,4,13.75,7.85,10.5,0
ML Lewis (AUS),2006-2006,2,2,7.3,49,4,12.25,6.53,11.2,0
T Lungameni (NAM),2019-2019,6,6,16,88,4,22,5.5,24,0
CJ McKay (AUS),2010-2013,6,6,22.4,183,4,45.75,8.07,34,0
CS MacLeod (SCOT),2009-2019,49,11,23,174,4,43.5,7.56,34.5,0
SW Masakadza (ZIM),2010-2013,7,7,19.3,211,4,52.75,10.82,29.2,0
GE Mathurin (WI),2011-2012,3,3,10,65,4,16.25,6.5,15,0
Mehidy Hasan Miraz (BDESH),2017-2018,13,13,36,330,4,82.5,9.16,54,0
K Mendon (CZK-R),2019-2019,6,5,8.4,78,4,19.5,9,13,0
Mohammad Ahsan (KUW),2019-2019,6,6,20,192,4,48,9.6,30,0
Mohammad Kashif (NL),2010-2010,3,3,7,55,4,13.75,7.85,10.5,0
PL Mommsen (SCOT),2012-2016,24,7,23,164,4,41,7.13,34.5,0
JK Mukhiya (NEPAL),2014-2015,4,4,10,56,4,14,5.6,15,0
C Munro (NZ),2012-2019,60,12,19.4,186,4,46.5,9.45,29.5,0
N M'shangwe (ZIM),2013-2014,5,5,16,142,4,35.5,8.87,24,0
Najjam Shahzad (PORT),2019-2019,4,4,12.2,65,4,16.25,5.27,18.5,0
Nawroz Mangal (AFG),2010-2017,32,6,10,80,4,20,8,15,0
Nazril Rahman (MAL),2019-2019,7,7,17,166,4,41.5,9.76,25.5,0
SN Netravalkar (USA),2019-2019,8,8,22.4,161,4,40.25,7.1,34,0
JO Ngoche (KENYA),2012-2013,7,7,24,140,4,35,5.83,36,0
Nizakat Khan (HKG),2014-2019,34,5,14,83,4,20.75,5.92,21,0
AA Noffke (AUS),2007-2008,2,2,7.3,41,4,10.25,5.46,11.2,0
GM Ntambalika (MWI),2019-2019,3,3,9,56,4,14,6.22,13.5,0
LN Onyango (KENYA),2007-2010,5,5,13,128,4,32,9.84,19.5,0
MM Patel (INDIA),2011-2011,3,3,10,86,4,21.5,8.6,15,0
RR Patel (KENYA),2008-2019,30,7,15,104,4,26,6.93,22.5,0
VD Philander (SA),2007-2007,7,6,13.5,114,4,28.5,8.24,20.7,0
S Pillai (CRC),2019-2019,3,3,8.4,56,4,14,6.46,13,0
EB Ringera (KENYA),2019-2019,1,1,4,18,4,4.5,4.5,6,0
S Rossi (Arg),2019-2019,5,3,6.5,21,4,5.25,3.07,10.2,0
Sahir Naqash (GER),2019-2019,7,5,9,52,4,13,5.77,13.5,0
O Sam Arthur (CRC),2019-2019,3,3,9,76,4,19,8.44,13.5,0
MM Sarwar (KUW),2019-2019,5,4,10.4,99,4,24.75,9.28,16,0
A Sathya (Mex),2019-2019,3,3,11.3,76,4,19,6.6,17.2,0
CP Schofield (ENG),2007-2007,4,4,12.5,92,4,23,7.16,19.2,0
L Shafeeg (Mald),2019-2019,3,3,11,76,4,19,6.9,16.5,0
Shahadat Hossain (BDESH),2006-2013,6,6,20,198,4,49.5,9.9,30,0
NK Shetty (Mex),2019-2019,2,2,8,42,4,10.5,5.25,12,0
L Sipamla (SA),2019-2019,5,5,15.4,131,4,32.75,8.36,23.5,0
Sohag Gazi (BDESH),2012-2015,10,10,35,299,4,74.75,8.54,52.5,0
DC Stovell (BMUDA),2019-2019,6,6,17.2,126,4,31.5,7.26,26,0
AO Suji (KENYA),2007-2010,8,6,16.1,116,4,29,7.17,24.2,0
Syed Aziz (MAL),2019-2019,14,8,24.5,187,4,46.75,7.53,37.2,0
Syed Rasel (BDESH),2007-2008,8,8,29,202,4,50.5,6.96,43.5,0
A Uniyal (Chile),2019-2019,3,3,9,59,4,14.75,6.55,13.5,0
Usman Ali (Saudi),2019-2019,5,5,19,130,4,32.5,6.84,28.5,0
TCW Veillard (GUE),2019-2019,4,4,16,93,4,23.25,5.81,24,0
BV Vitori (ZIM),2012-2016,11,11,39.4,323,4,80.75,8.14,59.5,0
Waqas Barkat (HKG),2014-2019,22,10,21.2,152,4,38,7.12,32,0
SMK Waththage (CZK-R),2019-2019,5,5,12,66,4,16.5,5.5,18,0
K Weeraratne (SL),2008-2009,5,5,15,126,4,31.5,8.4,22.5,0
CM Wright (SCOT),2007-2009,3,2,5,49,4,12.25,9.8,7.5,0
SA Abbott (AUS),2014-2019,4,4,10,61,3,20.33,6.1,20,0
AS Abioye (NGA),2019-2019,5,4,10,87,3,29,8.7,20,0
AR Adams (NZ),2005-2006,4,4,12.5,105,3,35,8.18,25.6,0
AB Agarkar (INDIA),2006-2007,4,3,10.3,85,3,28.33,8.09,21,0
A Ahmadhel (),2019-2019,3,3,10,75,3,25,7.5,20,0
S Appu (MALTA),2019-2019,4,4,9,74,3,24.66,8.22,18,0
MNM Aslam (KUW),2019-2019,6,5,14,85,3,28.33,6.07,28,0
TD Astle (NZ),2016-2019,3,3,8,69,3,23,8.62,16,0
V Ateak (Ghana),2019-2019,4,3,11,94,3,31.33,8.54,22,0
MS Aulakh (CAN),2012-2013,3,3,9,82,3,27.33,9.11,18,0
G Bakiweyem (Ghana),2019-2019,3,3,10,62,3,20.66,6.2,20,0
S Bantzas (),2019-2019,1,1,3,12,3,4,4,6,0
F Behardien (SA),2012-2018,38,3,5,27,3,9,5.4,10,0
P Bhart (NOR),2019-2019,5,4,12,68,3,22.66,5.66,24,0
PRP Boissevain (NL),2019-2019,4,4,16,116,3,38.66,7.25,32,0
SM Boland (AUS),2016-2016,3,3,11,90,3,30,8.18,22,0
PR Brown (ENG),2019-2019,4,4,13,128,3,42.66,9.84,26,0
P Buccimazza (PORT),2019-2019,4,4,13,86,3,28.66,6.61,26,0
N Buckle (GUE),2019-2019,3,3,10,76,3,25.33,7.6,20,0
CG Burnett (SCOT),2013-2013,1,1,4,18,3,6,4.5,8,0
HL Carlyon (JER),2019-2019,9,3,6,42,3,14,7,12,0
MS Chapman (HKG/NZ),2014-2018,24,4,10,77,3,25.66,7.7,20,0
M Chauhan (Fin),2019-2019,2,2,8,38,3,12.66,4.75,16,0
TLW Cooper (NL),2012-2016,18,9,17,132,3,44,7.76,34,0
M Cope (LUX),2019-2019,2,2,5,61,3,20.33,12.2,10,0
BCJ Cutting (AUS/World),2013-2017,7,7,21,215,3,71.66,10.23,42,0
TH David (SGP),2019-2019,12,9,22.2,202,3,67.33,9.04,44.6,0
NS Dhaliwal (CAN),2019-2019,12,5,8,43,3,14.33,5.37,16,0
SDJJ Dima (Moz),2019-2019,4,2,5,57,3,19,11.4,10,0
S Dube (INDIA),2019-2019,6,6,12.3,114,3,38,9.12,25,0
RMS Eranga (SL),2012-2013,3,3,11,90,3,30,8.18,22,0
L Evile (Samoa),2019-2019,4,4,12,67,3,22.33,5.58,24,0
Farhan Ahmed (UAE),2016-2016,3,3,9,66,3,22,7.33,18,0
Fawad Ahmed (AUS),2013-2013,2,2,8,68,3,22.66,8.5,16,0
B Fernando (SL),2015-2015,2,2,7.2,71,3,23.66,9.68,14.6,0
P Florin (ROM),2019-2019,4,2,1.4,10,3,3.33,6,3.3,0
BC Fortuin (SA),2019-2019,2,2,7,51,3,17,7.28,14,0
ST Gabriel (WI),2013-2013,2,2,7,56,3,18.66,8,14,0
CJ Gannon (USA),2019-2019,4,3,9,67,3,22.33,7.44,18,0
D Gough (ENG),2005-2006,2,2,6.5,49,3,16.33,7.17,13.6,0
TGJ Gruijters (NL),2012-2013,8,5,12,74,3,24.66,6.16,24,0
HF Gurney (ENG),2014-2014,2,2,8,55,3,18.33,6.87,16,0
AJ Hall (SA),2006-2006,2,2,8,60,3,20,7.5,16,0
SM Harwood (AUS),2007-2009,3,3,12,113,3,37.66,9.41,24,0
Hayatullah Niazi (NOR),2019-2019,4,4,10,81,3,27,8.1,20,0
J Hill (PHI),2019-2019,4,2,6,50,3,16.66,8.33,12,0
J Hirschi (MALTA),2019-2019,4,4,11,96,3,32,8.72,22,0
Z Hoque (THAI),2019-2019,3,3,12,51,3,17,4.25,24,0
JJ Huo (Moz),2019-2019,7,3,10,56,3,18.66,5.6,20,0
Ijaz Hussain (ROM),2019-2019,3,3,9.5,89,3,29.66,9.05,19.6,0
D Jakiel (ZIM),2019-2019,2,2,7,44,3,14.66,6.28,14,0
GSNFG Jayasuriya (SL),2015-2019,16,10,21.5,202,3,67.33,9.25,43.6,0
Kaleemullah (OMAN),2017-2019,6,6,19,132,3,44,6.94,38,0
Kaleem Shah (Moz),2019-2019,7,6,17,130,3,43.33,7.64,34,0
E Katchay (CAN),2008-2008,4,4,10,71,3,23.66,7.1,20,0
SKW Kelly (BMUDA),2008-2008,3,3,7,50,3,16.66,7.14,14,0
P Kerai (KENYA),2019-2019,6,5,11,82,3,27.33,7.45,22,0
J Kila (PNG),2019-2019,12,9,17,99,3,33,5.82,34,0
AC Kose (TKY),2019-2019,4,2,8,116,3,38.66,14.5,16,0
DS Kulkarni (INDIA),2016-2016,2,2,8,55,3,18.33,6.87,16,0
CBRLS Kumara (SL),2019-2019,3,3,12,97,3,32.33,8.08,24,0
UKPW Kumaranayaka (KUW),2019-2019,3,3,12,102,3,34,8.5,24,0
NCK Liyanage (MAL),2019-2019,6,5,14,100,3,33.33,7.14,28,0
DL Maddy (ENG),2007-2007,4,2,3,26,3,8.66,8.66,6,0
S Mahmood (ENG),2019-2019,3,3,10,115,3,38.33,11.5,20,0
SI Mahmood (ENG),2006-2009,4,4,14,155,3,51.66,11.07,28,0
MSS Mandy (Chile),2019-2019,4,3,8,43,3,14.33,5.37,16,0
Mansoor Amjad (PAK),2008-2008,1,1,1,3,3,1,3,2,0
TS Mills (ENG/ICC),2016-2018,5,5,19,129,3,43,6.78,38,0
T Mishra (KENYA),2007-2013,15,2,5,33,3,11,6.6,10,0
K Modise (Botsw),2019-2019,3,2,5,41,3,13.66,8.2,10,0
Mohammad Ghazanfar (HKG),2019-2019,5,5,14,85,3,28.33,6.07,28,0
Mohammad Hasnain (PAK),2019-2019,4,4,16,137,3,45.66,8.56,32,0
Mohammed Siraj (INDIA),2017-2018,3,3,12,148,3,49.33,12.33,24,0
Musa Shaheen (DEN),2019-2019,1,1,2.2,11,3,3.66,4.71,4.6,0
Naeem Islam (BDESH),2008-2013,10,6,15,122,3,40.66,8.13,30,0
A Nathwani (Aut),2019-2019,5,4,10,79,3,26.33,7.9,20,0
MP O'Dowd (NL),2015-2019,36,9,12.4,119,3,39.66,9.39,25.3,0
HC Overdijk (NL),2018-2019,4,3,8,72,3,24,9,16,0
SD Parry (ENG),2014-2015,5,5,16,138,3,46,8.62,32,0
JL Pattinson (AUS),2011-2012,4,4,13,104,3,34.66,8,26,0
MDK Perera (SL),2011-2011,3,3,10,72,3,24,7.2,20,0
J Perman (ESP),2019-2019,2,2,8,41,3,13.66,5.12,16,0
R Pisal (ROM),2019-2019,1,1,3,4,3,1.33,1.33,6,0
D Pretorius (SA),2017-2019,6,6,14,116,3,38.66,8.28,28,0
P Raho (PNG),2016-2016,2,2,3,20,3,6.66,6.66,6,0
Raja Adeel (ESP),2019-2019,3,3,11,36,3,12,3.27,22,0
RJ Ranpura (OMAN),2015-2016,3,2,6,32,3,10.66,5.33,12,0
KB Ratilal (PNM),2019-2019,3,3,12,61,3,20.33,5.08,24,0
WJR Robertson (JER),2019-2019,6,6,18.1,101,3,33.66,5.55,36.3,0
M Sert (TKY),2019-2019,4,4,10,93,3,31,9.3,20,0
A Shahzad (ENG),2010-2011,3,3,11,97,3,32.33,8.81,22,0
R Sharma (INDIA),2012-2012,2,2,7.2,56,3,18.66,7.63,14.6,0
Shiraz Khan (KUW),2019-2019,6,6,20,140,3,46.66,7,40,0
Shoaib Ali (Saudi),2019-2019,5,5,15.3,129,3,43,8.32,31,0
DJM Short (AUS),2018-2019,20,9,19,151,3,50.33,7.94,38,0
PM Siddle (AUS),2009-2010,2,2,8,58,3,19.33,7.25,16,0
Sikander Zulfiqar (NL),2016-2019,11,7,10,79,3,26.33,7.9,20,0
KM Silva (),2019-2019,3,2,3,18,3,6,6,6,0
M Simpson-Parker (Aut),2019-2019,3,3,5,40,3,13.33,8,10,0
S Singh (PHI),2019-2019,4,4,11,110,3,36.66,10,22,0
DC Smith (PHI),2019-2019,4,4,11,89,3,29.66,8.09,22,0
A Srivastav (Chile),2019-2019,4,3,8,73,3,24.33,9.12,16,0
H Ssenyondo (UGA),2019-2019,4,3,10,48,3,16,4.8,20,0
JH Stander (SCOT),2009-2012,11,7,13.3,156,3,52,11.55,27,0
Suhail Sadiq (LUX),2019-2019,2,2,6,45,3,15,7.5,12,0
Syazrul Idrus (MAL),2019-2019,2,2,7,64,3,21.33,9.14,14,0
Tahir Dar (BAH),2019-2019,4,4,14,128,3,42.66,9.14,28,0
Tanveer Ahmed (HKG),2016-2017,5,5,13.3,116,3,38.66,8.59,27,0
SR Taylor (USA),2019-2019,8,5,13,70,3,23.33,5.38,26,0
AC Thomas (SA),2007-2007,1,1,4,25,3,8.33,6.25,8,0
SF Tiai (Samoa),2019-2019,4,4,11,82,3,27.33,7.45,22,0
BM Tickner (NZ),2019-2019,3,3,12,109,3,36.33,9.08,24,0
DR Tuffey (NZ),2005-2010,3,3,10,93,3,31,9.3,20,0
AJ Turner (AUS),2017-2019,11,3,6,42,3,14,7,12,0
MB van Schelven (NL),2015-2015,2,2,7,30,3,10,4.28,14,0
Vichanath Singh (THAI),2019-2019,4,4,16,90,3,30,5.62,32,0
Virandeep Singh (MAL),2019-2019,12,8,17.2,135,3,45,7.78,34.6,0
RR Watson (SCOT),2007-2010,10,5,10,92,3,30.66,9.2,20,0
RM West (IRE),2009-2009,5,5,19,142,3,47.33,7.47,38,0
SG Whittingham (SCOT),2018-2018,3,3,10,79,3,26.33,7.9,20,0
S Wickramasekara (CZK-R),2019-2019,5,5,15.3,93,3,31,6,31,0
Younis Khan (PAK),2006-2010,25,1,3.4,18,3,6,4.9,7.3,0
Zahid Hussain (CAN),2012-2012,3,3,9.3,47,3,15.66,4.94,19,0
Zaki Ul Hassan (Belg),2019-2019,3,3,9,56,3,18.66,6.22,18,0
C Zavoiu (ROM),2019-2019,3,1,1,4,3,1.33,4,2,0
Ziaur Rahman (BDESH),2012-2014,14,7,12.3,127,3,42.33,10.16,25,0
Zulqarnain Haider (ESP),2019-2019,5,5,13,60,3,20,4.61,26,0
Aamer Yamin (PAK),2015-2018,2,2,6,37,2,18.5,6.16,18,0
Aaron Jones (USA),2019-2019,8,3,7,28,2,14,4,21,0
YA Abdulla (SA),2009-2009,2,2,7,44,2,22,6.28,21,0
AG Achar (SGP),2019-2019,3,3,6,44,2,22,7.33,18,0
Ahmed Hassan (Mald),2019-2019,11,5,7.3,81,2,40.5,10.8,22.5,0
Ali Naqi (PORT),2019-2019,4,4,10,65,2,32.5,6.5,30,0
Alok Kapali (BDESH),2007-2011,7,2,5,35,2,17.5,7,15,0
Anique Uddin (DEN),2019-2019,6,2,2.3,14,2,7,5.6,7.5,0
DNA Ankrah (Ghana),2019-2019,4,4,12,85,2,42.5,7.08,36,0
Apon Mustafizur (Serb),2019-2019,2,1,3,30,2,15,10,9,0
Aqib Ilyas (OMAN),2015-2019,22,4,9,59,2,29.5,6.55,27,0
S Arachchige (ITA),2019-2019,4,4,6,42,2,21,7,18,0
JC Archer (ENG),2019-2019,1,1,4,29,2,14.5,7.25,12,0
Ashfaq Ahmed (UAE),2018-2019,12,2,6,34,2,17,5.66,18,0
Atif Kamal (LUX),2019-2019,4,4,14,90,2,45,6.42,42,0
Aziz Mohammad (Belg),2019-2019,3,3,12,84,2,42,7,36,0
MO Bacarese (GIBR),2019-2019,3,3,12,51,2,25.5,4.25,36,0
LS Baker (WI),2008-2009,3,3,8,58,2,29,7.25,24,0
JT Ball (ENG),2018-2018,2,2,7,83,2,41.5,11.85,21,0
GG Banner (Blz),2019-2019,3,1,3.3,10,2,5,2.85,10.5,0
W Barresi (NL),2012-2019,42,3,5.4,49,2,24.5,8.64,17,0
RJ Campbell (HKG),2016-2016,3,3,10,68,2,34,6.8,30,0
P Chandran (Mex),2019-2019,3,2,4,45,2,22.5,11.25,12,0
FA Cossa (Moz),2019-2019,6,5,14,110,2,55,7.85,42,0
KM Dabengwa (ZIM),2006-2010,8,7,11,106,2,53,9.63,33,0
DK Dahyabhai Ahir (PNM),2019-2019,2,2,3,27,2,13.5,9,9,0
JWM Dalrymple (ENG),2006-2007,3,3,5,39,2,19.5,7.8,15,0
Dawlat Ahmadzai (AFG),2010-2010,2,2,4,46,2,23,11.5,12,0
AS Dean (CAN),2008-2013,2,2,4,32,2,16,8,12,0
AP Devcich (NZ),2013-2014,4,4,12,80,2,40,6.66,36,0
LHD Dilhara (SL),2008-2008,2,2,5,30,2,15,6,15,0
N Dipakkumar Patel (PNM),2019-2019,3,3,10,42,2,21,4.2,30,0
K Dorji (BHU),2019-2019,2,2,7,69,2,34.5,9.85,21,0
Ehsan Nawaz (HKG),2014-2017,5,5,7.4,79,2,39.5,10.3,23,0
AM Ellis (NZ),2012-2013,5,4,10,105,2,52.5,10.5,30,0
Fakhrul Mohon (PORT),2019-2019,4,4,14,85,2,42.5,6.07,42,0
V Ganesan (GER),2019-2019,4,4,9,44,2,22,4.88,27,0
B Geeves (AUS),2009-2009,1,1,3.2,35,2,17.5,10.5,10,0
D Gim (NGA),2019-2019,6,4,6,65,2,32.5,10.83,18,0
Hafez Farooq (Peru),2019-2019,4,1,2,14,2,7,7,6,0
LHB Harrington-Myers (Caym),2019-2019,4,2,4,26,2,13,6.5,12,0
NM Hauritz (AUS),2009-2009,3,2,7.2,47,2,23.5,6.4,22,0
PA Hitchcock (NZ),2008-2008,1,1,3,43,2,21.5,14.33,9,0
Imran Ashraf (QAT),2019-2019,3,3,9,78,2,39,8.66,27,0
Imran Khan (1) (PAK),2015-2015,3,3,12,106,2,53,8.83,36,0
MM Iqbal (SCOT),2012-2013,6,3,8,59,2,29.5,7.37,24,0
J Jojo (DEN),2019-2019,7,5,17,98,2,49,5.76,51,0
Jubair Hossain (BDESH),2015-2015,1,1,2,20,2,10,10,6,0
Junaid Sheikh (NOR),2019-2019,5,5,16,104,2,52,6.5,48,0
Kamran Shazad (UAE),2014-2014,3,3,8.4,77,2,38.5,8.88,26,0
D Kegasitswe (Botsw),2019-2019,4,3,12,156,2,78,13,36,0
A Khan (ENG),2009-2009,1,1,4,34,2,17,8.5,12,0
AK Kitchen (NZ),2017-2018,5,3,6,46,2,23,7.66,18,0
Kuldeep Lal (ESP),2019-2019,8,4,9,100,2,50,11.11,27,0
B Laughlin (AUS),2009-2013,3,3,11.5,118,2,59,9.97,35.5,0
KS Lokuarachchi (SL),2012-2012,2,2,6,48,2,24,8,18,0
J Louw (SA),2008-2009,2,2,7,54,2,27,7.71,21,0
Lucky Ali (DEN),2019-2019,2,2,7,40,2,20,5.71,21,0
AJ McKay (NZ),2010-2010,2,2,5.4,31,2,15.5,5.47,17,0
DSK Madushanka (SL),2018-2018,2,2,5.1,62,2,31,12,15.5,0
R Mahajan (PHI),2019-2019,3,3,10,93,2,46.5,9.3,30,0
GI Maiden (SCOT),2008-2008,3,3,10,58,2,29,5.8,30,0
GT Main (SCOT),2015-2016,4,2,4,34,2,17,8.5,12,0
P Manning (Caym),2019-2019,6,4,8,53,2,26.5,6.62,24,0
B Masaba (UGA),2019-2019,1,1,4,14,2,7,3.5,12,0
H Masakadza (ZIM),2006-2019,66,9,12,113,2,56.5,9.41,36,0
MJ Mason (NZ),2006-2008,3,3,9,65,2,32.5,7.22,27,0
B Mavuta (ZIM),2018-2018,3,3,12,81,2,40.5,6.75,36,0
Z McLaughlin (Caym),2019-2019,3,3,7.1,54,2,27,7.53,21.5,0
SC Meaker (ENG),2012-2012,2,2,7.5,70,2,35,8.93,23.5,0
Mohameed Taiwo (NGA),2019-2019,2,2,8,41,2,20.5,5.12,24,0
Mohammad Adnan (Saudi),2019-2019,5,5,17,120,2,60,7.05,51,0
Mohsin Hub (Peru),2019-2019,4,3,9,39,2,19.5,4.33,27,0
Muhammad Rafique (BAH),2019-2019,2,2,5,63,2,31.5,12.6,15,0
S Murari (CRC),2019-2019,3,3,10,52,2,26,5.2,30,0
LA Musiani (Arg),2019-2019,5,4,15,69,2,34.5,4.6,45,0
M Nasim Baras (AFG),2015-2015,3,3,8,56,2,28,7,24,0
A Nel (SA),2005-2007,2,2,8,42,2,21,5.25,24,0
R Ngarava (ZIM),2019-2019,1,1,4,48,2,24,12,12,0
F Nsubuga (UGA),2019-2019,3,3,8,46,2,23,5.75,24,0
L Nussbaumer (GUE),2019-2019,1,1,4,44,2,22,11,12,0
E Packard (GIBR),2019-2019,4,4,11,79,2,39.5,7.18,33,0
MS Panesar (ENG),2007-2007,1,1,4,40,2,20,10,12,0
NMS Param (SGP),2019-2019,8,3,8,55,2,27.5,6.87,24,0
HH Patel (MWI),2019-2019,7,5,13,104,2,52,8,39,0
H Patel (CAN),2010-2013,11,5,9.5,83,2,41.5,8.44,29.5,0
N Pathan (THAI),2019-2019,4,4,6,60,2,30,10,18,0
DBL Powell (WI),2007-2007,5,5,17,131,2,65.5,7.7,51,0
R Powell (WI),2017-2019,23,4,8,74,2,37,9.25,24,0
A Pusthay (Fin),2019-2019,5,4,10,90,2,45,9,30,0
S Rakshit (CZK-R),2019-2019,7,5,12.5,99,2,49.5,7.71,38.5,0
S Ravikumar (CRC),2019-2019,3,3,6.2,56,2,28,8.84,19,0
Raza-ur-Rehman (CAN),2012-2013,5,3,9,58,2,29,6.44,27,0
AJ Redmond (NZ),2009-2010,7,1,2.5,24,2,12,8.47,8.5,0
GA Rogers (SCOT),2008-2009,2,2,7.5,67,2,33.5,8.55,23.5,0
IH Romaine (BMUDA),2008-2008,2,2,3.4,21,2,10.5,5.72,11,0
SI Runsewe (NGA),2019-2019,6,2,2.3,23,2,11.5,9.2,7.5,0
JD Ryder (NZ),2008-2014,22,5,10,68,2,34,6.8,30,0
Sadeeq Khan (ROM),2019-2019,3,3,12,63,2,31.5,5.25,36,0
TK Saha (Fin),2019-2019,4,4,10,88,2,44,8.8,30,0
Sajid Liaqat (GER),2019-2019,2,2,8,72,2,36,9,24,0
Sandeep Goud (OMAN),2019-2019,12,2,6,48,2,24,8,18,0
Saqib Zulfiqar (NL),2018-2019,6,4,9,61,2,30.5,6.77,27,0
Saqlain Ali (Belg),2019-2019,2,2,7,36,2,18,5.14,21,0
Sarfaraz Ali (BAH),2019-2019,4,3,8,60,2,30,7.5,24,0
P Sarraf (NEPAL),2019-2019,9,6,11,58,2,29,5.27,33,0
RR Sarwan (WI),2007-2010,18,1,2,10,2,5,5,6,0
Shaffeq Muhammad (),2019-2019,2,2,7,21,2,10.5,3,21,0
Sharif Asadullah (UAE),2014-2014,1,1,3,21,2,10.5,7,9,0
Shuvagata Hom (BDESH),2016-2016,5,4,11,71,2,35.5,6.45,33,0
EHSN Silva (UAE),2014-2014,2,2,7,58,2,29,8.28,21,0
LA Simango (Moz),2019-2019,3,3,6.1,55,2,27.5,8.91,18.5,0
OF Smith (WI),2018-2018,2,2,7,78,2,39,11.14,21,0
CB Sole (SCOT),2017-2018,4,4,16,141,2,70.5,8.81,48,0
AL Stephen (VAN),2019-2019,2,2,7,29,2,14.5,4.14,21,0
MJ Swepson (AUS),2018-2018,1,1,4,37,2,18.5,9.25,12,0
T Taylor (Caym),2019-2019,6,4,9,74,2,37,8.22,27,0
R Telemachus (SA),2006-2007,3,3,12,90,2,45,7.5,36,0
S Thuraisingam (CAN),2008-2008,3,3,7.5,44,2,22,5.61,23.5,0
CT Tremlett (ENG),2007-2007,1,1,4,45,2,22.5,11.25,12,0
T Turan (TKY),2019-2019,4,3,8.1,111,2,55.5,13.59,24.5,0
S Vashisht (ROM),2019-2019,3,3,9,31,2,15.5,3.44,27,0
AC Voges (AUS),2007-2013,7,1,2,5,2,2.5,2.5,6,0
Waqas Maqsood (PAK),2018-2018,1,1,1.5,21,2,10.5,11.45,5.5,0
SR Welsh (CAN),2008-2008,1,1,3,6,2,3,2,9,0
AR White (IRE),2008-2012,18,1,4,18,2,9,4.5,12,0
G Wijekoon (SL),2007-2007,3,3,11,101,2,50.5,9.18,33,0
C Wright (Caym),2019-2019,6,4,7,53,2,26.5,7.57,21,0
HN Ya France (NAM),2019-2019,6,6,13,82,2,41,6.3,39,0
Zain ul Tashnam (CRC),2019-2019,3,2,8,35,2,17.5,4.37,24,0
S Zargar (Mex),2019-2019,1,1,3,22,2,11,7.33,9,0
Ziaur Rahman (AFG),2019-2019,1,1,4,42,2,21,10.5,12,0
Adnan Idrees (KUW),2019-2019,6,3,7,67,1,67,9.57,42,0
N Advani (GIBR),2019-2019,1,1,3,12,1,12,4,18,0
Aftab Ahmed (2) (DEN),2019-2019,1,1,1,10,1,10,10,6,0
GW Aldridge (NZ),2011-2011,1,1,4,45,1,45,11.25,24,0
J Allen (),2019-2019,2,2,2,19,1,19,9.5,12,0
TP Allen (USA),2019-2019,5,2,3,28,1,28,9.33,18,0
Amir Ali (OMAN),2015-2016,10,5,9,67,1,67,7.44,54,0
Amir Mangal (GER),2019-2019,9,5,6.4,57,1,57,8.55,40,0
S Aravind (INDIA),2015-2015,1,1,3.4,44,1,44,12,22,0
Ariful Haque (BDESH),2018-2018,9,1,1,13,1,13,13,6,0
B Arora (MALTA),2019-2019,4,4,11.1,75,1,75,6.71,67,0
Asad Mohammad (GER),2019-2019,9,8,24,158,1,158,6.58,144,0
Asghar Afghan (AFG),2010-2019,66,1,0.4,4,1,4,6,4,0
AA Banner (Blz),2019-2019,3,2,8,39,1,39,4.87,48,0
CD Barnwell (WI),2011-2013,6,4,6,51,1,51,8.5,36,0
A Bhattarai (NEPAL),2014-2014,1,1,3,12,1,12,4,18,0
SR Bhudia (KENYA),2019-2019,4,4,9,63,1,63,7,54,0
STR Binny (INDIA),2015-2016,3,3,5,54,1,54,10.8,30,0
CC Blake (VAN),2019-2019,3,3,8,49,1,49,6.12,48,0
N Boje (SA),2005-2005,1,1,4,27,1,27,6.75,24,0
SG Borthwick (ENG),2011-2011,1,1,4,15,1,15,3.75,24,0
DL Brangman (BMUDA),2019-2019,5,5,7,84,1,84,12,42,0
CL Cairns (NZ),2005-2006,2,2,8,52,1,52,6.5,48,0
A Carthew (Chile),2019-2019,4,1,2,19,1,19,9.5,12,0
RD Chahar (INDIA),2019-2019,1,1,3,27,1,27,9,18,0
Charanjeet Singh (ITA),2019-2019,3,2,5,35,1,35,7,30,0
MS Crane (ENG),2017-2017,2,2,8,62,1,62,7.75,48,0
H Dajc (Serb),2019-2019,2,1,4,36,1,36,9,24,0
H Davids (SA),2012-2013,9,2,2,13,1,13,6.5,12,0
PA Desai (CAN),2012-2012,1,1,3,30,1,30,10,18,0
R Dhawan (INDIA),2016-2016,1,1,4,42,1,42,10.5,24,0
M Dixit (LUX),2019-2019,3,3,9,93,1,93,10.33,54,0
KR Ebanks (Caym),2019-2019,5,5,11,104,1,104,9.45,66,0
Faisal Khan (Saudi),2019-2019,4,1,2,21,1,21,10.5,12,0
Fayyaz Ahmed (UAE),2015-2015,1,1,3,29,1,29,9.66,18,0
Fiaz Ahmad (KUW),2019-2019,3,3,5,56,1,56,11.2,30,0
KK Flowers (Blz),2019-2019,3,1,2,16,1,16,8,12,0
C Floyd (NL),2019-2019,2,2,5,51,1,51,10.2,30,0
C Fry (LUX),2019-2019,3,3,7,62,1,62,8.85,42,0
MD Garratt (GIBR),2019-2019,4,1,2.5,12,1,12,4.23,17,0
JN Gillespie (AUS),2005-2005,1,1,4,49,1,49,12.25,24,0
NA Greenwood (JER),2019-2019,8,2,2,14,1,14,7,12,0
L Gregory (ENG),2019-2019,5,2,4,29,1,29,7.25,24,0
Hardev Singh (Chile),2019-2019,3,1,1,12,1,12,12,6,0
SJ Harmison (ENG),2005-2006,2,2,6.3,42,1,42,6.46,39,0
Haroon Arshad (HKG),2019-2019,10,8,13.5,108,1,108,7.8,83,0
Haroon Mughal (MALTA),2019-2019,4,2,3,31,1,31,10.33,18,0
TM Head (AUS),2016-2018,16,3,4,39,1,39,9.75,24,0
R Hekure (PNG),2019-2019,8,6,4.5,37,1,37,7.65,29,0
BJ Hodge (AUS),2007-2014,15,3,5,43,1,43,8.6,30,0
S Hongsi (THAI),2019-2019,3,2,3,35,1,35,11.66,18,0
A Husain (Arg),2019-2019,5,4,10,51,1,51,5.1,60,0
GM Hyde (Blz),2019-2019,3,2,5,43,1,43,8.6,30,0
Ibrahim Rizan (Mald),2019-2019,5,4,8.1,63,1,63,7.71,49,0
Iftikhar Anjum (PAK),2007-2009,2,2,8,67,1,67,8.37,48,0
AJ Ireland (ZIM),2006-2006,1,1,3,33,1,33,11,18,0
Irfan Mir (Chile),2019-2019,4,4,15,73,1,73,4.86,90,0
E Isaneez (UGA),2019-2019,3,3,9.2,53,1,53,5.67,56,0
Ismat Ullah (),2019-2019,4,2,4,16,1,16,4,24,0
Jaspreet Singh (ITA),2019-2019,5,2,5,53,1,53,10.6,30,0
D Kansonkho (MWI),2019-2019,7,3,7.3,60,1,60,8,45,0
A Karn (NEPAL),2015-2015,2,2,8,49,1,49,6.12,48,0
N Khanna (MALTA),2019-2019,2,2,4,47,1,47,11.75,24,0
B Khumalo (Botsw),2019-2019,3,3,11,96,1,96,8.72,66,0
Khurram Chohan (CAN),2010-2010,4,4,12.1,106,1,106,8.71,73,0
Khurram Khan (UAE),2014-2014,3,1,1,8,1,8,8,6,0
JH Kiani (PHI),2019-2019,4,1,4,26,1,26,6.5,24,0
H Lakov (),2019-2019,3,3,12,72,1,72,6,72,0
CA Liyanage (Mald),2019-2019,2,2,5,47,1,47,9.4,30,0
J Long (PHI),2019-2019,2,1,2,26,1,26,13,12,0
NM Lyon (AUS),2016-2018,2,2,5,48,1,48,9.6,30,0
RT Lyons (SCOT),2010-2010,2,2,6,40,1,40,6.66,36,0
OC McCoy (WI),2019-2019,2,1,3,44,1,44,14.66,18,0
Mahmad Data (PNM),2019-2019,2,2,5,31,1,31,6.2,30,0
A Makesh (KUW),2019-2019,4,4,9,79,1,79,8.77,54,0
DJ Malan (ENG),2017-2019,9,1,2,27,1,27,13.5,12,0
WJ Malinda (Mald),2019-2019,3,1,4,27,1,27,6.75,24,0
OM Marshall (Peru),2019-2019,3,2,3,22,1,22,7.33,18,0
A Martin (WI),2011-2011,1,1,3,20,1,20,6.66,18,0
T Maruma (ZIM),2008-2019,13,2,3,20,1,20,6.66,18,0
WT Mashinge (ZIM),2019-2019,2,2,5,57,1,57,11.4,30,0
N Master (Botsw),2019-2019,2,1,4,30,1,30,7.5,24,0
Md Shafiqul Haque (THAI),2019-2019,4,1,3,25,1,25,8.33,18,0
DP Michael (Samoa),2019-2019,4,1,3,32,1,32,10.66,18,0
SF Mire (ZIM),2018-2019,9,5,12,115,1,115,9.58,72,0
Mohammad Boota (UAE),2019-2019,16,1,1,13,1,13,13,6,0
Mohammad Rafique (BDESH),2006-2006,1,1,4,22,1,22,5.5,24,0
Mohammad Shahid (BDESH),2016-2016,1,1,3,32,1,32,10.66,18,0
MR Montfort (CAN),2019-2019,1,1,3,25,1,25,8.33,18,0
J Mubarak (SL),2007-2009,16,2,1.2,17,1,17,12.75,8,0
Muhammad Tanveer (QAT),2019-2019,15,3,8,63,1,63,7.87,48,0
D Muhumuza (UGA),2019-2019,4,3,5,35,1,35,7,30,0
EMDY Munaweera (SL),2012-2017,13,5,10,92,1,92,9.2,60,0
T Mupariwa (ZIM),2007-2008,4,4,13,94,1,94,7.23,78,0
Murid Ekrami (Belg),2019-2019,3,3,5,37,1,37,7.4,30,0
Najeeb Amar (HKG),2014-2014,1,1,3,29,1,29,9.66,18,0
NH Naureen (ESP),2019-2019,1,1,3,32,1,32,10.66,18,0
Naveed Ahmed (CZK-R),2019-2019,7,5,9,56,1,56,6.22,54,0
Nazakat Ali (NOR),2019-2019,2,2,3,16,1,16,5.33,18,0
Nazmul Hossain (BDESH),2009-2012,4,4,7,67,1,67,9.57,42,0
A Ndlovu (ZIM),2019-2019,3,3,11,90,1,90,8.18,66,0
R Neale (LUX),2019-2019,3,1,3,30,1,30,10,18,0
P Negi (INDIA),2016-2016,1,1,3,16,1,16,5.33,18,0
D Nikolov (),2019-2019,3,2,4,36,1,36,9,24,0
K Nima (BHU),2019-2019,1,1,3,22,1,22,7.33,18,0
Noman Kamawi (Belg),2019-2019,1,1,3,28,1,28,9.33,18,0
L Nou (PNG),2015-2015,3,3,10,65,1,65,6.5,60,0
E Ochieng (KENYA),2019-2019,2,2,4,30,1,30,7.5,24,0
JL Ontong (SA),2008-2015,14,4,6,83,1,83,13.83,36,0
AM Oyede (NGA),2019-2019,8,3,8,44,1,44,5.5,48,0
RJG Palmer (JER),2019-2019,2,2,4,27,1,27,6.75,24,0
MA Parker (SCOT),2012-2012,2,2,6,61,1,61,10.16,36,0
Parvez Rasool (INDIA),2017-2017,1,1,4,32,1,32,8,24,0
AY Patel (NZ),2018-2018,2,2,6,45,1,45,7.5,36,0
KP Pietersen (ENG),2005-2013,37,3,5,53,1,53,10.6,30,0
JE Pitcher (BMUDA),2019-2019,3,3,7,50,1,50,7.14,42,0
S Pokhriyal (CZK-R),2019-2019,5,1,2,22,1,22,11,12,0
M Pushpakumara (SL),2009-2009,1,1,3,27,1,27,9,18,0
Qasim Zia (BAH),2019-2019,3,3,9,68,1,68,7.55,54,0
Raag Kapur (HKG),2019-2019,4,3,7,49,1,49,7,42,0
RLB Rambukwella (SL),2013-2016,2,2,6.3,46,1,46,7.07,39,0
Ravinder Singh (MALTA),2019-2019,2,2,6,72,1,72,12,36,0
J Reb (Serb),2019-2019,2,1,3,40,1,40,13.33,18,0
GA Reynold (Blz),2019-2019,3,3,8,49,1,49,6.12,48,0
Riazat Ali Shah (UGA),2019-2019,4,3,7.4,58,1,58,7.56,46,0
R Rivas (Chile),2019-2019,3,1,4,45,1,45,11.25,24,0
Saber Zakhil (Belg),2019-2019,3,3,9,69,1,69,7.66,54,0
S Saeed (Mald),2019-2019,5,5,11,95,1,95,8.63,66,0
AM Samad (CAN),2008-2010,7,1,2,36,1,36,18,12,0
Sandeep Sharma (INDIA),2015-2015,2,2,7,73,1,73,10.42,42,0
I Sawmy (DEN),2019-2019,2,1,3,12,1,12,4,18,0
Shahzad Muhammad (Mex),2019-2019,2,1,3,29,1,29,9.66,18,0
Shaikh Ashraf (Peru),2019-2019,4,2,4,34,1,34,8.5,24,0
KV Sharma (INDIA),2014-2014,1,1,4,28,1,28,7,24,0
RG Sharma (INDIA),2007-2019,104,9,11.2,113,1,113,9.97,68,0
ZK Shem (VAN),2019-2019,5,3,6,72,1,72,12,36,0
LPC Silva (SL),2006-2011,16,2,3,15,1,15,5,18,0
BA Simango (Moz),2019-2019,2,1,3,21,1,21,7,18,0
T Singye (BHU),2019-2019,2,2,6,65,1,65,10.83,36,0
J Singye (BHU),2019-2019,2,2,8,69,1,69,8.62,48,0
JT Smuts (SA),2017-2018,8,6,12.4,101,1,101,7.97,76,0
Sufyan Mehmood (OMAN),2015-2019,3,3,5.3,39,1,39,7.09,33,0
Suhrid Roy (MALTA),2019-2019,1,1,4,44,1,44,11,24,0
CR Suryawanshi (SGP),2019-2019,3,1,2,13,1,13,6.5,12,0
Tafseer Ali (NOR),2019-2019,5,3,4,37,1,37,9.25,24,0
Taijul Islam (BDESH),2019-2019,2,2,7,58,1,58,8.28,42,0
Tanvir Ahmed (PAK),2010-2010,1,1,3,13,1,13,4.33,18,0
BRM Taylor (ZIM),2006-2019,38,2,5,17,1,17,3.4,30,0
SR Tendulkar (INDIA),2006-2006,1,1,2.3,12,1,12,4.8,15,0
EP Thompson (NZ),2008-2008,1,1,3,18,1,18,6,18,0
GC Tonge (WI),2009-2009,1,1,4,25,1,25,6.25,24,0
JJ Tucker (BMUDA),2019-2019,5,4,7,62,1,62,8.85,42,0
Umair Ali (UAE),2015-2015,3,2,4,28,1,28,7,24,0
DLS van Bunge (NL),2008-2013,14,2,2.2,15,1,15,6.42,14,0
C Vorster (GUE),2019-2019,1,1,3,32,1,32,10.66,18,0
Walid Ghauri (NOR),2019-2019,4,2,3.5,31,1,31,8.08,23,0
Washeem Abbas (MALTA),2019-2019,2,2,8,70,1,70,8.75,48,0
UWMBCA Welegedara (SL),2010-2010,2,2,6,61,1,61,10.16,36,0
CL White (AUS),2007-2014,47,5,7,51,1,51,7.28,42,0
T Whiteman (LUX),2019-2019,4,2,3.4,38,1,38,10.36,22,0
JD Wildermuth (AUS),2018-2018,2,2,3,32,1,32,10.66,18,0
LJ Woodcock (NZ),2010-2011,3,3,10,70,1,70,7,60,0
GH Worker (NZ),2015-2015,2,1,2,19,1,19,9.5,12,0
Yusuf Ebrahim (PNM),2019-2019,3,3,7,44,1,44,6.28,42,0
Zaheer Maqsood (UAE),2015-2016,3,3,9,80,1,80,8.88,54,0
Zamir Khan (AFG),2012-2012,1,1,4,26,1,26,6.5,24,0
Zawar Farid (UAE),2019-2019,4,2,4.1,35,1,35,8.4,25,0
C Zhuwao (ZIM),2008-2018,7,1,0.2,1,1,1,3,2,0
Zohaib Sarwar (PORT),2019-2019,4,4,7,51,1,51,7.28,42,0
M Zondeki (SA),2006-2006,1,1,3,41,1,41,13.66,18,0
Abdullah Mahmood (DEN),2019-2019,1,1,1,9,0,-,9,-,0
Abdullah Sheikh (NOR),2019-2019,2,1,1,13,0,-,13,-,0
Abdur Rauf (PAK),2008-2008,1,1,3,21,0,-,7,-,0
M Aboagye (Ghana),2019-2019,3,1,1,17,0,-,17,-,0
RA Abolarin (NGA),2019-2019,1,1,0.4,7,0,-,10.5,-,0
S Adedeji (NGA),2019-2019,6,1,2,21,0,-,10.5,-,0
Aftab Ahmed (BDESH),2006-2010,11,1,0.2,8,0,-,24,-,0
GJ Agius (MALTA),2019-2019,2,2,5,53,0,-,10.6,-,0
Ahmed Shehzad (PAK),2009-2019,59,1,1,10,0,-,10,-,0
DS Airee (NEPAL),2018-2019,18,1,2,23,0,-,11.5,-,0
Ameer Saiyed (Botsw),2019-2019,4,3,4,44,0,-,11,-,0
Ammad Uddin (BAH),2019-2019,4,1,0.1,1,0,-,6,-,0
Anasim Khan (BAH),2019-2019,4,4,14,119,0,-,8.5,-,0
J Anderson (IRE),2015-2015,4,1,1,13,0,-,13,-,0
DK Anefie (Ghana),2019-2019,4,4,12,72,0,-,6,-,0
Anowarul Islam (THAI),2019-2019,4,2,3,25,0,-,8.33,-,0
Ansar Iqbal (NOR),2019-2019,4,1,2,13,0,-,6.5,-,0
Aqib Iqbal (Aut),2019-2019,5,4,13,84,0,-,6.46,-,0
Arsalan Qadir (CAN),2010-2010,1,1,1,12,0,-,12,-,0
U Aryaman Sunil (SGP),2019-2019,2,2,3,28,0,-,9.33,-,0
Asad Ali (PAK),2013-2013,2,2,4,33,0,-,8.25,-,0
A Ashokan (CZK-R),2019-2019,2,1,2,16,0,-,8,-,0
Atif Ali Khan (UAE),2016-2016,1,1,4,43,0,-,10.75,-,0
Avi Dixit (SGP),2019-2019,1,1,1,15,0,-,15,-,0
P Awana (INDIA),2012-2012,2,2,6,71,0,-,11.83,-,0
KS Bagabena (Ghana),2019-2019,4,4,4.5,56,0,-,11.58,-,0
KMC Bandara (SL),2016-2016,1,1,1,11,0,-,11,-,0
GEF Barnett (CAN),2008-2010,5,1,1,11,0,-,11,-,0
GJ Batty (ENG),2009-2009,1,1,3,17,0,-,5.66,-,0
DE Bernard (WI),2009-2009,1,1,4,17,0,-,4.25,-,0
P Bharat Patel (PNM),2019-2019,2,2,5,40,0,-,8,-,0
Meet Bhavsar (KUW),2019-2019,9,1,1,11,0,-,11,-,0
RL Bhudia (KENYA),2007-2007,3,3,7.2,78,0,-,10.63,-,0
KK Bishnoi (),2019-2019,3,2,3,27,0,-,9,-,0
NE Bonner (WI),2011-2012,2,1,2,18,0,-,9,-,0
IDR Bradshaw (WI),2006-2006,1,1,4,22,0,-,5.5,-,0
DR Brown (SCOT),2007-2007,2,1,4,44,0,-,11,-,0
DK Butler (WI),2006-2006,1,1,3,22,0,-,7.33,-,0
J Butler (GUE),2019-2019,9,1,1,15,0,-,15,-,0
JD Campbell (WI),2019-2019,2,1,1,1,0,-,1,-,0
J Cutinho (CRC),2019-2019,3,1,0.5,7,0,-,8.4,-,0
DAP Darrell (BMUDA),2019-2019,11,1,2,14,0,-,7,-,0
BFW de Leede (NL),2018-2019,8,2,2,27,0,-,13.5,-,0
N Deonarine (WI),2010-2013,8,4,9,87,0,-,9.66,-,0
PC de Silva (SL),2017-2017,2,2,2,30,0,-,15,-,0
ST de Silva (SL),2017-2017,3,1,1,10,0,-,10,-,0
BJ Diamanti (NZ),2009-2009,1,1,2,19,0,-,9.5,-,0
A Djorovic (Serb),2019-2019,2,2,6,32,0,-,5.33,-,0
B Dugic (Serb),2019-2019,2,2,2.3,22,0,-,8.8,-,0
F du Plessis (SA/World),2012-2019,44,2,1.2,3,0,-,2.25,-,0
AB Dursak (TKY),2019-2019,4,3,8.4,134,0,-,15.46,-,0
PS Eaglestone (IRE),2010-2010,1,1,2,16,0,-,8,-,0
Fahad Tariq (UAE),2016-2016,6,2,3,26,0,-,8.66,-,0
Fakhar Zaman (PAK),2017-2019,34,1,1,12,0,-,12,-,0
Fazal Niazai (AFG),2019-2019,1,1,1,13,0,-,13,-,0
MVT Fernando (SL),2017-2017,1,1,2,16,0,-,8,-,0
AJ Finch (AUS),2011-2019,58,2,2,27,0,-,13.5,-,0
JA Fitzgerald (GIBR),2019-2019,4,1,2,22,0,-,11,-,0
DR Flynn (NZ),2008-2012,5,1,1,7,0,-,7,-,0
GF Gomes (Moz),2019-2019,7,1,2,16,0,-,8,-,0
MJ Guptill (NZ),2009-2019,83,1,1,11,0,-,11,-,0
Hamza Dar (ESP),2019-2019,1,1,2,22,0,-,11,-,0
Hasheem Shahzad (MALTA),2019-2019,2,1,4,32,0,-,8,-,0
RJ Hatchman (GIBR),2019-2019,1,1,4,33,0,-,8.25,-,0
T Henderson (SA),2006-2006,1,1,4,31,0,-,7.75,-,0
H Hiri (PNG),2016-2019,5,1,1,5,0,-,5,-,0
KC Hodsoll (BMUDA),2008-2008,1,1,1,8,0,-,8,-,0
MEK Hussey (AUS),2005-2012,38,1,1,5,0,-,5,-,0
EH Hutchinson (USA),2019-2019,2,1,3,20,0,-,6.66,-,0
Ibrahim Khan (Saudi),2019-2019,1,1,2,17,0,-,8.5,-,0
Ibrahim Nashath (Mald),2019-2019,3,2,4,48,0,-,12,-,0
Iftikhar Ahmed (PAK),2016-2019,6,1,1,7,0,-,7,-,0
Imran Khan (PORT),2019-2019,4,1,2,13,0,-,6.5,-,0
B Ivanov (),2019-2019,3,1,2,36,0,-,18,-,0
Jagjit Singh (Peru),2019-2019,4,1,1,10,0,-,10,-,0
NA Janes (THAI),2019-2019,2,1,1,12,0,-,12,-,0
T Jamtsho (BHU),2019-2019,2,2,4.1,48,0,-,11.52,-,0
Jatinder Singh (OMAN),2015-2019,25,1,2,17,0,-,8.5,-,0
Javed Maroofkhail (NOR),2019-2019,2,1,2,22,0,-,11,-,0
DPMD Jayawardene (SL),2006-2014,55,1,1,8,0,-,8,-,0
P Jayeshbhai Patel (PNM),2019-2019,2,1,2,21,0,-,10.5,-,0
Jay Odedra (OMAN),2019-2019,3,3,7,74,0,-,10.57,-,0
NG Jones (IRE),2010-2012,5,2,2,14,0,-,7,-,0
Kamran Khan (QAT),2019-2019,14,2,4.1,48,0,-,11.52,-,0
TP Kamungozi (ZIM),2014-2014,1,1,2,17,0,-,8.5,-,0
G Kansonkho (MWI),2019-2019,6,1,1,15,0,-,15,-,0
S Kansoy (TKY),2019-2019,4,1,1,14,0,-,14,-,0
M Kartik (INDIA),2007-2007,1,1,4,27,0,-,6.75,-,0
Karweng NG (PHI),2019-2019,4,3,9,81,0,-,9,-,0
JM Kemp (SA),2005-2007,8,1,1,5,0,-,5,-,0
GE Kidd (IRE),2010-2010,1,1,3,32,0,-,10.66,-,0
RJ Kirtley (ENG),2007-2007,1,1,1,17,0,-,17,-,0
GJP Kruger (SA),2006-2006,1,1,4,29,0,-,7.25,-,0
JS Kundi (KENYA),2019-2019,6,2,2,15,0,-,7.5,-,0
Kushal Malla (NEPAL),2019-2019,3,2,4,38,0,-,9.5,-,0
A Lagos (),2019-2019,1,1,2,13,0,-,6.5,-,0
RDM Leverock (BMUDA),2008-2008,2,2,5,27,0,-,5.4,-,0
RN Lewis (WI),2008-2008,1,1,1,9,0,-,9,-,0
I Lisboa (Chile),2019-2019,1,1,2,17,0,-,8.5,-,0
AM McCarthy (WI),2018-2018,1,1,2,12,0,-,6,-,0
LD Madushanka (SL),2019-2019,2,1,4,36,0,-,9,-,0
Mahedi Hasan (BDESH),2018-2018,1,1,2,25,0,-,12.5,-,0
C Mahoney (Peru),2019-2019,3,1,1,10,0,-,10,-,0
BF Mailata (Samoa),2019-2019,4,2,2,24,0,-,12,-,0
D Manani (ROM),2019-2019,2,2,4,27,0,-,6.75,-,0
M Markande (INDIA),2019-2019,1,1,4,31,0,-,7.75,-,0
D Marks (MALTA),2019-2019,2,2,7,54,0,-,7.71,-,0
S Matsikenyeri (ZIM),2006-2012,10,3,2.4,23,0,-,8.62,-,0
GJ McCarter (IRE),2015-2015,3,2,5,50,0,-,10,-,0
A Mehmood (HKG),2016-2016,2,1,1,12,0,-,12,-,0
Mehrab Hossain jnr (BDESH),2008-2009,2,1,2.5,20,0,-,7.05,-,0
D Mejia (CRC),2019-2019,3,2,4,23,0,-,5.75,-,0
PHKD Mendis (SL),2018-2019,4,3,5,48,0,-,9.6,-,0
KO Meth (ZIM),2012-2012,2,2,7,64,0,-,9.14,-,0
AJ Michael (Samoa),2019-2019,4,1,2,18,0,-,9,-,0
Mihusan Hamid (Mald),2019-2019,1,1,3,29,0,-,9.66,-,0
Mohamed Arief (MAL),2019-2019,5,2,2,19,0,-,9.5,-,0
Mohammad Tauqir (UAE),2015-2015,3,3,7,55,0,-,7.85,-,0
JN Mohammed (WI),2017-2018,9,2,2,13,0,-,6.5,-,0
Mohammed Asghar (KUW),2019-2019,4,2,4,28,0,-,7,-,0
Mohammed Qasim (UAE),2016-2017,3,1,1,8,0,-,8,-,0
HJC Mol (NL),2008-2008,4,1,1.3,12,0,-,8,-,0
Mominul Haque (BDESH),2012-2014,6,2,3,32,0,-,10.66,-,0
JWN Moses (Botsw),2019-2019,3,2,8,46,0,-,5.75,-,0
Muhammad Asjed (ESP),2019-2019,2,1,1,9,0,-,9,-,0
Muhammad Musa (PAK),2019-2019,1,1,3.5,39,0,-,10.17,-,0
Muhammad Naeem (Saudi),2019-2019,5,1,1,13,0,-,13,-,0
Muhammed Shanil (UAE),2016-2016,1,1,4,49,0,-,12.25,-,0
RG Mukasa (UGA),2019-2019,4,2,7,40,0,-,5.71,-,0
Muktar Ali (BDESH),2016-2016,1,1,2,17,0,-,8.5,-,0
FF Mulivai (Samoa),2019-2019,4,1,0.1,6,0,-,36,-,0
T Munyonga (ZIM),2019-2019,5,1,1,3,0,-,3,-,0
Musawar Shah (QAT),2019-2019,2,2,3,32,0,-,10.66,-,0
S Nadigotla (ROM),2019-2019,2,1,2,10,0,-,5,-,0
Nanda Kumar (CRC),2019-2019,3,1,1,10,0,-,10,-,0
M Nandela (Mex),2019-2019,2,1,1,13,0,-,13,-,0
N Nankov (),2019-2019,3,1,1,15,0,-,15,-,0
A Nao (PNG),2017-2017,2,2,5,49,0,-,9.8,-,0
Nasir Aziz (UAE),2015-2015,1,1,4,21,0,-,5.25,-,0
A Natubhai Ahir (PNM),2019-2019,3,3,6,49,0,-,8.16,-,0
Nawaf Ahmed (KUW),2019-2019,1,1,2,16,0,-,8,-,0
R Nehonde (Botsw),2019-2019,7,5,13,113,0,-,8.69,-,0
S Nerandzic (Serb),2019-2019,2,1,2,26,0,-,13,-,0
K Nestor (GIBR),2019-2019,4,2,6.2,54,0,-,8.52,-,0
A Nortje (SA),2019-2019,1,1,3,27,0,-,9,-,0
J Nyumbu (ZIM),2018-2018,2,2,6,76,0,-,12.66,-,0
R Olipa (UGA),2019-2019,2,1,1,8,0,-,8,-,0
Omar Hayat (DEN),2019-2019,2,1,1,11,0,-,11,-,0
A Orfila (GIBR),2019-2019,1,1,1,7,0,-,7,-,0
A Patel (MWI),2019-2019,2,1,1,19,0,-,19,-,0
C Pengkumta (THAI),2019-2019,4,4,7,58,0,-,8.28,-,0
AK Perera (SL),2013-2019,6,1,1,17,0,-,17,-,0
PDRL Perera (SL),2006-2006,2,2,7,77,0,-,11,-,0
T Perera (Botsw),2019-2019,6,2,3,37,0,-,12.33,-,0
S Periyalwar (ROM),2019-2019,4,1,0.1,4,0,-,24,-,0
V Permaul (WI),2018-2018,1,1,0.3,8,0,-,16,-,0
OL Pitcher (BMUDA),2008-2008,3,1,1,7,0,-,7,-,0
C Prasad (CRC),2019-2019,3,1,2,12,0,-,6,-,0
KTGD Prasad (SL),2011-2011,1,1,3,37,0,-,12.33,-,0
EC Rainsford (ZIM),2010-2010,2,2,6,67,0,-,11.16,-,0
Rashid Khan (NEPAL),2019-2019,1,1,4,19,0,-,4.75,-,0
Robiul Islam (BDESH),2013-2013,1,1,1,13,0,-,13,-,0
R Rohan (SGP),2019-2019,10,1,1,7,0,-,7,-,0
GR Russ (PHI),2019-2019,3,2,3,52,0,-,17.33,-,0
SE Rutherford (WI),2018-2019,3,1,3,28,0,-,9.33,-,0
Saad Nasim (PAK),2014-2014,3,1,1,12,0,-,12,-,0
Sajedul Islam (BDESH),2013-2013,1,1,1,15,0,-,15,-,0
Sakib Hasan (Serb),2019-2019,2,1,1,13,0,-,13,-,0
Saqlain Arshad (QAT),2019-2019,2,1,1,12,0,-,12,-,0
Saqlain Sajib (BDESH),2016-2016,1,1,3.3,40,0,-,11.42,-,0
M Sarenac (Serb),2019-2019,2,1,1,12,0,-,12,-,0
V Sehwag (INDIA),2006-2012,19,1,1,20,0,-,20,-,0
K Senamontree (THAI),2019-2019,2,2,2,29,0,-,14.5,-,0
YSD Seneveratne (Caym),2019-2019,6,2,2,22,0,-,11,-,0
Shabbir Ahmed (PAK),2007-2007,1,1,2,19,0,-,9.5,-,0
JNK Shannon (IRE),2013-2018,8,1,1,11,0,-,11,-,0
Shoaib Gazi Hossain (Chile),2019-2019,4,1,2,23,0,-,11.5,-,0
P Silas (Botsw),2019-2019,4,1,1,21,0,-,21,-,0
KRP Silva (USA),2019-2019,2,1,2,19,0,-,9.5,-,0
M Simmons (BMUDA),2019-2019,2,1,2.1,21,0,-,9.69,-,0
GC Smith (SA),2005-2011,33,3,4,57,0,-,14.25,-,0
RAJ Smith (SCOT),2019-2019,2,2,6.5,66,0,-,9.65,-,0
JN Snape (ENG),2007-2007,1,1,1,12,0,-,12,-,0
Sohaib Maqsood (PAK),2013-2016,20,1,1,12,0,-,12,-,0
Soheel Hussain (Belg),2019-2019,1,1,1,7,0,-,7,-,0
Sohrawordi Shuvo (BDESH),2010-2010,1,1,1,12,0,-,12,-,0
S Sola (Samoa),2019-2019,4,1,1,9,0,-,9,-,0
S Soosiyakumar (),2019-2019,1,1,2,16,0,-,8,-,0
TJ Stephenson (Blz),2019-2019,1,1,1,11,0,-,11,-,0
Suresh Kumar (Peru),2019-2019,2,2,4,35,0,-,8.75,-,0
T Taibu (ZIM),2007-2012,17,2,4,41,0,-,10.25,-,0
Tarun Sharma (Mex),2019-2019,8,1,1,14,0,-,14,-,0
J Thinley (BHU),2019-2019,2,2,3,25,0,-,8.33,-,0
S Tobgay (BHU),2019-2019,2,1,4,50,0,-,12.5,-,0
T Tshose (Botsw),2019-2019,2,1,2,12,0,-,6,-,0
TE Tucker (BMUDA),2008-2008,1,1,2,5,0,-,2.5,-,0
S Tyagi (INDIA),2009-2009,1,1,2,21,0,-,10.5,-,0
HER Tyler (PHI),2019-2019,2,2,6,48,0,-,8,-,0
E Ul Haq (NOR),2019-2019,5,1,0.1,4,0,-,24,-,0
R Ulutuna (TKY),2019-2019,4,1,1,11,0,-,11,-,0
S Vesawkar (NEPAL),2014-2019,17,1,3,25,0,-,8.33,-,0
JK Vifah (Ghana),2019-2019,3,1,1.1,8,0,-,6.85,-,0
M Vijay (INDIA),2010-2015,9,1,2,9,0,-,4.5,-,0
V Vijh (LUX),2019-2019,4,3,7.5,72,0,-,9.19,-,0
Vimal Kumar (PHI),2019-2019,2,1,3,32,0,-,10.66,-,0
MN Waller (ZIM),2011-2018,32,3,5,42,0,-,8.4,-,0
Waqas Ali (Belg),2019-2019,2,1,1,9,0,-,9,-,0
Waqas Khan (HKG),2014-2017,8,1,1,12,0,-,12,-,0
Waqas Raja (Fin),2019-2019,1,1,1,9,0,-,9,-,0
Wasim Ali (OMAN),2019-2019,1,1,2,16,0,-,8,-,0
JW Wilson (NZ),2005-2005,1,1,4,43,0,-,10.75,-,0
Yasir Shah (PAK),2011-2011,2,2,4,39,0,-,9.75,-,0
N Yordanov (),2019-2019,2,1,3,20,0,-,6.66,-,0
Zeeshan Abbas (BAH),2019-2019,1,1,4,20,0,-,5,-,0
Aamer Ikram (PORT),2019-2019,4,-,-,-,-,-,-,-,-
Aarif Sheikh (NEPAL),2018-2019,11,-,-,-,-,-,-,-,-
Z Abbasi (Botsw),2019-2019,1,-,-,-,-,-,-,-,-
Abbas Saad (Saudi),2019-2019,2,-,-,-,-,-,-,-,-
Abdul Rashid (Belg),2019-2019,1,-,-,-,-,-,-,-,-
Abdul Shakoor (UAE),2015-2019,6,-,-,-,-,-,-,-,-
Abdul Shakoor (ROM),2019-2019,2,-,-,-,-,-,-,-,-
Abraash Khan (CAN),2019-2019,7,-,-,-,-,-,-,-,-
Abrar Bilal (Aut),2019-2019,3,-,-,-,-,-,-,-,-
F Achelam (UGA),2019-2019,1,-,-,-,-,-,-,-,-
Abdul Hashmi (DEN),2019-2019,8,-,-,-,-,-,-,-,-
Adil Hanif (BAH),2019-2019,4,-,-,-,-,-,-,-,-
Adnan Ilyas (OMAN),2015-2016,12,-,-,-,-,-,-,-,-
Adnan Mufti (UAE),2017-2017,1,-,-,-,-,-,-,-,-
Afsar Zazai (AFG),2013-2013,1,-,-,-,-,-,-,-,-
P Agnihotri (NOR),2019-2019,2,-,-,-,-,-,-,-,-
RI Ahmed (NL),2015-2015,2,-,-,-,-,-,-,-,-
Ahmed Faiz (MAL),2019-2019,10,-,-,-,-,-,-,-,-
Ahsan Abbasi (HKG),2019-2019,6,-,-,-,-,-,-,-,-
KK Ahuja (Mex),2019-2019,8,-,-,-,-,-,-,-,-
Ainool Hafizs (MAL),2019-2019,3,-,-,-,-,-,-,-,-
Ainool Haqqiem (MAL),2019-2019,4,-,-,-,-,-,-,-,-
PS Airee (NEPAL),2015-2019,11,-,-,-,-,-,-,-,-
C Akyuz (TKY),2019-2019,2,-,-,-,-,-,-,-,-
Ali Ivan (Mald),2019-2019,1,-,-,-,-,-,-,-,-
HS Alta (TKY),2019-2019,4,-,-,-,-,-,-,-,-
TR Ambrose (ENG),2008-2008,1,-,-,-,-,-,-,-,-
Amjad Ali (UAE),2014-2015,5,-,-,-,-,-,-,-,-
Amjad Khan (UAE),2015-2016,4,-,-,-,-,-,-,-,-
HM Amla (SA/World),2009-2018,44,-,-,-,-,-,-,-,-
Anamul Haque (BDESH),2012-2015,13,-,-,-,-,-,-,-,-
Anam Mollik (ITA),2019-2019,2,-,-,-,-,-,-,-,-
Anas Khan (HKG),2014-2014,1,-,-,-,-,-,-,-,-
A Anemogiannis (),2019-2019,1,-,-,-,-,-,-,-,-
B Angeltti (Arg),2019-2019,3,-,-,-,-,-,-,-,-
Anwar Arudin (MAL),2019-2019,12,-,-,-,-,-,-,-,-
SE Aquilina (MALTA),2019-2019,4,-,-,-,-,-,-,-,-
Areeb Quadir (Fin),2019-2019,2,-,-,-,-,-,-,-,-
Z Arinaitwe (UGA),2019-2019,3,-,-,-,-,-,-,-,-
Aritra Dutta (SGP),2019-2019,8,-,-,-,-,-,-,-,-
RP Arnold (SL),2006-2006,1,-,-,-,-,-,-,-,-
P Arora (Mex),2019-2019,2,-,-,-,-,-,-,-,-
Arsalan Arif (Aut),2019-2019,2,-,-,-,-,-,-,-,-
Arslan Ahmed (PORT),2019-2019,3,-,-,-,-,-,-,-,-
Asad Shafiq (PAK),2010-2012,10,-,-,-,-,-,-,-,-
Asif Ali (PAK),2018-2019,25,-,-,-,-,-,-,-,-
Aslam Mohammad (),2019-2019,3,-,-,-,-,-,-,-,-
SK Atai (PNG),2019-2019,2,-,-,-,-,-,-,-,-
MS Atapattu (SL),2006-2006,2,-,-,-,-,-,-,-,-
S Ateak (Ghana),2019-2019,3,-,-,-,-,-,-,-,-
JJ Atkinson (HKG),2014-2016,13,-,-,-,-,-,-,-,-
Awais Ahmed (ESP),2019-2019,9,-,-,-,-,-,-,-,-
Awais Zia (PAK),2012-2014,5,-,-,-,-,-,-,-,-
AJ Ayannaike (NGA),2019-2019,3,-,-,-,-,-,-,-,-
Azyan Farhath (Mald),2019-2019,2,-,-,-,-,-,-,-,-
F Baaleri (Ghana),2019-2019,4,-,-,-,-,-,-,-,-
SJ Baard (NAM),2019-2019,13,-,-,-,-,-,-,-,-
Babar Azam (PAK),2016-2019,36,-,-,-,-,-,-,-,-
Babar Hayat (HKG),2014-2017,24,-,-,-,-,-,-,-,-
S Badrinath (INDIA),2011-2011,1,-,-,-,-,-,-,-,-
A Bagai (CAN),2008-2013,9,-,-,-,-,-,-,-,-
GJ Bailey (AUS/World),2012-2017,30,-,-,-,-,-,-,-,-
JM Bairstow (ENG),2011-2019,34,-,-,-,-,-,-,-,-
R Bakum (Ghana),2019-2019,4,-,-,-,-,-,-,-,-
V Balakrishnan (Botsw),2019-2019,3,-,-,-,-,-,-,-,-
A Balbirnie (IRE),2015-2019,37,-,-,-,-,-,-,-,-
CT Bancroft (AUS),2016-2016,1,-,-,-,-,-,-,-,-
B Banerjee (Mex),2019-2019,6,-,-,-,-,-,-,-,-
T Banton (ENG),2019-2019,3,-,-,-,-,-,-,-,-
AB Barath (WI),2010-2011,2,-,-,-,-,-,-,-,-
J Barker (LUX),2019-2019,4,-,-,-,-,-,-,-,-
LJ Barker (GUE),2019-2019,9,-,-,-,-,-,-,-,-
TC Barker (LUX),2019-2019,4,-,-,-,-,-,-,-,-
P Baron (Arg),2019-2019,5,-,-,-,-,-,-,-,-
MC Bascombe (WI),2011-2011,1,-,-,-,-,-,-,-,-
O Bascome (BMUDA),2019-2019,11,-,-,-,-,-,-,-,-
OO Bascome (BMUDA),2008-2019,3,-,-,-,-,-,-,-,-
TC Bastiampillai (CAN),2010-2010,2,-,-,-,-,-,-,-,-
D Bau (PNG),2017-2017,1,-,-,-,-,-,-,-,-
CS Baugh (WI),2008-2012,3,-,-,-,-,-,-,-,-
T Bavuma (SA),2019-2019,2,-,-,-,-,-,-,-,-
IR Bell (ENG),2006-2014,8,-,-,-,-,-,-,-,-
A Bhagwat (HKG),2019-2019,4,-,-,-,-,-,-,-,-
B Bhandari (NEPAL),2014-2019,27,-,-,-,-,-,-,-,-
M Bhanuka (SL),2019-2019,2,-,-,-,-,-,-,-,-
TS Bharaj (DEN),2019-2019,9,-,-,-,-,-,-,-,-
RA Bhatti (CAN),2012-2012,4,-,-,-,-,-,-,-,-
MP Biddappa (PHI),2019-2019,4,-,-,-,-,-,-,-,-
Bilal Ahmed (Serb),2019-2019,1,-,-,-,-,-,-,-,-
Bilal Tahir (KUW),2019-2019,4,-,-,-,-,-,-,-,-
IS Billcliff (CAN),2010-2010,2,-,-,-,-,-,-,-,-
SW Billings (ENG/ICC),2015-2019,26,-,-,-,-,-,-,-,-
K Birkenstock (NAM),2019-2019,4,-,-,-,-,-,-,-,-
TR Birt (AUS),2010-2012,4,-,-,-,-,-,-,-,-
C Bisson (JER),2019-2019,14,-,-,-,-,-,-,-,-
AM Blignaut (ZIM),2010-2010,1,-,-,-,-,-,-,-,-
TA Blundell (NZ),2017-2018,3,-,-,-,-,-,-,-,-
GH Bodi (SA),2007-2007,1,-,-,-,-,-,-,-,-
LE Bosman (SA),2006-2010,14,-,-,-,-,-,-,-,-
MV Boucher (SA),2005-2010,25,-,-,-,-,-,-,-,-
DM Bravo (WI),2010-2019,20,-,-,-,-,-,-,-,-
JP Bray (IRE),2009-2009,2,-,-,-,-,-,-,-,-
NT Broom (NZ),2009-2017,11,-,-,-,-,-,-,-,-
DG Brownlie (NZ),2010-2014,5,-,-,-,-,-,-,-,-
TC Bruce (NZ),2017-2019,15,-,-,-,-,-,-,-,-
NB Budayair (NEPAL),2014-2014,4,-,-,-,-,-,-,-,-
DE Budge (SCOT),2018-2018,6,-,-,-,-,-,-,-,-
A Bulow (DEN),2019-2019,2,-,-,-,-,-,-,-,-
JC Buttler (ENG),2011-2018,66,-,-,-,-,-,-,-,-
AF Buurman (NL),2010-2010,4,-,-,-,-,-,-,-,-
S Byrne (MALTA),2019-2019,2,-,-,-,-,-,-,-,-
G Caisley (),2019-2019,4,-,-,-,-,-,-,-,-
MA Carberry (ENG),2014-2014,1,-,-,-,-,-,-,-,-
AT Carey (AUS),2018-2019,25,-,-,-,-,-,-,-,-
C Carter (HKG),2015-2017,10,-,-,-,-,-,-,-,-
T Caruana (GIBR),2019-2019,2,-,-,-,-,-,-,-,-
D Cato (Caym),2019-2019,3,-,-,-,-,-,-,-,-
JJ Celestine (BMUDA),2008-2008,3,-,-,-,-,-,-,-,-
RW Chakabva (ZIM),2008-2019,12,-,-,-,-,-,-,-,-
S Chanderpaul (WI),2006-2010,22,-,-,-,-,-,-,-,-
LD Chandimal (SL),2010-2018,54,-,-,-,-,-,-,-,-
VD Chandra (PNM),2019-2019,3,-,-,-,-,-,-,-,-
S Chandramohan (SGP),2019-2019,12,-,-,-,-,-,-,-,-
BB Chari (ZIM),2019-2019,3,-,-,-,-,-,-,-,-
J Charles (WI),2011-2016,34,-,-,-,-,-,-,-,-
G Chaturvedi (MALTA),2019-2019,2,-,-,-,-,-,-,-,-
N Chejay (BHU),2019-2019,1,-,-,-,-,-,-,-,-
C Chete (MWI),2019-2019,2,-,-,-,-,-,-,-,-
VB Chikkannaiah (GER),2019-2019,7,-,-,-,-,-,-,-,-
Chirag Suri (UAE),2018-2019,7,-,-,-,-,-,-,-,-
S Chophel (BHU),2019-2019,1,-,-,-,-,-,-,-,-
DO Christian (WI),2011-2011,2,-,-,-,-,-,-,-,-
I Civric (Serb),2019-2019,1,-,-,-,-,-,-,-,-
GL Cloete (SA),2018-2019,2,-,-,-,-,-,-,-,-
FRJ Coleman (SCOT),2013-2013,1,-,-,-,-,-,-,-,-
LA Collado (GIBR),2019-2019,4,-,-,-,-,-,-,-,-
NG Collins (Fin),2019-2019,5,-,-,-,-,-,-,-,-
AN Cook (ENG),2007-2009,4,-,-,-,-,-,-,-,-
BN Cooper (NL),2013-2019,51,-,-,-,-,-,-,-,-
SJ Cotter (Samoa),2019-2019,4,-,-,-,-,-,-,-,-
CK Coventry (ZIM),2010-2015,13,-,-,-,-,-,-,-,-
MH Cross (SCOT),2013-2019,43,-,-,-,-,-,-,-,-
DDP D'Silva (UAE),2019-2019,10,-,-,-,-,-,-,-,-
D Daesrath (CAN),2013-2013,1,-,-,-,-,-,-,-,-
S Dalton (CZK-R),2019-2019,3,-,-,-,-,-,-,-,-
P Danci (ROM),2019-2019,2,-,-,-,-,-,-,-,-
RR David (CAN),2008-2008,4,-,-,-,-,-,-,-,-
SM Davies (ENG),2009-2011,5,-,-,-,-,-,-,-,-
N Davin (NAM),2019-2019,16,-,-,-,-,-,-,-,-
TB de Bruyn (SA),2017-2017,2,-,-,-,-,-,-,-,-
TN de Grooth (NL),2008-2013,15,-,-,-,-,-,-,-,-
Q de Kock (SA),2012-2019,38,-,-,-,-,-,-,-,-
CJ Delany (GIBR),2019-2019,4,-,-,-,-,-,-,-,-
D de la Puente (Peru),2019-2019,2,-,-,-,-,-,-,-,-
SI de Saram (SL),2009-2009,1,-,-,-,-,-,-,-,-
AB de Villiers (SA),2006-2017,78,-,-,-,-,-,-,-,-
S Dhawan (INDIA),2011-2019,58,-,-,-,-,-,-,-,-
Dhiman Ghosh (BDESH),2008-2008,1,-,-,-,-,-,-,-,-
MS Dhoni (INDIA),2006-2019,98,-,-,-,-,-,-,-,-
N Dickwella (SL),2016-2019,23,-,-,-,-,-,-,-,-
V Dikov (),2019-2019,3,-,-,-,-,-,-,-,-
HH Dippenaar (SA),2006-2006,1,-,-,-,-,-,-,-,-
K Doriga (PNG),2019-2019,17,-,-,-,-,-,-,-,-
JN Dorji (BHU),2019-2019,1,-,-,-,-,-,-,-,-
RM Dorji (BHU),2019-2019,1,-,-,-,-,-,-,-,-
U Dorji (BHU),2019-2019,2,-,-,-,-,-,-,-,-
TM Dowlin (WI),2009-2010,2,-,-,-,-,-,-,-,-
R Dravid (INDIA),2011-2011,1,-,-,-,-,-,-,-,-
BM Duckett (ENG),2019-2019,1,-,-,-,-,-,-,-,-
LA Dunbar (Serb),2019-2019,2,-,-,-,-,-,-,-,-
JSE Dunford (JER),2019-2019,17,-,-,-,-,-,-,-,-
BR Dunk (AUS),2014-2017,5,-,-,-,-,-,-,-,-
J Dunn (VAN),2019-2019,4,-,-,-,-,-,-,-,-
G Dutta (Mex),2019-2019,7,-,-,-,-,-,-,-,-
J Edness (BMUDA),2008-2008,3,-,-,-,-,-,-,-,-
SA Edwards (NL),2018-2019,29,-,-,-,-,-,-,-,-
L Emilio (Moz),2019-2019,5,-,-,-,-,-,-,-,-
C Emmott (Chile),2019-2019,2,-,-,-,-,-,-,-,-
CR Ervine (ZIM),2010-2019,22,-,-,-,-,-,-,-,-
R Escobar (Arg),2019-2019,5,-,-,-,-,-,-,-,-
Fahad Ali (),2019-2019,3,-,-,-,-,-,-,-,-
Faisal Javed (QAT),2019-2019,15,-,-,-,-,-,-,-,-
Faizan Asif (UAE),2014-2015,6,-,-,-,-,-,-,-,-
LB Ferbrache (GUE),2019-2019,9,-,-,-,-,-,-,-,-
A Ferguson (Arg),2019-2019,5,-,-,-,-,-,-,-,-
CJ Ferguson (AUS),2009-2009,3,-,-,-,-,-,-,-,-
BOP Fernando (SL),2019-2019,3,-,-,-,-,-,-,-,-
WIA Fernando (SL),2019-2019,10,-,-,-,-,-,-,-,-
NJ Ferraby (JER),2019-2019,14,-,-,-,-,-,-,-,-
Fiaz Ahmed (BAH),2019-2019,4,-,-,-,-,-,-,-,-
Fida Hussain (ITA),2019-2019,2,-,-,-,-,-,-,-,-
SE Findlay (WI),2008-2008,2,-,-,-,-,-,-,-,-
R Flannigan (SCOT),2012-2012,4,-,-,-,-,-,-,-,-
SP Fleming (NZ),2005-2006,5,-,-,-,-,-,-,-,-
ADS Fletcher (WI),2008-2018,42,-,-,-,-,-,-,-,-
BT Foakes (ENG),2019-2019,1,-,-,-,-,-,-,-,-
CR Foggo (BMUDA),2008-2008,3,-,-,-,-,-,-,-,-
JS Foster (ENG),2009-2009,5,-,-,-,-,-,-,-,-
O Fournier (CRC),2019-2019,2,-,-,-,-,-,-,-,-
TS Fray (BMUDA),2019-2019,10,-,-,-,-,-,-,-,-
JD Freyone (GIBR),2019-2019,4,-,-,-,-,-,-,-,-
PG Fulton (NZ),2006-2012,12,-,-,-,-,-,-,-,-
PF Gallagher (Fin),2019-2019,3,-,-,-,-,-,-,-,-
G Gambhir (INDIA),2007-2012,37,-,-,-,-,-,-,-,-
AR Gandhi (KENYA),2019-2019,3,-,-,-,-,-,-,-,-
D Ganga (WI),2006-2006,1,-,-,-,-,-,-,-,-
Garret Banner (Blz),2019-2019,1,-,-,-,-,-,-,-,-
A Gavde (Caym),2019-2019,1,-,-,-,-,-,-,-,-
R Gaznavi (SGP),2019-2019,2,-,-,-,-,-,-,-,-
Gershon Yusuf (NGA),2019-2019,1,-,-,-,-,-,-,-,-
L Gharasim (ROM),2019-2019,2,-,-,-,-,-,-,-,-
Ghulam Shabber (UAE),2016-2019,17,-,-,-,-,-,-,-,-
HH Gibbs (SA),2005-2010,23,-,-,-,-,-,-,-,-
AC Gilchrist (AUS),2005-2008,13,-,-,-,-,-,-,-,-
O Goker (TKY),2019-2019,1,-,-,-,-,-,-,-,-
LF Goncalves (),2019-2019,3,-,-,-,-,-,-,-,-
DM Gondaria (KENYA),2013-2019,11,-,-,-,-,-,-,-,-
R Goodwin (PHI),2019-2019,4,-,-,-,-,-,-,-,-
M Goonetilleke (MALTA),2019-2019,1,-,-,-,-,-,-,-,-
TG Gordon (CAN),2012-2012,3,-,-,-,-,-,-,-,-
S Goud (CZK-R),2019-2019,1,-,-,-,-,-,-,-,-
ZE Green (NAM),2019-2019,16,-,-,-,-,-,-,-,-
R Gunasekera (CAN),2012-2013,8,-,-,-,-,-,-,-,-
K Gupta (Chile),2019-2019,4,-,-,-,-,-,-,-,-
BJ Haddin (AUS),2006-2014,34,-,-,-,-,-,-,-,-
OJ Hairs (SCOT),2019-2019,8,-,-,-,-,-,-,-,-
AD Hales (ENG),2011-2019,60,-,-,-,-,-,-,-,-
S Hallett (Peru),2019-2019,4,-,-,-,-,-,-,-,-
GM Hamilton (SCOT),2007-2010,12,-,-,-,-,-,-,-,-
Hammad Azam (PAK),2012-2013,5,-,-,-,-,-,-,-,-
Hamza Tariq (CAN),2013-2019,15,-,-,-,-,-,-,-,-
PSP Handscomb (AUS),2019-2019,2,-,-,-,-,-,-,-,-
Haris Sohail (PAK),2013-2019,14,-,-,-,-,-,-,-,-
Hashmatullah Shahidi (AFG),2013-2013,1,-,-,-,-,-,-,-,-
Hassan Rasheed (Mald),2019-2019,8,-,-,-,-,-,-,-,-
C Hauptfleisch (Caym),2019-2019,5,-,-,-,-,-,-,-,-
ML Hayden (AUS),2005-2007,9,-,-,-,-,-,-,-,-
Hazratullah Zazai (AFG),2016-2019,13,-,-,-,-,-,-,-,-
H Helva (TKY),2019-2019,4,-,-,-,-,-,-,-,-
DL Hemp (BMUDA),2008-2008,2,-,-,-,-,-,-,-,-
RR Hendricks (SA),2014-2019,22,-,-,-,-,-,-,-,-
SO Hetmyer (WI),2018-2019,20,-,-,-,-,-,-,-,-
Hilal Ahmad (CZK-R),2019-2019,7,-,-,-,-,-,-,-,-
WW Hinds (WI),2006-2010,5,-,-,-,-,-,-,-,-
SD Hope (WI),2017-2019,13,-,-,-,-,-,-,-,-
GJ Hopkins (NZ),2007-2010,10,-,-,-,-,-,-,-,-
JM How (NZ),2007-2008,5,-,-,-,-,-,-,-,-
PJ Hughes (AUS),2014-2014,1,-,-,-,-,-,-,-,-
DP Hyatt (WI),2011-2012,5,-,-,-,-,-,-,-,-
Ibrahim Zadran (AFG),2019-2019,3,-,-,-,-,-,-,-,-
Imam-ul-Haq (PAK),2019-2019,2,-,-,-,-,-,-,-,-
Imran Ali Butt (BAH),2019-2019,4,-,-,-,-,-,-,-,-
Imran Farhat (PAK),2010-2011,7,-,-,-,-,-,-,-,-
Imran Haider (ROM),2019-2019,2,-,-,-,-,-,-,-,-
Imran Ismail (Moz),2019-2019,7,-,-,-,-,-,-,-,-
Imran Nazir (PAK),2007-2012,25,-,-,-,-,-,-,-,-
Imrul Kayes (BDESH),2010-2017,14,-,-,-,-,-,-,-,-
CA Ingram (SA),2010-2012,9,-,-,-,-,-,-,-,-
PJ Ingram (NZ),2010-2010,3,-,-,-,-,-,-,-,-
Inzamam-ul-Haq (PAK),2006-2006,1,-,-,-,-,-,-,-,-
H Ivanov (),2019-2019,3,-,-,-,-,-,-,-,-
SS Iyer (INDIA),2017-2019,14,-,-,-,-,-,-,-,-
KM Jadhav (INDIA),2015-2017,9,-,-,-,-,-,-,-,-
Jahurul Islam (BDESH),2010-2013,3,-,-,-,-,-,-,-,-
S Jamil (Belg),2019-2019,3,-,-,-,-,-,-,-,-
Javed Ahmadi (AFG),2012-2017,3,-,-,-,-,-,-,-,-
CU Jayasinghe (SL),2009-2010,5,-,-,-,-,-,-,-,-
JW Jenner (JER),2019-2019,17,-,-,-,-,-,-,-,-
JS Jesani (KENYA),2007-2007,1,-,-,-,-,-,-,-,-
K Jethi (CAN),2008-2008,5,-,-,-,-,-,-,-,-
GO Jones (ENG),2005-2006,2,-,-,-,-,-,-,-,-
C Jonker (SA),2018-2018,2,-,-,-,-,-,-,-,-
S Jora (NEPAL),2019-2019,6,-,-,-,-,-,-,-,-
HJ Jordaan (THAI),2019-2019,4,-,-,-,-,-,-,-,-
GJ Joseph (Blz),2019-2019,1,-,-,-,-,-,-,-,-
K Joshi (Aut),2019-2019,4,-,-,-,-,-,-,-,-
EC Joyce (ENG/IRE),2006-2014,18,-,-,-,-,-,-,-,-
Junaid Siddique (BDESH),2007-2012,7,-,-,-,-,-,-,-,-
S Jyoti (CAN),2008-2008,2,-,-,-,-,-,-,-,-
G Kaltongga (VAN),2019-2019,3,-,-,-,-,-,-,-,-
Kamran Akmal (PAK),2006-2017,58,-,-,-,-,-,-,-,-
SHT Kandamby (SL),2008-2011,5,-,-,-,-,-,-,-,-
CK Kapugedera (SL),2006-2017,43,-,-,-,-,-,-,-,-
IA Karim (KENYA),2013-2019,16,-,-,-,-,-,-,-,-
KD Karthik (ICC/INDIA),2006-2019,32,-,-,-,-,-,-,-,-
SM Katich (AUS),2005-2006,3,-,-,-,-,-,-,-,-
I Katzarski (),2019-2019,3,-,-,-,-,-,-,-,-
HB Kayondo (UGA),2019-2019,3,-,-,-,-,-,-,-,-
AN Kervezee (NL),2009-2012,10,-,-,-,-,-,-,-,-
S Keshvani (CAN),2010-2010,2,-,-,-,-,-,-,-,-
RWT Key (ENG),2009-2009,1,-,-,-,-,-,-,-,-
SP Khakurel (NEPAL),2014-2015,8,-,-,-,-,-,-,-,-
Khalid Latif (PAK),2008-2016,13,-,-,-,-,-,-,-,-
UT Khawaja (AUS),2016-2016,9,-,-,-,-,-,-,-,-
Khizer Ahmed (NOR),2019-2019,5,-,-,-,-,-,-,-,-
N Khosla (MALTA),2019-2019,4,-,-,-,-,-,-,-,-
Khurram Manzoor (PAK),2016-2016,3,-,-,-,-,-,-,-,-
Khurram Nawaz (OMAN),2017-2019,18,-,-,-,-,-,-,-,-
Khushdil Shah (PAK),2019-2019,1,-,-,-,-,-,-,-,-
C Kieswetter (ENG),2010-2012,25,-,-,-,-,-,-,-,-
TCR Kimber (GUE),2019-2019,3,-,-,-,-,-,-,-,-
BA King (WI),2019-2019,6,-,-,-,-,-,-,-,-
NR Kirton (CAN),2019-2019,5,-,-,-,-,-,-,-,-
H Klaasen (SA),2018-2019,9,-,-,-,-,-,-,-,-
M Klinger (AUS),2017-2017,3,-,-,-,-,-,-,-,-
EB Knowles (CZK-R),2019-2019,7,-,-,-,-,-,-,-,-
MF Koc (TKY),2019-2019,2,-,-,-,-,-,-,-,-
JP Kotze (NAM),2019-2019,12,-,-,-,-,-,-,-,-
HG Kuhn (SA),2009-2017,7,-,-,-,-,-,-,-,-
HGJM Kulatunga (SL),2008-2008,2,-,-,-,-,-,-,-,-
Kuldeep Singh (PHI),2019-2019,4,-,-,-,-,-,-,-,-
T Langa (VAN),2019-2019,1,-,-,-,-,-,-,-,-
TWM Latham (NZ),2012-2017,13,-,-,-,-,-,-,-,-
RE Levi (SA),2012-2012,13,-,-,-,-,-,-,-,-
E Lewis (WI),2016-2019,29,-,-,-,-,-,-,-,-
Liton Das (BDESH),2015-2019,25,-,-,-,-,-,-,-,-
LS Livingstone (ENG),2017-2017,2,-,-,-,-,-,-,-,-
K Loday (BHU),2019-2019,1,-,-,-,-,-,-,-,-
L Louwrens (NAM),2019-2019,1,-,-,-,-,-,-,-,-
MJ Lumb (ENG),2010-2014,27,-,-,-,-,-,-,-,-
CA Lynn (AUS),2014-2018,18,-,-,-,-,-,-,-,-
NFI McCallum (SCOT),2007-2010,11,-,-,-,-,-,-,-,-
BB McCullum (NZ),2005-2015,71,-,-,-,-,-,-,-,-
BR McDermott (AUS),2018-2019,12,-,-,-,-,-,-,-,-
PD McGlashan (NZ),2006-2010,11,-,-,-,-,-,-,-,-
ND McKenzie (SA),2006-2009,2,-,-,-,-,-,-,-,-
CD McMillan (NZ),2005-2007,8,-,-,-,-,-,-,-,-
NJ Maddinson (AUS),2013-2018,6,-,-,-,-,-,-,-,-
RP Magar (NEPAL),2014-2015,6,-,-,-,-,-,-,-,-
JN Malan (SA),2019-2019,2,-,-,-,-,-,-,-,-
JS Malhotra (USA),2019-2019,6,-,-,-,-,-,-,-,-
G Malla (NEPAL),2014-2019,24,-,-,-,-,-,-,-,-
Mamoon Latif (Belg),2019-2019,3,-,-,-,-,-,-,-,-
G Manan (ROM),2019-2019,3,-,-,-,-,-,-,-,-
AK Mandal (NEPAL),2015-2015,2,-,-,-,-,-,-,-,-
Mandeep Singh (INDIA),2016-2016,3,-,-,-,-,-,-,-,-
A Manousis (),2019-2019,3,-,-,-,-,-,-,-,-
Manpreet Singh (ITA),2019-2019,8,-,-,-,-,-,-,-,-
Manpreet Singh (SGP),2019-2019,12,-,-,-,-,-,-,-,-
AK Markram (SA),2019-2019,2,-,-,-,-,-,-,-,-
SE Marsh (AUS),2008-2016,15,-,-,-,-,-,-,-,-
HJH Marshall (NZ),2005-2006,3,-,-,-,-,-,-,-,-
JAH Marshall (NZ),2005-2008,3,-,-,-,-,-,-,-,-
XM Marshall (USA/WI),2008-2019,13,-,-,-,-,-,-,-,-
DR Martyn (AUS),2005-2006,4,-,-,-,-,-,-,-,-
I Master (Botsw),2019-2019,2,-,-,-,-,-,-,-,-
V Mbazo (Botsw),2019-2019,4,-,-,-,-,-,-,-,-
RD McCann (IRE),2012-2012,3,-,-,-,-,-,-,-,-
SS McKechnie (HKG),2019-2019,10,-,-,-,-,-,-,-,-
GP Meade (ITA),2019-2019,8,-,-,-,-,-,-,-,-
M Meade (Chile),2019-2019,1,-,-,-,-,-,-,-,-
J Mees (LUX),2019-2019,3,-,-,-,-,-,-,-,-
AS Mehmi (),2019-2019,3,-,-,-,-,-,-,-,-
BKG Mendis (SL),2016-2019,24,-,-,-,-,-,-,-,-
JH Mensah (Ghana),2019-2019,2,-,-,-,-,-,-,-,-
Mian Mehmood (PORT),2019-2019,4,-,-,-,-,-,-,-,-
Michael Nazir (MALTA),2019-2019,1,-,-,-,-,-,-,-,-
DA Miller (SA/World),2010-2019,72,-,-,-,-,-,-,-,-
Mirza Ahsan (Aut),2019-2019,5,-,-,-,-,-,-,-,-
Misbah-ul-Haq (PAK),2007-2012,39,-,-,-,-,-,-,-,-
Mohamed Azzam (Mald),2019-2019,7,-,-,-,-,-,-,-,-
Mohamed Rishwan (Mald),2019-2019,11,-,-,-,-,-,-,-,-
Mohammad Amin (KUW),2019-2019,4,-,-,-,-,-,-,-,-
Mohammad Iqbal (CAN),2008-2008,3,-,-,-,-,-,-,-,-
Mohammad Mithun (BDESH),2014-2019,14,-,-,-,-,-,-,-,-
Mohammad Naim (BDESH),2019-2019,3,-,-,-,-,-,-,-,-
Mohammad Qazi (CAN),2008-2008,1,-,-,-,-,-,-,-,-
Mohammed Rizlan (QAT),2019-2019,15,-,-,-,-,-,-,-,-
Mohammad Rizwan (PAK),2015-2019,16,-,-,-,-,-,-,-,-
Mohammad Salman (PAK),2011-2011,1,-,-,-,-,-,-,-,-
Mohammad Shahzad (AFG),2010-2018,65,-,-,-,-,-,-,-,-
Mohammad Yousuf (PAK),2006-2010,3,-,-,-,-,-,-,-,-
Mohammed Nurji (MWI),2019-2019,6,-,-,-,-,-,-,-,-
AK Mohan (Fin),2019-2019,5,-,-,-,-,-,-,-,-
GMC Mol (NL),2008-2008,1,-,-,-,-,-,-,-,-
D Mongia (INDIA),2006-2006,1,-,-,-,-,-,-,-,-
PJ Moor (ZIM),2016-2019,21,-,-,-,-,-,-,-,-
VV Morea (PNG),2015-2017,5,-,-,-,-,-,-,-,-
EJG Morgan (ENG),2009-2019,86,-,-,-,-,-,-,-,-
RS Morton (WI),2006-2010,7,-,-,-,-,-,-,-,-
M Mosehle (SA),2017-2017,7,-,-,-,-,-,-,-,-
K Motlhanka (Botsw),2019-2019,7,-,-,-,-,-,-,-,-
Muaviath Ganee (Mald),2019-2019,5,-,-,-,-,-,-,-,-
Mudassar Muhammad (GER),2019-2019,7,-,-,-,-,-,-,-,-
Muhammad Amir (MAL),2019-2019,1,-,-,-,-,-,-,-,-
Muhammad Awais (),2019-2019,3,-,-,-,-,-,-,-,-
Muhammad Hamayun (Saudi),2019-2019,4,-,-,-,-,-,-,-,-
Muhammad Kaleem (UAE),2016-2016,9,-,-,-,-,-,-,-,-
Muhammad Khurram (MWI),2019-2019,5,-,-,-,-,-,-,-,-
Muhammad Usman (UAE),2016-2019,34,-,-,-,-,-,-,-,-
Mukhtar Ahmed (PAK),2015-2015,6,-,-,-,-,-,-,-,-
Mukhtiar Singh (ESP),2019-2019,2,-,-,-,-,-,-,-,-
AA Mulla (CAN),2008-2008,4,-,-,-,-,-,-,-,-
Munir Dar (HKG),2014-2014,2,-,-,-,-,-,-,-,-
C Munoz-Mills (ESP),2019-2019,9,-,-,-,-,-,-,-,-
HG Munsey (SCOT),2015-2019,38,-,-,-,-,-,-,-,-
G Murali (CRC),2019-2019,3,-,-,-,-,-,-,-,-
D Murphy (SCOT),2013-2013,4,-,-,-,-,-,-,-,-
TK Musakanda (ZIM),2018-2018,6,-,-,-,-,-,-,-,-
Mushfiqur Rahim (BDESH),2006-2019,84,-,-,-,-,-,-,-,-
P Mustard (ENG),2008-2008,2,-,-,-,-,-,-,-,-
F Mutizwa (ZIM),2011-2012,3,-,-,-,-,-,-,-,-
R Mutumbami (ZIM),2015-2019,22,-,-,-,-,-,-,-,-
M Mwamadi (MWI),2019-2019,3,-,-,-,-,-,-,-,-
SJ Myburgh (NL),2012-2019,33,-,-,-,-,-,-,-,-
Nadif Chowdhury (BDESH),2006-2007,3,-,-,-,-,-,-,-,-
Najeeb Tarakai (AFG),2014-2019,12,-,-,-,-,-,-,-,-
Najibullah Zadran (AFG),2012-2019,57,-,-,-,-,-,-,-,-
Naseem Khushi (OMAN),2017-2019,10,-,-,-,-,-,-,-,-
Nasir Jamshed (PAK),2012-2013,18,-,-,-,-,-,-,-,-
Nauman Anwar (PAK),2015-2015,1,-,-,-,-,-,-,-,-
Nawazish Jezuli (Saudi),2019-2019,1,-,-,-,-,-,-,-,-
Nazimuddin (BDESH),2007-2008,7,-,-,-,-,-,-,-,-
Najmul Hossain Shanto (BDESH),2019-2019,2,-,-,-,-,-,-,-,-
Nazmus Sadat (BDESH),2006-2006,1,-,-,-,-,-,-,-,-
Nazwan Ismail (Mald),2019-2019,3,-,-,-,-,-,-,-,-
PM Nevill (AUS),2016-2016,9,-,-,-,-,-,-,-,-
OE Newey (GUE),2019-2019,7,-,-,-,-,-,-,-,-
HM Nicholls (NZ),2016-2019,5,-,-,-,-,-,-,-,-
G Nikitas (),2019-2019,2,-,-,-,-,-,-,-,-
PA Nixon (ENG),2007-2007,1,-,-,-,-,-,-,-,-
ML Nkala (ZIM),2006-2006,1,-,-,-,-,-,-,-,-
F Nkhoma (MWI),2019-2019,4,-,-,-,-,-,-,-,-
Noor Ali Zadran (AFG),2010-2017,20,-,-,-,-,-,-,-,-
Noor Momand (Belg),2019-2019,2,-,-,-,-,-,-,-,-
MJ North (AUS),2009-2009,1,-,-,-,-,-,-,-,-
Nurul Hasan (BDESH),2016-2017,9,-,-,-,-,-,-,-,-
AA Obanda (KENYA),2007-2019,30,-,-,-,-,-,-,-,-
NJ O'Brien (IRE),2008-2016,30,-,-,-,-,-,-,-,-
DO Obuya (KENYA),2007-2012,10,-,-,-,-,-,-,-,-
NV Ojha (INDIA),2010-2010,2,-,-,-,-,-,-,-,-
AA Onikoyi (NGA),2019-2019,9,-,-,-,-,-,-,-,-
CN Onwuzulike (NGA),2019-2019,9,-,-,-,-,-,-,-,-
KO Otieno (KENYA),2008-2008,4,-,-,-,-,-,-,-,-
A Otwani (UGA),2019-2019,4,-,-,-,-,-,-,-,-
MA Ouma (KENYA),2007-2013,22,-,-,-,-,-,-,-,-
SD Outerbridge (BMUDA),2008-2008,3,-,-,-,-,-,-,-,-
Ovais Yousof (NGA),2019-2019,3,-,-,-,-,-,-,-,-
VS Padhaal (Fin),2019-2019,5,-,-,-,-,-,-,-,-
TD Paine (AUS/World),2009-2017,12,-,-,-,-,-,-,-,-
K Pala (PNG),2015-2015,2,-,-,-,-,-,-,-,-
I Pandey (NEPAL),2019-2019,4,-,-,-,-,-,-,-,-
MK Pandey (INDIA),2015-2019,32,-,-,-,-,-,-,-,-
RR Pant (INDIA),2017-2019,26,-,-,-,-,-,-,-,-
AE Paraam (SGP),2019-2019,3,-,-,-,-,-,-,-,-
BA Parchment (WI),2007-2007,1,-,-,-,-,-,-,-,-
M Patel (PNM),2019-2019,2,-,-,-,-,-,-,-,-
M Patel (Chile),2019-2019,3,-,-,-,-,-,-,-,-
MD Patel (USA),2019-2019,8,-,-,-,-,-,-,-,-
PA Patel (INDIA),2011-2011,2,-,-,-,-,-,-,-,-
RN Patel (KENYA),2019-2019,2,-,-,-,-,-,-,-,-
SP Patil (UAE),2014-2016,18,-,-,-,-,-,-,-,-
RK Paudel (NEPAL),2019-2019,11,-,-,-,-,-,-,-,-
BBJL Perera (ITA),2019-2019,8,-,-,-,-,-,-,-,-
MDKJ Perera (SL),2013-2019,42,-,-,-,-,-,-,-,-
SL Perera (Ghana),2019-2019,2,-,-,-,-,-,-,-,-
WKD Perkins (WI),2008-2008,1,-,-,-,-,-,-,-,-
AN Petersen (SA),2010-2010,2,-,-,-,-,-,-,-,-
T Phaswana (Botsw),2019-2019,1,-,-,-,-,-,-,-,-
GD Phillips (NZ),2017-2018,11,-,-,-,-,-,-,-,-
R Pillai (GER),2019-2019,6,-,-,-,-,-,-,-,-
LA Pomersbach (AUS),2007-2007,1,-,-,-,-,-,-,-,-
RT Ponting (AUS),2005-2009,17,-,-,-,-,-,-,-,-
NS Poonia (SCOT),2007-2010,8,-,-,-,-,-,-,-,-
N Pooran (WI),2016-2019,16,-,-,-,-,-,-,-,-
WTS Porterfield (IRE),2008-2018,61,-,-,-,-,-,-,-,-
VRCF Poubel (),2019-2019,3,-,-,-,-,-,-,-,-
A Poulose (OMAN),2017-2017,3,-,-,-,-,-,-,-,-
KOA Powell (WI),2014-2014,1,-,-,-,-,-,-,-,-
AD Poynter (IRE),2012-2016,19,-,-,-,-,-,-,-,-
SW Poynter (IRE),2015-2019,25,-,-,-,-,-,-,-,-
H Pragji (Botsw),2019-2019,4,-,-,-,-,-,-,-,-
AG Prince (SA),2005-2005,1,-,-,-,-,-,-,-,-
MJ Prior (ENG),2007-2010,10,-,-,-,-,-,-,-,-
SMA Priyanjan (SL),2017-2017,3,-,-,-,-,-,-,-,-
Qalandar Khan (QAT),2019-2019,4,-,-,-,-,-,-,-,-
S Qeshile (SA),2019-2019,2,-,-,-,-,-,-,-,-
Raees Ahmadzai (AFG),2010-2010,8,-,-,-,-,-,-,-,-
Rafatullah Mohmand (PAK),2015-2015,3,-,-,-,-,-,-,-,-
AM Rahane (INDIA),2011-2016,20,-,-,-,-,-,-,-,-
Rahmanullah Gurbaz (AFG),2019-2019,7,-,-,-,-,-,-,-,-
Rahman Ademi (Serb),2019-2019,2,-,-,-,-,-,-,-,-
KL Rahul (INDIA),2016-2019,34,-,-,-,-,-,-,-,-
PBB Rajapaksa (SL),2019-2019,5,-,-,-,-,-,-,-,-
D Ramdin (WI),2006-2019,71,-,-,-,-,-,-,-,-
Rameez Raja (2) (PAK),2011-2011,2,-,-,-,-,-,-,-,-
Rameez Shahzad (UAE),2016-2019,22,-,-,-,-,-,-,-,-
Aminuddin Ramly (MAL),2019-2019,10,-,-,-,-,-,-,-,-
DA Rankin (IRE),2015-2016,2,-,-,-,-,-,-,-,-
Raqibul Hasan (BDESH),2008-2010,5,-,-,-,-,-,-,-,-
Ravinderpal Singh (CAN),2019-2019,12,-,-,-,-,-,-,-,-
AT Rayudu (INDIA),2014-2016,6,-,-,-,-,-,-,-,-
Razmal Shigiwal (Aut),2019-2019,4,-,-,-,-,-,-,-,-
CMW Read (ENG),2006-2006,1,-,-,-,-,-,-,-,-
NJ Reardon (AUS),2014-2014,2,-,-,-,-,-,-,-,-
DJ Reekers (NL),2008-2009,6,-,-,-,-,-,-,-,-
Rehman Abdul (ITA),2019-2019,7,-,-,-,-,-,-,-,-
FL Reifer (WI),2009-2009,1,-,-,-,-,-,-,-,-
ACL Richards (WI),2007-2007,1,-,-,-,-,-,-,-,-
DM Richards (WI),2009-2009,1,-,-,-,-,-,-,-,-
MJ Richardson (GER),2019-2019,3,-,-,-,-,-,-,-,-
CP Rizwan (UAE),2019-2019,5,-,-,-,-,-,-,-,-
Rizwan Mahmood (DEN),2019-2019,5,-,-,-,-,-,-,-,-
BJ Rohrer (AUS),2013-2013,1,-,-,-,-,-,-,-,-
L Ronchi (AUS/ICC/NZ),2008-2018,33,-,-,-,-,-,-,-,-
Rony Talukdar (BDESH),2015-2015,1,-,-,-,-,-,-,-,-
RR Rossouw (SA),2014-2016,15,-,-,-,-,-,-,-,-
JJ Roy (ENG),2014-2018,32,-,-,-,-,-,-,-,-
JA Rudolph (SA),2006-2006,1,-,-,-,-,-,-,-,-
RJMGM Rupasinghe (SL),2009-2009,2,-,-,-,-,-,-,-,-
HD Rutherford (NZ),2013-2019,8,-,-,-,-,-,-,-,-
VM Sachdev (PNM),2019-2019,2,-,-,-,-,-,-,-,-
AK Sah (NEPAL),2018-2018,1,-,-,-,-,-,-,-,-
Sahibzada Farhan (PAK),2018-2018,3,-,-,-,-,-,-,-,-
Sajid Cheema (Saudi),2019-2019,5,-,-,-,-,-,-,-,-
J Salazar (Peru),2019-2019,2,-,-,-,-,-,-,-,-
Salman Butt (PAK),2007-2010,24,-,-,-,-,-,-,-,-
S Samarawickrama (SL),2017-2019,7,-,-,-,-,-,-,-,-
BA Sambo (Moz),2019-2019,2,-,-,-,-,-,-,-,-
SV Samson (INDIA),2015-2015,1,-,-,-,-,-,-,-,-
R Sandaruwan (KUW),2019-2019,10,-,-,-,-,-,-,-,-
KC Sangakkara (SL),2006-2014,56,-,-,-,-,-,-,-,-
Saqlain Haider (UAE),2016-2016,6,-,-,-,-,-,-,-,-
Sarfaraz Ahmed (PAK),2010-2019,58,-,-,-,-,-,-,-,-
A Sarma (GER),2019-2019,3,-,-,-,-,-,-,-,-
JOP Scamans (Fin),2019-2019,2,-,-,-,-,-,-,-,-
JD Schoonheim (NL),2008-2008,1,-,-,-,-,-,-,-,-
TL Seifert (NZ),2018-2019,19,-,-,-,-,-,-,-,-
Shabir Noori (AFG),2012-2012,1,-,-,-,-,-,-,-,-
Shafiqullah (AFG),2010-2019,46,-,-,-,-,-,-,-,-
Shafiq Sharif (MAL),2019-2019,10,-,-,-,-,-,-,-,-
Shafraz Jaleel (Mald),2019-2019,4,-,-,-,-,-,-,-,-
OA Shah (ENG),2007-2009,17,-,-,-,-,-,-,-,-
Shahbaz Badar (BAH),2019-2019,3,-,-,-,-,-,-,-,-
Shaheryar Butt (Belg),2019-2019,3,-,-,-,-,-,-,-,-
Shahid Wasif (HKG),2016-2019,9,-,-,-,-,-,-,-,-
Shahriar Nafees (BDESH),2006-2006,1,-,-,-,-,-,-,-,-
Shahzaib Hasan (PAK),2009-2010,10,-,-,-,-,-,-,-,-
Shaiman Anwar (UAE),2014-2019,32,-,-,-,-,-,-,-,-
Shakeel Ansar (PAK),2012-2012,2,-,-,-,-,-,-,-,-
Shamsudheen Purat (Saudi),2019-2019,3,-,-,-,-,-,-,-,-
Shamsur Rahman (BDESH),2013-2014,9,-,-,-,-,-,-,-,-
Sharjeel Khan (PAK),2013-2016,15,-,-,-,-,-,-,-,-
D Sheeli (KUW),2019-2019,3,-,-,-,-,-,-,-,-
V Shetty (UAE),2014-2014,2,-,-,-,-,-,-,-,-
Shoaib Khan jnr (PAK),2008-2008,4,-,-,-,-,-,-,-,-
V Sibanda (ZIM),2007-2016,26,-,-,-,-,-,-,-,-
Simandeep Singh (HKG),2019-2019,7,-,-,-,-,-,-,-,-
Simranjit Singh (ITA),2019-2019,1,-,-,-,-,-,-,-,-
MS Sinclair (NZ),2005-2007,2,-,-,-,-,-,-,-,-
H Singh (GER),2019-2019,7,-,-,-,-,-,-,-,-
S Singh (PORT),2019-2019,1,-,-,-,-,-,-,-,-
JR Singleton (),2019-2019,3,-,-,-,-,-,-,-,-
RM Siri (Arg),2019-2019,4,-,-,-,-,-,-,-,-
CJO Smith (SCOT),2007-2009,8,-,-,-,-,-,-,-,-
DS Smith (WI),2007-2009,6,-,-,-,-,-,-,-,-
S Smith (BMUDA),2019-2019,5,-,-,-,-,-,-,-,-
SJS Smith (SCOT),2010-2012,5,-,-,-,-,-,-,-,-
J Smits (NL),2008-2009,6,-,-,-,-,-,-,-,-
S Sohal (USA),2019-2019,3,-,-,-,-,-,-,-,-
M Sohel Patel (PNM),2019-2019,2,-,-,-,-,-,-,-,-
VS Solanki (ENG),2005-2007,3,-,-,-,-,-,-,-,-
ES Soto (CRC),2019-2019,1,-,-,-,-,-,-,-,-
L Sreekumar (UAE),2017-2017,1,-,-,-,-,-,-,-,-
H Srinivasan (GER),2019-2019,1,-,-,-,-,-,-,-,-
AJ Staal (NL),2019-2019,9,-,-,-,-,-,-,-,-
BS Stephenson (Blz),2019-2019,3,-,-,-,-,-,-,-,-
MWR Stokes (GUE),2019-2019,9,-,-,-,-,-,-,-,-
F Stoman (PORT),2019-2019,4,-,-,-,-,-,-,-,-
AJ Strauss (ENG),2005-2009,4,-,-,-,-,-,-,-,-
GM Strydom (Caym),2019-2019,6,-,-,-,-,-,-,-,-
R Strydom (IRE),2008-2008,4,-,-,-,-,-,-,-,-
Sultan Ahmed (OMAN),2015-2017,17,-,-,-,-,-,-,-,-
Sumair Khan (MALTA),2019-2019,1,-,-,-,-,-,-,-,-
Suraj Kumar (OMAN),2019-2019,13,-,-,-,-,-,-,-,-
ZE Surkari (CAN),2008-2008,4,-,-,-,-,-,-,-,-
K Suttisan (THAI),2019-2019,2,-,-,-,-,-,-,-,-
P Syafiq Ali (MAL),2019-2019,2,-,-,-,-,-,-,-,-
ES Szwarczynski (NL),2008-2013,14,-,-,-,-,-,-,-,-
Talha Khan (GER),2019-2019,1,-,-,-,-,-,-,-,-
Tamim Iqbal (BDESH/ICC/World),2007-2018,75,-,-,-,-,-,-,-,-
R Tari (VAN),2019-2019,14,-,-,-,-,-,-,-,-
LRPL Taylor (NZ),2006-2019,95,-,-,-,-,-,-,-,-
HT Tector (IRE),2019-2019,14,-,-,-,-,-,-,-,-
VE Tembo (Moz),2019-2019,6,-,-,-,-,-,-,-,-
SP Terry (IRE),2016-2016,1,-,-,-,-,-,-,-,-
H Thaker (CAN),2019-2019,1,-,-,-,-,-,-,-,-
WU Tharanga (SL),2006-2018,26,-,-,-,-,-,-,-,-
HDRL Thirimanne (SL),2012-2016,26,-,-,-,-,-,-,-,-
DC Thomas (WI),2009-2013,3,-,-,-,-,-,-,-,-
RA Thomas (CAN),2019-2019,8,-,-,-,-,-,-,-,-
GJ Thompson (IRE),2016-2019,10,-,-,-,-,-,-,-,-
MK Tiwary (INDIA),2011-2012,3,-,-,-,-,-,-,-,-
C Tommy (VAN),2019-2019,12,-,-,-,-,-,-,-,-
OFJ Tonuu (Samoa),2019-2019,4,-,-,-,-,-,-,-,-
ME Trescothick (ENG),2005-2006,3,-,-,-,-,-,-,-,-
A Tripathi (Mex),2019-2019,3,-,-,-,-,-,-,-,-
IJL Trott (ENG),2007-2010,7,-,-,-,-,-,-,-,-
LJ Tucker (IRE),2016-2019,14,-,-,-,-,-,-,-,-
ML Udawatte (SL),2008-2017,8,-,-,-,-,-,-,-,-
T Ulutuna (TKY),2019-2019,3,-,-,-,-,-,-,-,-
J Umanath (Mex),2019-2019,7,-,-,-,-,-,-,-,-
Umar Akmal (PAK),2009-2019,84,-,-,-,-,-,-,-,-
Umar Amin (PAK),2013-2018,14,-,-,-,-,-,-,-,-
TP Ura (PNG),2015-2019,23,-,-,-,-,-,-,-,-
Usman Ghani (AFG),2015-2019,19,-,-,-,-,-,-,-,-
Usman Limbada (CAN),2010-2013,7,-,-,-,-,-,-,-,-
Usman Mushtaq (UAE),2016-2016,3,-,-,-,-,-,-,-,-
Usman Waheed (KUW),2019-2019,6,-,-,-,-,-,-,-,-
RV Uthappa (INDIA),2007-2015,13,-,-,-,-,-,-,-,-
HE van der Dussen (SA),2018-2019,9,-,-,-,-,-,-,-,-
VB van Jaarsveld (SA),2009-2009,3,-,-,-,-,-,-,-,-
MN van Wyk (SA),2007-2015,8,-,-,-,-,-,-,-,-
S Varathappan (KUW),2019-2019,3,-,-,-,-,-,-,-,-
JNT Vare (PNG),2015-2017,8,-,-,-,-,-,-,-,-
MP Vaughan (ENG),2005-2007,2,-,-,-,-,-,-,-,-
G Venkateswaran (LUX),2019-2019,3,-,-,-,-,-,-,-,-
Vikramjit Singh (NL),2019-2019,1,-,-,-,-,-,-,-,-
DJ Vilas (SA),2012-2012,1,-,-,-,-,-,-,-,-
JM Vince (ENG),2015-2019,12,-,-,-,-,-,-,-,-
L Vincent (NZ),2006-2007,9,-,-,-,-,-,-,-,-
Vinod Kumar (ESP),2019-2019,3,-,-,-,-,-,-,-,-
J Vira (VAN),2019-2019,14,-,-,-,-,-,-,-,-
TP Visee (NL),2015-2019,27,-,-,-,-,-,-,-,-
Vishal Ahir (PNM),2019-2019,1,-,-,-,-,-,-,-,-
R Vishwanath (LUX),2019-2019,2,-,-,-,-,-,-,-,-
KDK Vithanage (SL),2014-2016,3,-,-,-,-,-,-,-,-
MS Wade (AUS),2011-2016,26,-,-,-,-,-,-,-,-
CD Wallace (SCOT),2012-2019,19,-,-,-,-,-,-,-,-
CAK Walton (WI),2014-2018,19,-,-,-,-,-,-,-,-
T Wangchuk jnr (BHU),2019-2019,2,-,-,-,-,-,-,-,-
DA Warner (AUS),2009-2019,76,-,-,-,-,-,-,-,-
VS Wategaonkar (OMAN),2016-2016,2,-,-,-,-,-,-,-,-
BJ Watling (NZ),2009-2014,5,-,-,-,-,-,-,-,-
DF Watts (SCOT),2007-2012,11,-,-,-,-,-,-,-,-
D Weston (GER),2019-2019,6,-,-,-,-,-,-,-,-
SA Wijeyeratne (CAN),2019-2019,2,-,-,-,-,-,-,-,-
OR Willis (Caym),2019-2019,3,-,-,-,-,-,-,-,-
GC Wilson (IRE),2008-2019,78,-,-,-,-,-,-,-,-
AS Wright (GUE),2019-2019,8,-,-,-,-,-,-,-,-
Yasar Idrees (KUW),2019-2019,1,-,-,-,-,-,-,-,-
KJ Young (Blz),2019-2019,3,-,-,-,-,-,-,-,-
Zaheer Ibrahim (QAT),2019-2019,13,-,-,-,-,-,-,-,-
Zakir Hasan (BDESH),2018-2018,1,-,-,-,-,-,-,-,-
Zameer Khan (DEN),2019-2019,2,-,-,-,-,-,-,-,-
Zeeshan Siddiqui (OMAN),2015-2015,5,-,-,-,-,-,-,-,-
Ziaur Rehman (Fin),2019-2019,1,-,-,-,-,-,-,-,-
Zishan Shah (DEN),2019-2019,6,-,-,-,-,-,-,-,-
Zubaidi Zulkifle (MAL),2019-2019,4,-,-,-,-,-,-,-,-
B Zuiderent (NL),2009-2010,6,-,-,-,-,-,-,-,-
Zulqarnain Haider (PAK),2007-2010,3,-,-,-,-,-,-,-,-
